departamento,anio,sexo,grupo_etario,heridos
AMAZONAS,2008,MASCULINO,MENOR DE 18 AÑOS,60
AMAZONAS,2008,MASCULINO,MAYOR DE 18 AÑOS,189
AMAZONAS,2008,FEMENINO,MENOR DE 18 AÑOS,10
AMAZONAS,2008,FEMENINO,MAYOR DE 18 AÑOS,75
AMAZONAS,2009,MASCULINO,MENOR DE 18 AÑOS,52
AMAZONAS,2009,MASCULINO,MAYOR DE 18 AÑOS,242
AMAZONAS,2009,FEMENINO,MENOR DE 18 AÑOS,16
AMAZONAS,2009,FEMENINO,MAYOR DE 18 AÑOS,100
AMAZONAS,2010,MASCULINO,DE 0 A 5 AÑOS,0
AMAZONAS,2010,MASCULINO,DE 6 A 12 AÑOS,5
AMAZONAS,2010,MASCULINO,DE 13 A 18 AÑOS,35
AMAZONAS,2010,MASCULINO,DE 19 A 25 AÑOS,69
AMAZONAS,2010,MASCULINO,DE 26 A 60 AÑOS,43
AMAZONAS,2010,MASCULINO,DE 60 A MÁS AÑOS,1
AMAZONAS,2010,FEMENINO,DE 0 A 5 AÑOS,1
AMAZONAS,2010,FEMENINO,DE 6 A 12 AÑOS,1
AMAZONAS,2010,FEMENINO,DE 13 A 18 AÑOS,1
AMAZONAS,2010,FEMENINO,DE 19 A 25 AÑOS,7
AMAZONAS,2010,FEMENINO,DE 26 A 60 AÑOS,20
AMAZONAS,2010,FEMENINO,DE 60 A MÁS AÑOS,3
AMAZONAS,2011,MASCULINO,DE 0 A 5 AÑOS,0
AMAZONAS,2011,MASCULINO,DE 6 A 12 AÑOS,4
AMAZONAS,2011,MASCULINO,DE 13 A 18 AÑOS,60
AMAZONAS,2011,MASCULINO,DE 19 A 25 AÑOS,131
AMAZONAS,2011,MASCULINO,DE 26 A 60 AÑOS,155
AMAZONAS,2011,MASCULINO,DE 60 A MÁS AÑOS,19
AMAZONAS,2011,FEMENINO,DE 0 A 5 AÑOS,0
AMAZONAS,2011,FEMENINO,DE 6 A 12 AÑOS,3
AMAZONAS,2011,FEMENINO,DE 13 A 18 AÑOS,35
AMAZONAS,2011,FEMENINO,DE 19 A 25 AÑOS,57
AMAZONAS,2011,FEMENINO,DE 26 A 60 AÑOS,27
AMAZONAS,2011,FEMENINO,DE 60 A MÁS AÑOS,2
AMAZONAS,2012,MASCULINO,DE 0 A 5 AÑOS,5
AMAZONAS,2012,MASCULINO,DE 6 A 12 AÑOS,4
AMAZONAS,2012,MASCULINO,DE 13 A 18 AÑOS,49
AMAZONAS,2012,MASCULINO,DE 19 A 25 AÑOS,159
AMAZONAS,2012,MASCULINO,DE 26 A 60 AÑOS,119
AMAZONAS,2012,MASCULINO,DE 60 A MÁS AÑOS,29
AMAZONAS,2012,FEMENINO,DE 0 A 5 AÑOS,2
AMAZONAS,2012,FEMENINO,DE 6 A 12 AÑOS,4
AMAZONAS,2012,FEMENINO,DE 13 A 18 AÑOS,10
AMAZONAS,2012,FEMENINO,DE 19 A 25 AÑOS,43
AMAZONAS,2012,FEMENINO,DE 26 A 60 AÑOS,15
AMAZONAS,2012,FEMENINO,DE 60 A MÁS AÑOS,0
AMAZONAS,2013,MASCULINO,DE 0 A 5 AÑOS,6
AMAZONAS,2013,MASCULINO,DE 6 A 12 AÑOS,13
AMAZONAS,2013,MASCULINO,DE 13 A 18 AÑOS,66
AMAZONAS,2013,MASCULINO,DE 19 A 25 AÑOS,134
AMAZONAS,2013,MASCULINO,DE 26 A 60 AÑOS,104
AMAZONAS,2013,MASCULINO,DE 60 A MÁS AÑOS,15
AMAZONAS,2013,FEMENINO,DE 0 A 5 AÑOS,3
AMAZONAS,2013,FEMENINO,DE 6 A 12 AÑOS,3
AMAZONAS,2013,FEMENINO,DE 13 A 18 AÑOS,32
AMAZONAS,2013,FEMENINO,DE 19 A 25 AÑOS,62
AMAZONAS,2013,FEMENINO,DE 26 A 60 AÑOS,31
AMAZONAS,2013,FEMENINO,DE 60 A MÁS AÑOS,0
AMAZONAS,2014,MASCULINO,DE 0 A 5 AÑOS,7
AMAZONAS,2014,MASCULINO,DE 6 A 12 AÑOS,12
AMAZONAS,2014,MASCULINO,DE 13 A 18 AÑOS,126
AMAZONAS,2014,MASCULINO,DE 19 A 25 AÑOS,85
AMAZONAS,2014,MASCULINO,DE 26 A 60 AÑOS,52
AMAZONAS,2014,MASCULINO,DE 60 A MÁS AÑOS,10
AMAZONAS,2014,FEMENINO,DE 0 A 5 AÑOS,1
AMAZONAS,2014,FEMENINO,DE 6 A 12 AÑOS,5
AMAZONAS,2014,FEMENINO,DE 13 A 18 AÑOS,34
AMAZONAS,2014,FEMENINO,DE 19 A 25 AÑOS,54
AMAZONAS,2014,FEMENINO,DE 26 A 60 AÑOS,29
AMAZONAS,2014,FEMENINO,DE 60 A MÁS AÑOS,4
AMAZONAS,2015,MASCULINO,DE 0 A 5 AÑOS,6
AMAZONAS,2015,MASCULINO,DE 6 A 12 AÑOS,14
AMAZONAS,2015,MASCULINO,DE 13 A 18 AÑOS,66
AMAZONAS,2015,MASCULINO,DE 19 A 25 AÑOS,50
AMAZONAS,2015,MASCULINO,DE 26 A 60 AÑOS,97
AMAZONAS,2015,MASCULINO,DE 60 A MÁS AÑOS,13
AMAZONAS,2015,FEMENINO,DE 0 A 5 AÑOS,10
AMAZONAS,2015,FEMENINO,DE 6 A 12 AÑOS,5
AMAZONAS,2015,FEMENINO,DE 13 A 18 AÑOS,27
AMAZONAS,2015,FEMENINO,DE 19 A 25 AÑOS,43
AMAZONAS,2015,FEMENINO,DE 26 A 60 AÑOS,31
AMAZONAS,2015,FEMENINO,DE 60 A MÁS AÑOS,2
AMAZONAS,2016,MASCULINO,DE 0 A 5 AÑOS,17
AMAZONAS,2016,MASCULINO,DE 6 A 12 AÑOS,29
AMAZONAS,2016,MASCULINO,DE 13 A 18 AÑOS,52
AMAZONAS,2016,MASCULINO,DE 19 A 25 AÑOS,72
AMAZONAS,2016,MASCULINO,DE 26 A 60 AÑOS,138
AMAZONAS,2016,MASCULINO,DE 60 A MÁS AÑOS,37
AMAZONAS,2016,FEMENINO,DE 0 A 5 AÑOS,5
AMAZONAS,2016,FEMENINO,DE 6 A 12 AÑOS,8
AMAZONAS,2016,FEMENINO,DE 13 A 18 AÑOS,20
AMAZONAS,2016,FEMENINO,DE 19 A 25 AÑOS,20
AMAZONAS,2016,FEMENINO,DE 26 A 60 AÑOS,44
AMAZONAS,2016,FEMENINO,DE 60 A MÁS AÑOS,13
AMAZONAS,2017,MASCULINO,DE 0 A 5 AÑOS,28
AMAZONAS,2017,MASCULINO,DE 6 A 12 AÑOS,10
AMAZONAS,2017,MASCULINO,DE 13 A 18 AÑOS,47
AMAZONAS,2017,MASCULINO,DE 19 A 25 AÑOS,102
AMAZONAS,2017,MASCULINO,DE 26 A 60 AÑOS,179
AMAZONAS,2017,MASCULINO,DE 60 A MÁS AÑOS,26
AMAZONAS,2017,FEMENINO,DE 0 A 5 AÑOS,10
AMAZONAS,2017,FEMENINO,DE 6 A 12 AÑOS,11
AMAZONAS,2017,FEMENINO,DE 13 A 18 AÑOS,17
AMAZONAS,2017,FEMENINO,DE 19 A 25 AÑOS,43
AMAZONAS,2017,FEMENINO,DE 26 A 60 AÑOS,62
AMAZONAS,2017,FEMENINO,DE 60 A MÁS AÑOS,4
AMAZONAS,2018,MASCULINO,DE 0 A 5 AÑOS,8
AMAZONAS,2018,MASCULINO,DE 6 A 11 AÑOS,9
AMAZONAS,2018,MASCULINO,DE 12 A 17 AÑOS,60
AMAZONAS,2018,MASCULINO,DE 18 A 29 AÑOS,90
AMAZONAS,2018,MASCULINO,DE 30 A 59 AÑOS,111
AMAZONAS,2018,MASCULINO,DE 60 A MÁS AÑOS,24
AMAZONAS,2018,FEMENINO,DE 0 A 5 AÑOS,12
AMAZONAS,2018,FEMENINO,DE 6 A 11 AÑOS,8
AMAZONAS,2018,FEMENINO,DE 12 A 17 AÑOS,12
AMAZONAS,2018,FEMENINO,DE 18 A 29 AÑOS,31
AMAZONAS,2018,FEMENINO,DE 30 A 59 AÑOS,57
AMAZONAS,2018,FEMENINO,DE 60 A MÁS AÑOS,10
AMAZONAS,2019,MASCULINO,DE 0 A 5 AÑOS,6
AMAZONAS,2019,MASCULINO,DE 6 A 11 AÑOS,16
AMAZONAS,2019,MASCULINO,DE 12 A 17 AÑOS,16
AMAZONAS,2019,MASCULINO,DE 18 A 29 AÑOS,184
AMAZONAS,2019,MASCULINO,DE 30 A 59 AÑOS,119
AMAZONAS,2019,MASCULINO,DE 60 A MÁS AÑOS,28
AMAZONAS,2019,FEMENINO,DE 0 A 5 AÑOS,17
AMAZONAS,2019,FEMENINO,DE 6 A 11 AÑOS,7
AMAZONAS,2019,FEMENINO,DE 12 A 17 AÑOS,14
AMAZONAS,2019,FEMENINO,DE 18 A 29 AÑOS,38
AMAZONAS,2019,FEMENINO,DE 30 A 59 AÑOS,48
AMAZONAS,2019,FEMENINO,DE 60 A MÁS AÑOS,13
AMAZONAS,2020,MASCULINO,DE 0 A 5 AÑOS,3
AMAZONAS,2020,MASCULINO,DE 6 A 11 AÑOS,6
AMAZONAS,2020,MASCULINO,DE 12 A 17 AÑOS,22
AMAZONAS,2020,MASCULINO,DE 18 A 29 AÑOS,190
AMAZONAS,2020,MASCULINO,DE 30 A 59 AÑOS,94
AMAZONAS,2020,MASCULINO,DE 60 A MÁS AÑOS,20
AMAZONAS,2020,FEMENINO,DE 0 A 5 AÑOS,0
AMAZONAS,2020,FEMENINO,DE 6 A 11 AÑOS,6
AMAZONAS,2020,FEMENINO,DE 12 A 17 AÑOS,12
AMAZONAS,2020,FEMENINO,DE 18 A 29 AÑOS,25
AMAZONAS,2020,FEMENINO,DE 30 A 59 AÑOS,34
AMAZONAS,2020,FEMENINO,DE 60 A MÁS AÑOS,8
AMAZONAS,2021,MASCULINO,DE 0 A 5 AÑOS,8
AMAZONAS,2021,MASCULINO,DE 6 A 11 AÑOS,13
AMAZONAS,2021,MASCULINO,DE 12 A 17 AÑOS,16
AMAZONAS,2021,MASCULINO,DE 18 A 29 AÑOS,164
AMAZONAS,2021,MASCULINO,DE 30 A 59 AÑOS,138
AMAZONAS,2021,MASCULINO,DE 60 A MÁS AÑOS,31
AMAZONAS,2021,FEMENINO,DE 0 A 5 AÑOS,7
AMAZONAS,2021,FEMENINO,DE 6 A 11 AÑOS,2
AMAZONAS,2021,FEMENINO,DE 12 A 17 AÑOS,6
AMAZONAS,2021,FEMENINO,DE 18 A 29 AÑOS,41
AMAZONAS,2021,FEMENINO,DE 30 A 59 AÑOS,42
AMAZONAS,2021,FEMENINO,DE 60 A MÁS AÑOS,15
AMAZONAS,2022,MASCULINO,DE 0 A 5 AÑOS,19
AMAZONAS,2022,MASCULINO,DE 6 A 11 AÑOS,31
AMAZONAS,2022,MASCULINO,DE 12 A 17 AÑOS,45
AMAZONAS,2022,MASCULINO,DE 18 A 29 AÑOS,208
AMAZONAS,2022,MASCULINO,DE 30 A 59 AÑOS,181
AMAZONAS,2022,MASCULINO,DE 60 A MÁS AÑOS,22
AMAZONAS,2022,FEMENINO,DE 0 A 5 AÑOS,5
AMAZONAS,2022,FEMENINO,DE 6 A 11 AÑOS,10
AMAZONAS,2022,FEMENINO,DE 12 A 17 AÑOS,27
AMAZONAS,2022,FEMENINO,DE 18 A 29 AÑOS,38
AMAZONAS,2022,FEMENINO,DE 30 A 59 AÑOS,44
AMAZONAS,2022,FEMENINO,DE 60 A MÁS AÑOS,5
AMAZONAS,2023,MASCULINO,DE 0 A 5 AÑOS,11
AMAZONAS,2023,MASCULINO,DE 6 A 11 AÑOS,19
AMAZONAS,2023,MASCULINO,DE 12 A 17 AÑOS,37
AMAZONAS,2023,MASCULINO,DE 18 A 29 AÑOS,150
AMAZONAS,2023,MASCULINO,DE 30 A 59 AÑOS,199
AMAZONAS,2023,MASCULINO,DE 60 A MÁS AÑOS,45
AMAZONAS,2023,FEMENINO,DE 0 A 5 AÑOS,11
AMAZONAS,2023,FEMENINO,DE 6 A 11 AÑOS,13
AMAZONAS,2023,FEMENINO,DE 12 A 17 AÑOS,20
AMAZONAS,2023,FEMENINO,DE 18 A 29 AÑOS,35
AMAZONAS,2023,FEMENINO,DE 30 A 59 AÑOS,67
AMAZONAS,2023,FEMENINO,DE 60 A MÁS AÑOS,16
AMAZONAS,2024,MASCULINO,DE 0 A 5 AÑOS,15
AMAZONAS,2024,MASCULINO,DE 6 A 11 AÑOS,4
AMAZONAS,2024,MASCULINO,DE 12 A 17 AÑOS,26
AMAZONAS,2024,MASCULINO,DE 18 A 29 AÑOS,140
AMAZONAS,2024,MASCULINO,DE 30 A 59 AÑOS,177
AMAZONAS,2024,MASCULINO,DE 60 A MÁS AÑOS,45
AMAZONAS,2024,FEMENINO,DE 0 A 5 AÑOS,3
AMAZONAS,2024,FEMENINO,DE 6 A 11 AÑOS,6
AMAZONAS,2024,FEMENINO,DE 12 A 17 AÑOS,11
AMAZONAS,2024,FEMENINO,DE 18 A 29 AÑOS,39
AMAZONAS,2024,FEMENINO,DE 30 A 59 AÑOS,65
AMAZONAS,2024,FEMENINO,DE 60 A MÁS AÑOS,23
ANCASH,2008,MASCULINO,MENOR DE 18 AÑOS,362
ANCASH,2008,MASCULINO,MAYOR DE 18 AÑOS,969
ANCASH,2008,FEMENINO,MENOR DE 18 AÑOS,56
ANCASH,2008,FEMENINO,MAYOR DE 18 AÑOS,438
ANCASH,2009,MASCULINO,MENOR DE 18 AÑOS,221
ANCASH,2009,MASCULINO,MAYOR DE 18 AÑOS,1123
ANCASH,2009,FEMENINO,MENOR DE 18 AÑOS,73
ANCASH,2009,FEMENINO,MAYOR DE 18 AÑOS,388
ANCASH,2010,MASCULINO,DE 0 A 5 AÑOS,21
ANCASH,2010,MASCULINO,DE 6 A 12 AÑOS,78
ANCASH,2010,MASCULINO,DE 13 A 18 AÑOS,132
ANCASH,2010,MASCULINO,DE 19 A 25 AÑOS,354
ANCASH,2010,MASCULINO,DE 26 A 60 AÑOS,335
ANCASH,2010,MASCULINO,DE 60 A MÁS AÑOS,97
ANCASH,2010,FEMENINO,DE 0 A 5 AÑOS,9
ANCASH,2010,FEMENINO,DE 6 A 12 AÑOS,29
ANCASH,2010,FEMENINO,DE 13 A 18 AÑOS,76
ANCASH,2010,FEMENINO,DE 19 A 25 AÑOS,155
ANCASH,2010,FEMENINO,DE 26 A 60 AÑOS,183
ANCASH,2010,FEMENINO,DE 60 A MÁS AÑOS,20
ANCASH,2011,MASCULINO,DE 0 A 5 AÑOS,38
ANCASH,2011,MASCULINO,DE 6 A 12 AÑOS,39
ANCASH,2011,MASCULINO,DE 13 A 18 AÑOS,114
ANCASH,2011,MASCULINO,DE 19 A 25 AÑOS,267
ANCASH,2011,MASCULINO,DE 26 A 60 AÑOS,519
ANCASH,2011,MASCULINO,DE 60 A MÁS AÑOS,49
ANCASH,2011,FEMENINO,DE 0 A 5 AÑOS,1
ANCASH,2011,FEMENINO,DE 6 A 12 AÑOS,24
ANCASH,2011,FEMENINO,DE 13 A 18 AÑOS,90
ANCASH,2011,FEMENINO,DE 19 A 25 AÑOS,125
ANCASH,2011,FEMENINO,DE 26 A 60 AÑOS,183
ANCASH,2011,FEMENINO,DE 60 A MÁS AÑOS,17
ANCASH,2012,MASCULINO,DE 0 A 5 AÑOS,29
ANCASH,2012,MASCULINO,DE 6 A 12 AÑOS,65
ANCASH,2012,MASCULINO,DE 13 A 18 AÑOS,157
ANCASH,2012,MASCULINO,DE 19 A 25 AÑOS,309
ANCASH,2012,MASCULINO,DE 26 A 60 AÑOS,720
ANCASH,2012,MASCULINO,DE 60 A MÁS AÑOS,90
ANCASH,2012,FEMENINO,DE 0 A 5 AÑOS,12
ANCASH,2012,FEMENINO,DE 6 A 12 AÑOS,72
ANCASH,2012,FEMENINO,DE 13 A 18 AÑOS,116
ANCASH,2012,FEMENINO,DE 19 A 25 AÑOS,154
ANCASH,2012,FEMENINO,DE 26 A 60 AÑOS,284
ANCASH,2012,FEMENINO,DE 60 A MÁS AÑOS,27
ANCASH,2013,MASCULINO,DE 0 A 5 AÑOS,95
ANCASH,2013,MASCULINO,DE 6 A 12 AÑOS,133
ANCASH,2013,MASCULINO,DE 13 A 18 AÑOS,171
ANCASH,2013,MASCULINO,DE 19 A 25 AÑOS,288
ANCASH,2013,MASCULINO,DE 26 A 60 AÑOS,686
ANCASH,2013,MASCULINO,DE 60 A MÁS AÑOS,42
ANCASH,2013,FEMENINO,DE 0 A 5 AÑOS,25
ANCASH,2013,FEMENINO,DE 6 A 12 AÑOS,80
ANCASH,2013,FEMENINO,DE 13 A 18 AÑOS,140
ANCASH,2013,FEMENINO,DE 19 A 25 AÑOS,102
ANCASH,2013,FEMENINO,DE 26 A 60 AÑOS,367
ANCASH,2013,FEMENINO,DE 60 A MÁS AÑOS,46
ANCASH,2014,MASCULINO,DE 0 A 5 AÑOS,20
ANCASH,2014,MASCULINO,DE 6 A 12 AÑOS,98
ANCASH,2014,MASCULINO,DE 13 A 18 AÑOS,46
ANCASH,2014,MASCULINO,DE 19 A 25 AÑOS,175
ANCASH,2014,MASCULINO,DE 26 A 60 AÑOS,607
ANCASH,2014,MASCULINO,DE 60 A MÁS AÑOS,25
ANCASH,2014,FEMENINO,DE 0 A 5 AÑOS,11
ANCASH,2014,FEMENINO,DE 6 A 12 AÑOS,39
ANCASH,2014,FEMENINO,DE 13 A 18 AÑOS,37
ANCASH,2014,FEMENINO,DE 19 A 25 AÑOS,32
ANCASH,2014,FEMENINO,DE 26 A 60 AÑOS,235
ANCASH,2014,FEMENINO,DE 60 A MÁS AÑOS,12
ANCASH,2015,MASCULINO,DE 0 A 5 AÑOS,80
ANCASH,2015,MASCULINO,DE 6 A 12 AÑOS,84
ANCASH,2015,MASCULINO,DE 13 A 18 AÑOS,145
ANCASH,2015,MASCULINO,DE 19 A 25 AÑOS,235
ANCASH,2015,MASCULINO,DE 26 A 60 AÑOS,431
ANCASH,2015,MASCULINO,DE 60 A MÁS AÑOS,44
ANCASH,2015,FEMENINO,DE 0 A 5 AÑOS,23
ANCASH,2015,FEMENINO,DE 6 A 12 AÑOS,27
ANCASH,2015,FEMENINO,DE 13 A 18 AÑOS,34
ANCASH,2015,FEMENINO,DE 19 A 25 AÑOS,99
ANCASH,2015,FEMENINO,DE 26 A 60 AÑOS,177
ANCASH,2015,FEMENINO,DE 60 A MÁS AÑOS,18
ANCASH,2016,MASCULINO,DE 0 A 5 AÑOS,45
ANCASH,2016,MASCULINO,DE 6 A 12 AÑOS,20
ANCASH,2016,MASCULINO,DE 13 A 18 AÑOS,49
ANCASH,2016,MASCULINO,DE 19 A 25 AÑOS,264
ANCASH,2016,MASCULINO,DE 26 A 60 AÑOS,254
ANCASH,2016,MASCULINO,DE 60 A MÁS AÑOS,41
ANCASH,2016,FEMENINO,DE 0 A 5 AÑOS,14
ANCASH,2016,FEMENINO,DE 6 A 12 AÑOS,14
ANCASH,2016,FEMENINO,DE 13 A 18 AÑOS,44
ANCASH,2016,FEMENINO,DE 19 A 25 AÑOS,57
ANCASH,2016,FEMENINO,DE 26 A 60 AÑOS,148
ANCASH,2016,FEMENINO,DE 60 A MÁS AÑOS,5
ANCASH,2017,MASCULINO,DE 0 A 5 AÑOS,51
ANCASH,2017,MASCULINO,DE 6 A 12 AÑOS,24
ANCASH,2017,MASCULINO,DE 13 A 18 AÑOS,78
ANCASH,2017,MASCULINO,DE 19 A 25 AÑOS,302
ANCASH,2017,MASCULINO,DE 26 A 60 AÑOS,423
ANCASH,2017,MASCULINO,DE 60 A MÁS AÑOS,80
ANCASH,2017,FEMENINO,DE 0 A 5 AÑOS,20
ANCASH,2017,FEMENINO,DE 6 A 12 AÑOS,25
ANCASH,2017,FEMENINO,DE 13 A 18 AÑOS,50
ANCASH,2017,FEMENINO,DE 19 A 25 AÑOS,137
ANCASH,2017,FEMENINO,DE 26 A 60 AÑOS,232
ANCASH,2017,FEMENINO,DE 60 A MÁS AÑOS,72
ANCASH,2018,MASCULINO,DE 0 A 5 AÑOS,27
ANCASH,2018,MASCULINO,DE 6 A 11 AÑOS,58
ANCASH,2018,MASCULINO,DE 12 A 17 AÑOS,79
ANCASH,2018,MASCULINO,DE 18 A 29 AÑOS,389
ANCASH,2018,MASCULINO,DE 30 A 59 AÑOS,413
ANCASH,2018,MASCULINO,DE 60 A MÁS AÑOS,69
ANCASH,2018,FEMENINO,DE 0 A 5 AÑOS,27
ANCASH,2018,FEMENINO,DE 6 A 11 AÑOS,38
ANCASH,2018,FEMENINO,DE 12 A 17 AÑOS,62
ANCASH,2018,FEMENINO,DE 18 A 29 AÑOS,157
ANCASH,2018,FEMENINO,DE 30 A 59 AÑOS,199
ANCASH,2018,FEMENINO,DE 60 A MÁS AÑOS,44
ANCASH,2019,MASCULINO,DE 0 A 5 AÑOS,25
ANCASH,2019,MASCULINO,DE 6 A 11 AÑOS,47
ANCASH,2019,MASCULINO,DE 12 A 17 AÑOS,33
ANCASH,2019,MASCULINO,DE 18 A 29 AÑOS,412
ANCASH,2019,MASCULINO,DE 30 A 59 AÑOS,413
ANCASH,2019,MASCULINO,DE 60 A MÁS AÑOS,66
ANCASH,2019,FEMENINO,DE 0 A 5 AÑOS,19
ANCASH,2019,FEMENINO,DE 6 A 11 AÑOS,30
ANCASH,2019,FEMENINO,DE 12 A 17 AÑOS,32
ANCASH,2019,FEMENINO,DE 18 A 29 AÑOS,167
ANCASH,2019,FEMENINO,DE 30 A 59 AÑOS,238
ANCASH,2019,FEMENINO,DE 60 A MÁS AÑOS,49
ANCASH,2020,MASCULINO,DE 0 A 5 AÑOS,13
ANCASH,2020,MASCULINO,DE 6 A 11 AÑOS,14
ANCASH,2020,MASCULINO,DE 12 A 17 AÑOS,21
ANCASH,2020,MASCULINO,DE 18 A 29 AÑOS,190
ANCASH,2020,MASCULINO,DE 30 A 59 AÑOS,236
ANCASH,2020,MASCULINO,DE 60 A MÁS AÑOS,33
ANCASH,2020,FEMENINO,DE 0 A 5 AÑOS,3
ANCASH,2020,FEMENINO,DE 6 A 11 AÑOS,11
ANCASH,2020,FEMENINO,DE 12 A 17 AÑOS,21
ANCASH,2020,FEMENINO,DE 18 A 29 AÑOS,87
ANCASH,2020,FEMENINO,DE 30 A 59 AÑOS,79
ANCASH,2020,FEMENINO,DE 60 A MÁS AÑOS,14
ANCASH,2021,MASCULINO,DE 0 A 5 AÑOS,22
ANCASH,2021,MASCULINO,DE 6 A 11 AÑOS,37
ANCASH,2021,MASCULINO,DE 12 A 17 AÑOS,51
ANCASH,2021,MASCULINO,DE 18 A 29 AÑOS,370
ANCASH,2021,MASCULINO,DE 30 A 59 AÑOS,531
ANCASH,2021,MASCULINO,DE 60 A MÁS AÑOS,83
ANCASH,2021,FEMENINO,DE 0 A 5 AÑOS,37
ANCASH,2021,FEMENINO,DE 6 A 11 AÑOS,25
ANCASH,2021,FEMENINO,DE 12 A 17 AÑOS,33
ANCASH,2021,FEMENINO,DE 18 A 29 AÑOS,210
ANCASH,2021,FEMENINO,DE 30 A 59 AÑOS,244
ANCASH,2021,FEMENINO,DE 60 A MÁS AÑOS,41
ANCASH,2022,MASCULINO,DE 0 A 5 AÑOS,31
ANCASH,2022,MASCULINO,DE 6 A 11 AÑOS,48
ANCASH,2022,MASCULINO,DE 12 A 17 AÑOS,80
ANCASH,2022,MASCULINO,DE 18 A 29 AÑOS,398
ANCASH,2022,MASCULINO,DE 30 A 59 AÑOS,479
ANCASH,2022,MASCULINO,DE 60 A MÁS AÑOS,83
ANCASH,2022,FEMENINO,DE 0 A 5 AÑOS,28
ANCASH,2022,FEMENINO,DE 6 A 11 AÑOS,28
ANCASH,2022,FEMENINO,DE 12 A 17 AÑOS,66
ANCASH,2022,FEMENINO,DE 18 A 29 AÑOS,177
ANCASH,2022,FEMENINO,DE 30 A 59 AÑOS,274
ANCASH,2022,FEMENINO,DE 60 A MÁS AÑOS,42
ANCASH,2023,MASCULINO,DE 0 A 5 AÑOS,24
ANCASH,2023,MASCULINO,DE 6 A 11 AÑOS,26
ANCASH,2023,MASCULINO,DE 12 A 17 AÑOS,53
ANCASH,2023,MASCULINO,DE 18 A 29 AÑOS,358
ANCASH,2023,MASCULINO,DE 30 A 59 AÑOS,468
ANCASH,2023,MASCULINO,DE 60 A MÁS AÑOS,71
ANCASH,2023,FEMENINO,DE 0 A 5 AÑOS,15
ANCASH,2023,FEMENINO,DE 6 A 11 AÑOS,16
ANCASH,2023,FEMENINO,DE 12 A 17 AÑOS,48
ANCASH,2023,FEMENINO,DE 18 A 29 AÑOS,201
ANCASH,2023,FEMENINO,DE 30 A 59 AÑOS,254
ANCASH,2023,FEMENINO,DE 60 A MÁS AÑOS,41
ANCASH,2024,MASCULINO,DE 0 A 5 AÑOS,28
ANCASH,2024,MASCULINO,DE 6 A 11 AÑOS,29
ANCASH,2024,MASCULINO,DE 12 A 17 AÑOS,45
ANCASH,2024,MASCULINO,DE 18 A 29 AÑOS,353
ANCASH,2024,MASCULINO,DE 30 A 59 AÑOS,567
ANCASH,2024,MASCULINO,DE 60 A MÁS AÑOS,68
ANCASH,2024,FEMENINO,DE 0 A 5 AÑOS,10
ANCASH,2024,FEMENINO,DE 6 A 11 AÑOS,24
ANCASH,2024,FEMENINO,DE 12 A 17 AÑOS,38
ANCASH,2024,FEMENINO,DE 18 A 29 AÑOS,186
ANCASH,2024,FEMENINO,DE 30 A 59 AÑOS,186
ANCASH,2024,FEMENINO,DE 60 A MÁS AÑOS,36
APURIMAC,2008,MASCULINO,MENOR DE 18 AÑOS,61
APURIMAC,2008,MASCULINO,MAYOR DE 18 AÑOS,154
APURIMAC,2008,FEMENINO,MENOR DE 18 AÑOS,39
APURIMAC,2008,FEMENINO,MAYOR DE 18 AÑOS,62
APURIMAC,2009,MASCULINO,MENOR DE 18 AÑOS,39
APURIMAC,2009,MASCULINO,MAYOR DE 18 AÑOS,124
APURIMAC,2009,FEMENINO,MENOR DE 18 AÑOS,19
APURIMAC,2009,FEMENINO,MAYOR DE 18 AÑOS,48
APURIMAC,2010,MASCULINO,DE 0 A 5 AÑOS,0
APURIMAC,2010,MASCULINO,DE 6 A 12 AÑOS,9
APURIMAC,2010,MASCULINO,DE 13 A 18 AÑOS,23
APURIMAC,2010,MASCULINO,DE 19 A 25 AÑOS,40
APURIMAC,2010,MASCULINO,DE 26 A 60 AÑOS,29
APURIMAC,2010,MASCULINO,DE 60 A MÁS AÑOS,6
APURIMAC,2010,FEMENINO,DE 0 A 5 AÑOS,0
APURIMAC,2010,FEMENINO,DE 6 A 12 AÑOS,12
APURIMAC,2010,FEMENINO,DE 13 A 18 AÑOS,7
APURIMAC,2010,FEMENINO,DE 19 A 25 AÑOS,11
APURIMAC,2010,FEMENINO,DE 26 A 60 AÑOS,6
APURIMAC,2010,FEMENINO,DE 60 A MÁS AÑOS,4
APURIMAC,2011,MASCULINO,DE 0 A 5 AÑOS,1
APURIMAC,2011,MASCULINO,DE 6 A 12 AÑOS,13
APURIMAC,2011,MASCULINO,DE 13 A 18 AÑOS,15
APURIMAC,2011,MASCULINO,DE 19 A 25 AÑOS,18
APURIMAC,2011,MASCULINO,DE 26 A 60 AÑOS,23
APURIMAC,2011,MASCULINO,DE 60 A MÁS AÑOS,0
APURIMAC,2011,FEMENINO,DE 0 A 5 AÑOS,1
APURIMAC,2011,FEMENINO,DE 6 A 12 AÑOS,7
APURIMAC,2011,FEMENINO,DE 13 A 18 AÑOS,2
APURIMAC,2011,FEMENINO,DE 19 A 25 AÑOS,8
APURIMAC,2011,FEMENINO,DE 26 A 60 AÑOS,11
APURIMAC,2011,FEMENINO,DE 60 A MÁS AÑOS,0
APURIMAC,2012,MASCULINO,DE 0 A 5 AÑOS,23
APURIMAC,2012,MASCULINO,DE 6 A 12 AÑOS,33
APURIMAC,2012,MASCULINO,DE 13 A 18 AÑOS,47
APURIMAC,2012,MASCULINO,DE 19 A 25 AÑOS,102
APURIMAC,2012,MASCULINO,DE 26 A 60 AÑOS,93
APURIMAC,2012,MASCULINO,DE 60 A MÁS AÑOS,11
APURIMAC,2012,FEMENINO,DE 0 A 5 AÑOS,8
APURIMAC,2012,FEMENINO,DE 6 A 12 AÑOS,12
APURIMAC,2012,FEMENINO,DE 13 A 18 AÑOS,17
APURIMAC,2012,FEMENINO,DE 19 A 25 AÑOS,29
APURIMAC,2012,FEMENINO,DE 26 A 60 AÑOS,45
APURIMAC,2012,FEMENINO,DE 60 A MÁS AÑOS,4
APURIMAC,2013,MASCULINO,DE 0 A 5 AÑOS,11
APURIMAC,2013,MASCULINO,DE 6 A 12 AÑOS,37
APURIMAC,2013,MASCULINO,DE 13 A 18 AÑOS,57
APURIMAC,2013,MASCULINO,DE 19 A 25 AÑOS,101
APURIMAC,2013,MASCULINO,DE 26 A 60 AÑOS,99
APURIMAC,2013,MASCULINO,DE 60 A MÁS AÑOS,10
APURIMAC,2013,FEMENINO,DE 0 A 5 AÑOS,13
APURIMAC,2013,FEMENINO,DE 6 A 12 AÑOS,14
APURIMAC,2013,FEMENINO,DE 13 A 18 AÑOS,19
APURIMAC,2013,FEMENINO,DE 19 A 25 AÑOS,36
APURIMAC,2013,FEMENINO,DE 26 A 60 AÑOS,16
APURIMAC,2013,FEMENINO,DE 60 A MÁS AÑOS,35
APURIMAC,2014,MASCULINO,DE 0 A 5 AÑOS,26
APURIMAC,2014,MASCULINO,DE 6 A 12 AÑOS,19
APURIMAC,2014,MASCULINO,DE 13 A 18 AÑOS,39
APURIMAC,2014,MASCULINO,DE 19 A 25 AÑOS,115
APURIMAC,2014,MASCULINO,DE 26 A 60 AÑOS,110
APURIMAC,2014,MASCULINO,DE 60 A MÁS AÑOS,18
APURIMAC,2014,FEMENINO,DE 0 A 5 AÑOS,6
APURIMAC,2014,FEMENINO,DE 6 A 12 AÑOS,9
APURIMAC,2014,FEMENINO,DE 13 A 18 AÑOS,24
APURIMAC,2014,FEMENINO,DE 19 A 25 AÑOS,59
APURIMAC,2014,FEMENINO,DE 26 A 60 AÑOS,87
APURIMAC,2014,FEMENINO,DE 60 A MÁS AÑOS,14
APURIMAC,2015,MASCULINO,DE 0 A 5 AÑOS,17
APURIMAC,2015,MASCULINO,DE 6 A 12 AÑOS,32
APURIMAC,2015,MASCULINO,DE 13 A 18 AÑOS,35
APURIMAC,2015,MASCULINO,DE 19 A 25 AÑOS,75
APURIMAC,2015,MASCULINO,DE 26 A 60 AÑOS,83
APURIMAC,2015,MASCULINO,DE 60 A MÁS AÑOS,13
APURIMAC,2015,FEMENINO,DE 0 A 5 AÑOS,5
APURIMAC,2015,FEMENINO,DE 6 A 12 AÑOS,4
APURIMAC,2015,FEMENINO,DE 13 A 18 AÑOS,15
APURIMAC,2015,FEMENINO,DE 19 A 25 AÑOS,21
APURIMAC,2015,FEMENINO,DE 26 A 60 AÑOS,40
APURIMAC,2015,FEMENINO,DE 60 A MÁS AÑOS,2
APURIMAC,2016,MASCULINO,DE 0 A 5 AÑOS,20
APURIMAC,2016,MASCULINO,DE 6 A 12 AÑOS,15
APURIMAC,2016,MASCULINO,DE 13 A 18 AÑOS,37
APURIMAC,2016,MASCULINO,DE 19 A 25 AÑOS,47
APURIMAC,2016,MASCULINO,DE 26 A 60 AÑOS,70
APURIMAC,2016,MASCULINO,DE 60 A MÁS AÑOS,10
APURIMAC,2016,FEMENINO,DE 0 A 5 AÑOS,12
APURIMAC,2016,FEMENINO,DE 6 A 12 AÑOS,13
APURIMAC,2016,FEMENINO,DE 13 A 18 AÑOS,16
APURIMAC,2016,FEMENINO,DE 19 A 25 AÑOS,11
APURIMAC,2016,FEMENINO,DE 26 A 60 AÑOS,40
APURIMAC,2016,FEMENINO,DE 60 A MÁS AÑOS,2
APURIMAC,2017,MASCULINO,DE 0 A 5 AÑOS,9
APURIMAC,2017,MASCULINO,DE 6 A 12 AÑOS,20
APURIMAC,2017,MASCULINO,DE 13 A 18 AÑOS,36
APURIMAC,2017,MASCULINO,DE 19 A 25 AÑOS,77
APURIMAC,2017,MASCULINO,DE 26 A 60 AÑOS,154
APURIMAC,2017,MASCULINO,DE 60 A MÁS AÑOS,7
APURIMAC,2017,FEMENINO,DE 0 A 5 AÑOS,6
APURIMAC,2017,FEMENINO,DE 6 A 12 AÑOS,10
APURIMAC,2017,FEMENINO,DE 13 A 18 AÑOS,14
APURIMAC,2017,FEMENINO,DE 19 A 25 AÑOS,31
APURIMAC,2017,FEMENINO,DE 26 A 60 AÑOS,36
APURIMAC,2017,FEMENINO,DE 60 A MÁS AÑOS,4
APURIMAC,2018,MASCULINO,DE 0 A 5 AÑOS,26
APURIMAC,2018,MASCULINO,DE 6 A 11 AÑOS,32
APURIMAC,2018,MASCULINO,DE 12 A 17 AÑOS,64
APURIMAC,2018,MASCULINO,DE 18 A 29 AÑOS,133
APURIMAC,2018,MASCULINO,DE 30 A 59 AÑOS,227
APURIMAC,2018,MASCULINO,DE 60 A MÁS AÑOS,21
APURIMAC,2018,FEMENINO,DE 0 A 5 AÑOS,22
APURIMAC,2018,FEMENINO,DE 6 A 11 AÑOS,27
APURIMAC,2018,FEMENINO,DE 12 A 17 AÑOS,23
APURIMAC,2018,FEMENINO,DE 18 A 29 AÑOS,82
APURIMAC,2018,FEMENINO,DE 30 A 59 AÑOS,90
APURIMAC,2018,FEMENINO,DE 60 A MÁS AÑOS,11
APURIMAC,2019,MASCULINO,DE 0 A 5 AÑOS,26
APURIMAC,2019,MASCULINO,DE 6 A 11 AÑOS,43
APURIMAC,2019,MASCULINO,DE 12 A 17 AÑOS,31
APURIMAC,2019,MASCULINO,DE 18 A 29 AÑOS,195
APURIMAC,2019,MASCULINO,DE 30 A 59 AÑOS,209
APURIMAC,2019,MASCULINO,DE 60 A MÁS AÑOS,27
APURIMAC,2019,FEMENINO,DE 0 A 5 AÑOS,22
APURIMAC,2019,FEMENINO,DE 6 A 11 AÑOS,48
APURIMAC,2019,FEMENINO,DE 12 A 17 AÑOS,29
APURIMAC,2019,FEMENINO,DE 18 A 29 AÑOS,75
APURIMAC,2019,FEMENINO,DE 30 A 59 AÑOS,111
APURIMAC,2019,FEMENINO,DE 60 A MÁS AÑOS,28
APURIMAC,2020,MASCULINO,DE 0 A 5 AÑOS,11
APURIMAC,2020,MASCULINO,DE 6 A 11 AÑOS,14
APURIMAC,2020,MASCULINO,DE 12 A 17 AÑOS,31
APURIMAC,2020,MASCULINO,DE 18 A 29 AÑOS,174
APURIMAC,2020,MASCULINO,DE 30 A 59 AÑOS,165
APURIMAC,2020,MASCULINO,DE 60 A MÁS AÑOS,13
APURIMAC,2020,FEMENINO,DE 0 A 5 AÑOS,8
APURIMAC,2020,FEMENINO,DE 6 A 11 AÑOS,12
APURIMAC,2020,FEMENINO,DE 12 A 17 AÑOS,18
APURIMAC,2020,FEMENINO,DE 18 A 29 AÑOS,54
APURIMAC,2020,FEMENINO,DE 30 A 59 AÑOS,69
APURIMAC,2020,FEMENINO,DE 60 A MÁS AÑOS,11
APURIMAC,2021,MASCULINO,DE 0 A 5 AÑOS,23
APURIMAC,2021,MASCULINO,DE 6 A 11 AÑOS,16
APURIMAC,2021,MASCULINO,DE 12 A 17 AÑOS,47
APURIMAC,2021,MASCULINO,DE 18 A 29 AÑOS,204
APURIMAC,2021,MASCULINO,DE 30 A 59 AÑOS,214
APURIMAC,2021,MASCULINO,DE 60 A MÁS AÑOS,16
APURIMAC,2021,FEMENINO,DE 0 A 5 AÑOS,4
APURIMAC,2021,FEMENINO,DE 6 A 11 AÑOS,14
APURIMAC,2021,FEMENINO,DE 12 A 17 AÑOS,14
APURIMAC,2021,FEMENINO,DE 18 A 29 AÑOS,73
APURIMAC,2021,FEMENINO,DE 30 A 59 AÑOS,75
APURIMAC,2021,FEMENINO,DE 60 A MÁS AÑOS,11
APURIMAC,2022,MASCULINO,DE 0 A 5 AÑOS,11
APURIMAC,2022,MASCULINO,DE 6 A 11 AÑOS,14
APURIMAC,2022,MASCULINO,DE 12 A 17 AÑOS,56
APURIMAC,2022,MASCULINO,DE 18 A 29 AÑOS,152
APURIMAC,2022,MASCULINO,DE 30 A 59 AÑOS,167
APURIMAC,2022,MASCULINO,DE 60 A MÁS AÑOS,13
APURIMAC,2022,FEMENINO,DE 0 A 5 AÑOS,5
APURIMAC,2022,FEMENINO,DE 6 A 11 AÑOS,12
APURIMAC,2022,FEMENINO,DE 12 A 17 AÑOS,36
APURIMAC,2022,FEMENINO,DE 18 A 29 AÑOS,77
APURIMAC,2022,FEMENINO,DE 30 A 59 AÑOS,83
APURIMAC,2022,FEMENINO,DE 60 A MÁS AÑOS,4
APURIMAC,2023,MASCULINO,DE 0 A 5 AÑOS,6
APURIMAC,2023,MASCULINO,DE 6 A 11 AÑOS,13
APURIMAC,2023,MASCULINO,DE 12 A 17 AÑOS,78
APURIMAC,2023,MASCULINO,DE 18 A 29 AÑOS,154
APURIMAC,2023,MASCULINO,DE 30 A 59 AÑOS,106
APURIMAC,2023,MASCULINO,DE 60 A MÁS AÑOS,13
APURIMAC,2023,FEMENINO,DE 0 A 5 AÑOS,5
APURIMAC,2023,FEMENINO,DE 6 A 11 AÑOS,15
APURIMAC,2023,FEMENINO,DE 12 A 17 AÑOS,30
APURIMAC,2023,FEMENINO,DE 18 A 29 AÑOS,69
APURIMAC,2023,FEMENINO,DE 30 A 59 AÑOS,50
APURIMAC,2023,FEMENINO,DE 60 A MÁS AÑOS,11
APURIMAC,2024,MASCULINO,DE 0 A 5 AÑOS,4
APURIMAC,2024,MASCULINO,DE 6 A 11 AÑOS,12
APURIMAC,2024,MASCULINO,DE 12 A 17 AÑOS,23
APURIMAC,2024,MASCULINO,DE 18 A 29 AÑOS,152
APURIMAC,2024,MASCULINO,DE 30 A 59 AÑOS,147
APURIMAC,2024,MASCULINO,DE 60 A MÁS AÑOS,7
APURIMAC,2024,FEMENINO,DE 0 A 5 AÑOS,4
APURIMAC,2024,FEMENINO,DE 6 A 11 AÑOS,7
APURIMAC,2024,FEMENINO,DE 12 A 17 AÑOS,15
APURIMAC,2024,FEMENINO,DE 18 A 29 AÑOS,60
APURIMAC,2024,FEMENINO,DE 30 A 59 AÑOS,65
APURIMAC,2024,FEMENINO,DE 60 A MÁS AÑOS,14
AREQUIPA,2008,MASCULINO,MENOR DE 18 AÑOS,554
AREQUIPA,2008,MASCULINO,MAYOR DE 18 AÑOS,2401
AREQUIPA,2008,FEMENINO,MENOR DE 18 AÑOS,348
AREQUIPA,2008,FEMENINO,MAYOR DE 18 AÑOS,1132
AREQUIPA,2009,MASCULINO,MENOR DE 18 AÑOS,587
AREQUIPA,2009,MASCULINO,MAYOR DE 18 AÑOS,2162
AREQUIPA,2009,FEMENINO,MENOR DE 18 AÑOS,385
AREQUIPA,2009,FEMENINO,MAYOR DE 18 AÑOS,1087
AREQUIPA,2010,MASCULINO,DE 0 A 5 AÑOS,8
AREQUIPA,2010,MASCULINO,DE 6 A 12 AÑOS,30
AREQUIPA,2010,MASCULINO,DE 13 A 18 AÑOS,332
AREQUIPA,2010,MASCULINO,DE 19 A 25 AÑOS,818
AREQUIPA,2010,MASCULINO,DE 26 A 60 AÑOS,1122
AREQUIPA,2010,MASCULINO,DE 60 A MÁS AÑOS,24
AREQUIPA,2010,FEMENINO,DE 0 A 5 AÑOS,78
AREQUIPA,2010,FEMENINO,DE 6 A 12 AÑOS,22
AREQUIPA,2010,FEMENINO,DE 13 A 18 AÑOS,212
AREQUIPA,2010,FEMENINO,DE 19 A 25 AÑOS,711
AREQUIPA,2010,FEMENINO,DE 26 A 60 AÑOS,240
AREQUIPA,2010,FEMENINO,DE 60 A MÁS AÑOS,35
AREQUIPA,2011,MASCULINO,DE 0 A 5 AÑOS,48
AREQUIPA,2011,MASCULINO,DE 6 A 12 AÑOS,125
AREQUIPA,2011,MASCULINO,DE 13 A 18 AÑOS,485
AREQUIPA,2011,MASCULINO,DE 19 A 25 AÑOS,872
AREQUIPA,2011,MASCULINO,DE 26 A 60 AÑOS,784
AREQUIPA,2011,MASCULINO,DE 60 A MÁS AÑOS,109
AREQUIPA,2011,FEMENINO,DE 0 A 5 AÑOS,32
AREQUIPA,2011,FEMENINO,DE 6 A 12 AÑOS,107
AREQUIPA,2011,FEMENINO,DE 13 A 18 AÑOS,286
AREQUIPA,2011,FEMENINO,DE 19 A 25 AÑOS,505
AREQUIPA,2011,FEMENINO,DE 26 A 60 AÑOS,436
AREQUIPA,2011,FEMENINO,DE 60 A MÁS AÑOS,55
AREQUIPA,2012,MASCULINO,DE 0 A 5 AÑOS,53
AREQUIPA,2012,MASCULINO,DE 6 A 12 AÑOS,111
AREQUIPA,2012,MASCULINO,DE 13 A 18 AÑOS,275
AREQUIPA,2012,MASCULINO,DE 19 A 25 AÑOS,854
AREQUIPA,2012,MASCULINO,DE 26 A 60 AÑOS,999
AREQUIPA,2012,MASCULINO,DE 60 A MÁS AÑOS,106
AREQUIPA,2012,FEMENINO,DE 0 A 5 AÑOS,40
AREQUIPA,2012,FEMENINO,DE 6 A 12 AÑOS,92
AREQUIPA,2012,FEMENINO,DE 13 A 18 AÑOS,131
AREQUIPA,2012,FEMENINO,DE 19 A 25 AÑOS,521
AREQUIPA,2012,FEMENINO,DE 26 A 60 AÑOS,402
AREQUIPA,2012,FEMENINO,DE 60 A MÁS AÑOS,130
AREQUIPA,2013,MASCULINO,DE 0 A 5 AÑOS,78
AREQUIPA,2013,MASCULINO,DE 6 A 12 AÑOS,97
AREQUIPA,2013,MASCULINO,DE 13 A 18 AÑOS,249
AREQUIPA,2013,MASCULINO,DE 19 A 25 AÑOS,885
AREQUIPA,2013,MASCULINO,DE 26 A 60 AÑOS,1255
AREQUIPA,2013,MASCULINO,DE 60 A MÁS AÑOS,125
AREQUIPA,2013,FEMENINO,DE 0 A 5 AÑOS,28
AREQUIPA,2013,FEMENINO,DE 6 A 12 AÑOS,72
AREQUIPA,2013,FEMENINO,DE 13 A 18 AÑOS,127
AREQUIPA,2013,FEMENINO,DE 19 A 25 AÑOS,369
AREQUIPA,2013,FEMENINO,DE 26 A 60 AÑOS,648
AREQUIPA,2013,FEMENINO,DE 60 A MÁS AÑOS,108
AREQUIPA,2014,MASCULINO,DE 0 A 5 AÑOS,78
AREQUIPA,2014,MASCULINO,DE 6 A 12 AÑOS,131
AREQUIPA,2014,MASCULINO,DE 13 A 18 AÑOS,157
AREQUIPA,2014,MASCULINO,DE 19 A 25 AÑOS,663
AREQUIPA,2014,MASCULINO,DE 26 A 60 AÑOS,1149
AREQUIPA,2014,MASCULINO,DE 60 A MÁS AÑOS,129
AREQUIPA,2014,FEMENINO,DE 0 A 5 AÑOS,44
AREQUIPA,2014,FEMENINO,DE 6 A 12 AÑOS,89
AREQUIPA,2014,FEMENINO,DE 13 A 18 AÑOS,134
AREQUIPA,2014,FEMENINO,DE 19 A 25 AÑOS,355
AREQUIPA,2014,FEMENINO,DE 26 A 60 AÑOS,588
AREQUIPA,2014,FEMENINO,DE 60 A MÁS AÑOS,100
AREQUIPA,2015,MASCULINO,DE 0 A 5 AÑOS,139
AREQUIPA,2015,MASCULINO,DE 6 A 12 AÑOS,136
AREQUIPA,2015,MASCULINO,DE 13 A 18 AÑOS,145
AREQUIPA,2015,MASCULINO,DE 19 A 25 AÑOS,493
AREQUIPA,2015,MASCULINO,DE 26 A 60 AÑOS,962
AREQUIPA,2015,MASCULINO,DE 60 A MÁS AÑOS,125
AREQUIPA,2015,FEMENINO,DE 0 A 5 AÑOS,52
AREQUIPA,2015,FEMENINO,DE 6 A 12 AÑOS,97
AREQUIPA,2015,FEMENINO,DE 13 A 18 AÑOS,155
AREQUIPA,2015,FEMENINO,DE 19 A 25 AÑOS,296
AREQUIPA,2015,FEMENINO,DE 26 A 60 AÑOS,498
AREQUIPA,2015,FEMENINO,DE 60 A MÁS AÑOS,102
AREQUIPA,2016,MASCULINO,DE 0 A 5 AÑOS,118
AREQUIPA,2016,MASCULINO,DE 6 A 12 AÑOS,104
AREQUIPA,2016,MASCULINO,DE 13 A 18 AÑOS,162
AREQUIPA,2016,MASCULINO,DE 19 A 25 AÑOS,461
AREQUIPA,2016,MASCULINO,DE 26 A 60 AÑOS,973
AREQUIPA,2016,MASCULINO,DE 60 A MÁS AÑOS,152
AREQUIPA,2016,FEMENINO,DE 0 A 5 AÑOS,82
AREQUIPA,2016,FEMENINO,DE 6 A 12 AÑOS,112
AREQUIPA,2016,FEMENINO,DE 13 A 18 AÑOS,128
AREQUIPA,2016,FEMENINO,DE 19 A 25 AÑOS,344
AREQUIPA,2016,FEMENINO,DE 26 A 60 AÑOS,535
AREQUIPA,2016,FEMENINO,DE 60 A MÁS AÑOS,90
AREQUIPA,2017,MASCULINO,DE 0 A 5 AÑOS,58
AREQUIPA,2017,MASCULINO,DE 6 A 12 AÑOS,76
AREQUIPA,2017,MASCULINO,DE 13 A 18 AÑOS,129
AREQUIPA,2017,MASCULINO,DE 19 A 25 AÑOS,434
AREQUIPA,2017,MASCULINO,DE 26 A 60 AÑOS,961
AREQUIPA,2017,MASCULINO,DE 60 A MÁS AÑOS,124
AREQUIPA,2017,FEMENINO,DE 0 A 5 AÑOS,51
AREQUIPA,2017,FEMENINO,DE 6 A 12 AÑOS,65
AREQUIPA,2017,FEMENINO,DE 13 A 18 AÑOS,83
AREQUIPA,2017,FEMENINO,DE 19 A 25 AÑOS,260
AREQUIPA,2017,FEMENINO,DE 26 A 60 AÑOS,522
AREQUIPA,2017,FEMENINO,DE 60 A MÁS AÑOS,71
AREQUIPA,2018,MASCULINO,DE 0 A 5 AÑOS,45
AREQUIPA,2018,MASCULINO,DE 6 A 11 AÑOS,77
AREQUIPA,2018,MASCULINO,DE 12 A 17 AÑOS,130
AREQUIPA,2018,MASCULINO,DE 18 A 29 AÑOS,744
AREQUIPA,2018,MASCULINO,DE 30 A 59 AÑOS,812
AREQUIPA,2018,MASCULINO,DE 60 A MÁS AÑOS,154
AREQUIPA,2018,FEMENINO,DE 0 A 5 AÑOS,43
AREQUIPA,2018,FEMENINO,DE 6 A 11 AÑOS,76
AREQUIPA,2018,FEMENINO,DE 12 A 17 AÑOS,107
AREQUIPA,2018,FEMENINO,DE 18 A 29 AÑOS,409
AREQUIPA,2018,FEMENINO,DE 30 A 59 AÑOS,459
AREQUIPA,2018,FEMENINO,DE 60 A MÁS AÑOS,91
AREQUIPA,2019,MASCULINO,DE 0 A 5 AÑOS,71
AREQUIPA,2019,MASCULINO,DE 6 A 11 AÑOS,76
AREQUIPA,2019,MASCULINO,DE 12 A 17 AÑOS,83
AREQUIPA,2019,MASCULINO,DE 18 A 29 AÑOS,635
AREQUIPA,2019,MASCULINO,DE 30 A 59 AÑOS,883
AREQUIPA,2019,MASCULINO,DE 60 A MÁS AÑOS,135
AREQUIPA,2019,FEMENINO,DE 0 A 5 AÑOS,65
AREQUIPA,2019,FEMENINO,DE 6 A 11 AÑOS,46
AREQUIPA,2019,FEMENINO,DE 12 A 17 AÑOS,64
AREQUIPA,2019,FEMENINO,DE 18 A 29 AÑOS,405
AREQUIPA,2019,FEMENINO,DE 30 A 59 AÑOS,481
AREQUIPA,2019,FEMENINO,DE 60 A MÁS AÑOS,78
AREQUIPA,2020,MASCULINO,DE 0 A 5 AÑOS,20
AREQUIPA,2020,MASCULINO,DE 6 A 11 AÑOS,28
AREQUIPA,2020,MASCULINO,DE 12 A 17 AÑOS,41
AREQUIPA,2020,MASCULINO,DE 18 A 29 AÑOS,441
AREQUIPA,2020,MASCULINO,DE 30 A 59 AÑOS,523
AREQUIPA,2020,MASCULINO,DE 60 A MÁS AÑOS,77
AREQUIPA,2020,FEMENINO,DE 0 A 5 AÑOS,24
AREQUIPA,2020,FEMENINO,DE 6 A 11 AÑOS,18
AREQUIPA,2020,FEMENINO,DE 12 A 17 AÑOS,25
AREQUIPA,2020,FEMENINO,DE 18 A 29 AÑOS,226
AREQUIPA,2020,FEMENINO,DE 30 A 59 AÑOS,221
AREQUIPA,2020,FEMENINO,DE 60 A MÁS AÑOS,46
AREQUIPA,2021,MASCULINO,DE 0 A 5 AÑOS,18
AREQUIPA,2021,MASCULINO,DE 6 A 11 AÑOS,39
AREQUIPA,2021,MASCULINO,DE 12 A 17 AÑOS,70
AREQUIPA,2021,MASCULINO,DE 18 A 29 AÑOS,608
AREQUIPA,2021,MASCULINO,DE 30 A 59 AÑOS,763
AREQUIPA,2021,MASCULINO,DE 60 A MÁS AÑOS,77
AREQUIPA,2021,FEMENINO,DE 0 A 5 AÑOS,20
AREQUIPA,2021,FEMENINO,DE 6 A 11 AÑOS,28
AREQUIPA,2021,FEMENINO,DE 12 A 17 AÑOS,58
AREQUIPA,2021,FEMENINO,DE 18 A 29 AÑOS,289
AREQUIPA,2021,FEMENINO,DE 30 A 59 AÑOS,348
AREQUIPA,2021,FEMENINO,DE 60 A MÁS AÑOS,36
AREQUIPA,2022,MASCULINO,DE 0 A 5 AÑOS,35
AREQUIPA,2022,MASCULINO,DE 6 A 11 AÑOS,49
AREQUIPA,2022,MASCULINO,DE 12 A 17 AÑOS,97
AREQUIPA,2022,MASCULINO,DE 18 A 29 AÑOS,643
AREQUIPA,2022,MASCULINO,DE 30 A 59 AÑOS,837
AREQUIPA,2022,MASCULINO,DE 60 A MÁS AÑOS,84
AREQUIPA,2022,FEMENINO,DE 0 A 5 AÑOS,41
AREQUIPA,2022,FEMENINO,DE 6 A 11 AÑOS,56
AREQUIPA,2022,FEMENINO,DE 12 A 17 AÑOS,70
AREQUIPA,2022,FEMENINO,DE 18 A 29 AÑOS,301
AREQUIPA,2022,FEMENINO,DE 30 A 59 AÑOS,401
AREQUIPA,2022,FEMENINO,DE 60 A MÁS AÑOS,62
AREQUIPA,2023,MASCULINO,DE 0 A 5 AÑOS,84
AREQUIPA,2023,MASCULINO,DE 6 A 11 AÑOS,80
AREQUIPA,2023,MASCULINO,DE 12 A 17 AÑOS,108
AREQUIPA,2023,MASCULINO,DE 18 A 29 AÑOS,705
AREQUIPA,2023,MASCULINO,DE 30 A 59 AÑOS,868
AREQUIPA,2023,MASCULINO,DE 60 A MÁS AÑOS,138
AREQUIPA,2023,FEMENINO,DE 0 A 5 AÑOS,87
AREQUIPA,2023,FEMENINO,DE 6 A 11 AÑOS,54
AREQUIPA,2023,FEMENINO,DE 12 A 17 AÑOS,93
AREQUIPA,2023,FEMENINO,DE 18 A 29 AÑOS,329
AREQUIPA,2023,FEMENINO,DE 30 A 59 AÑOS,343
AREQUIPA,2023,FEMENINO,DE 60 A MÁS AÑOS,82
AREQUIPA,2024,MASCULINO,DE 0 A 5 AÑOS,29
AREQUIPA,2024,MASCULINO,DE 6 A 11 AÑOS,58
AREQUIPA,2024,MASCULINO,DE 12 A 17 AÑOS,91
AREQUIPA,2024,MASCULINO,DE 18 A 29 AÑOS,677
AREQUIPA,2024,MASCULINO,DE 30 A 59 AÑOS,1028
AREQUIPA,2024,MASCULINO,DE 60 A MÁS AÑOS,129
AREQUIPA,2024,FEMENINO,DE 0 A 5 AÑOS,41
AREQUIPA,2024,FEMENINO,DE 6 A 11 AÑOS,42
AREQUIPA,2024,FEMENINO,DE 12 A 17 AÑOS,98
AREQUIPA,2024,FEMENINO,DE 18 A 29 AÑOS,321
AREQUIPA,2024,FEMENINO,DE 30 A 59 AÑOS,440
AREQUIPA,2024,FEMENINO,DE 60 A MÁS AÑOS,97
AYACUCHO,2008,MASCULINO,MENOR DE 18 AÑOS,84
AYACUCHO,2008,MASCULINO,MAYOR DE 18 AÑOS,298
AYACUCHO,2008,FEMENINO,MENOR DE 18 AÑOS,72
AYACUCHO,2008,FEMENINO,MAYOR DE 18 AÑOS,120
AYACUCHO,2009,MASCULINO,MENOR DE 18 AÑOS,43
AYACUCHO,2009,MASCULINO,MAYOR DE 18 AÑOS,257
AYACUCHO,2009,FEMENINO,MENOR DE 18 AÑOS,42
AYACUCHO,2009,FEMENINO,MAYOR DE 18 AÑOS,141
AYACUCHO,2010,MASCULINO,DE 0 A 5 AÑOS,33
AYACUCHO,2010,MASCULINO,DE 6 A 12 AÑOS,69
AYACUCHO,2010,MASCULINO,DE 13 A 18 AÑOS,33
AYACUCHO,2010,MASCULINO,DE 19 A 25 AÑOS,98
AYACUCHO,2010,MASCULINO,DE 26 A 60 AÑOS,158
AYACUCHO,2010,MASCULINO,DE 60 A MÁS AÑOS,40
AYACUCHO,2010,FEMENINO,DE 0 A 5 AÑOS,24
AYACUCHO,2010,FEMENINO,DE 6 A 12 AÑOS,44
AYACUCHO,2010,FEMENINO,DE 13 A 18 AÑOS,49
AYACUCHO,2010,FEMENINO,DE 19 A 25 AÑOS,65
AYACUCHO,2010,FEMENINO,DE 26 A 60 AÑOS,88
AYACUCHO,2010,FEMENINO,DE 60 A MÁS AÑOS,23
AYACUCHO,2011,MASCULINO,DE 0 A 5 AÑOS,30
AYACUCHO,2011,MASCULINO,DE 6 A 12 AÑOS,18
AYACUCHO,2011,MASCULINO,DE 13 A 18 AÑOS,21
AYACUCHO,2011,MASCULINO,DE 19 A 25 AÑOS,78
AYACUCHO,2011,MASCULINO,DE 26 A 60 AÑOS,157
AYACUCHO,2011,MASCULINO,DE 60 A MÁS AÑOS,13
AYACUCHO,2011,FEMENINO,DE 0 A 5 AÑOS,13
AYACUCHO,2011,FEMENINO,DE 6 A 12 AÑOS,13
AYACUCHO,2011,FEMENINO,DE 13 A 18 AÑOS,24
AYACUCHO,2011,FEMENINO,DE 19 A 25 AÑOS,40
AYACUCHO,2011,FEMENINO,DE 26 A 60 AÑOS,97
AYACUCHO,2011,FEMENINO,DE 60 A MÁS AÑOS,6
AYACUCHO,2012,MASCULINO,DE 0 A 5 AÑOS,29
AYACUCHO,2012,MASCULINO,DE 6 A 12 AÑOS,33
AYACUCHO,2012,MASCULINO,DE 13 A 18 AÑOS,45
AYACUCHO,2012,MASCULINO,DE 19 A 25 AÑOS,85
AYACUCHO,2012,MASCULINO,DE 26 A 60 AÑOS,219
AYACUCHO,2012,MASCULINO,DE 60 A MÁS AÑOS,25
AYACUCHO,2012,FEMENINO,DE 0 A 5 AÑOS,16
AYACUCHO,2012,FEMENINO,DE 6 A 12 AÑOS,36
AYACUCHO,2012,FEMENINO,DE 13 A 18 AÑOS,38
AYACUCHO,2012,FEMENINO,DE 19 A 25 AÑOS,68
AYACUCHO,2012,FEMENINO,DE 26 A 60 AÑOS,111
AYACUCHO,2012,FEMENINO,DE 60 A MÁS AÑOS,5
AYACUCHO,2013,MASCULINO,DE 0 A 5 AÑOS,19
AYACUCHO,2013,MASCULINO,DE 6 A 12 AÑOS,47
AYACUCHO,2013,MASCULINO,DE 13 A 18 AÑOS,53
AYACUCHO,2013,MASCULINO,DE 19 A 25 AÑOS,108
AYACUCHO,2013,MASCULINO,DE 26 A 60 AÑOS,206
AYACUCHO,2013,MASCULINO,DE 60 A MÁS AÑOS,38
AYACUCHO,2013,FEMENINO,DE 0 A 5 AÑOS,10
AYACUCHO,2013,FEMENINO,DE 6 A 12 AÑOS,32
AYACUCHO,2013,FEMENINO,DE 13 A 18 AÑOS,32
AYACUCHO,2013,FEMENINO,DE 19 A 25 AÑOS,49
AYACUCHO,2013,FEMENINO,DE 26 A 60 AÑOS,142
AYACUCHO,2013,FEMENINO,DE 60 A MÁS AÑOS,16
AYACUCHO,2014,MASCULINO,DE 0 A 5 AÑOS,21
AYACUCHO,2014,MASCULINO,DE 6 A 12 AÑOS,68
AYACUCHO,2014,MASCULINO,DE 13 A 18 AÑOS,67
AYACUCHO,2014,MASCULINO,DE 19 A 25 AÑOS,150
AYACUCHO,2014,MASCULINO,DE 26 A 60 AÑOS,234
AYACUCHO,2014,MASCULINO,DE 60 A MÁS AÑOS,19
AYACUCHO,2014,FEMENINO,DE 0 A 5 AÑOS,10
AYACUCHO,2014,FEMENINO,DE 6 A 12 AÑOS,24
AYACUCHO,2014,FEMENINO,DE 13 A 18 AÑOS,35
AYACUCHO,2014,FEMENINO,DE 19 A 25 AÑOS,44
AYACUCHO,2014,FEMENINO,DE 26 A 60 AÑOS,94
AYACUCHO,2014,FEMENINO,DE 60 A MÁS AÑOS,23
AYACUCHO,2015,MASCULINO,DE 0 A 5 AÑOS,28
AYACUCHO,2015,MASCULINO,DE 6 A 12 AÑOS,36
AYACUCHO,2015,MASCULINO,DE 13 A 18 AÑOS,42
AYACUCHO,2015,MASCULINO,DE 19 A 25 AÑOS,189
AYACUCHO,2015,MASCULINO,DE 26 A 60 AÑOS,314
AYACUCHO,2015,MASCULINO,DE 60 A MÁS AÑOS,32
AYACUCHO,2015,FEMENINO,DE 0 A 5 AÑOS,10
AYACUCHO,2015,FEMENINO,DE 6 A 12 AÑOS,21
AYACUCHO,2015,FEMENINO,DE 13 A 18 AÑOS,30
AYACUCHO,2015,FEMENINO,DE 19 A 25 AÑOS,71
AYACUCHO,2015,FEMENINO,DE 26 A 60 AÑOS,128
AYACUCHO,2015,FEMENINO,DE 60 A MÁS AÑOS,17
AYACUCHO,2016,MASCULINO,DE 0 A 5 AÑOS,44
AYACUCHO,2016,MASCULINO,DE 6 A 12 AÑOS,48
AYACUCHO,2016,MASCULINO,DE 13 A 18 AÑOS,56
AYACUCHO,2016,MASCULINO,DE 19 A 25 AÑOS,169
AYACUCHO,2016,MASCULINO,DE 26 A 60 AÑOS,270
AYACUCHO,2016,MASCULINO,DE 60 A MÁS AÑOS,38
AYACUCHO,2016,FEMENINO,DE 0 A 5 AÑOS,23
AYACUCHO,2016,FEMENINO,DE 6 A 12 AÑOS,29
AYACUCHO,2016,FEMENINO,DE 13 A 18 AÑOS,13
AYACUCHO,2016,FEMENINO,DE 19 A 25 AÑOS,116
AYACUCHO,2016,FEMENINO,DE 26 A 60 AÑOS,107
AYACUCHO,2016,FEMENINO,DE 60 A MÁS AÑOS,22
AYACUCHO,2017,MASCULINO,DE 0 A 5 AÑOS,32
AYACUCHO,2017,MASCULINO,DE 6 A 12 AÑOS,12
AYACUCHO,2017,MASCULINO,DE 13 A 18 AÑOS,28
AYACUCHO,2017,MASCULINO,DE 19 A 25 AÑOS,112
AYACUCHO,2017,MASCULINO,DE 26 A 60 AÑOS,183
AYACUCHO,2017,MASCULINO,DE 60 A MÁS AÑOS,19
AYACUCHO,2017,FEMENINO,DE 0 A 5 AÑOS,3
AYACUCHO,2017,FEMENINO,DE 6 A 12 AÑOS,19
AYACUCHO,2017,FEMENINO,DE 13 A 18 AÑOS,12
AYACUCHO,2017,FEMENINO,DE 19 A 25 AÑOS,59
AYACUCHO,2017,FEMENINO,DE 26 A 60 AÑOS,96
AYACUCHO,2017,FEMENINO,DE 60 A MÁS AÑOS,21
AYACUCHO,2018,MASCULINO,DE 0 A 5 AÑOS,14
AYACUCHO,2018,MASCULINO,DE 6 A 11 AÑOS,8
AYACUCHO,2018,MASCULINO,DE 12 A 17 AÑOS,17
AYACUCHO,2018,MASCULINO,DE 18 A 29 AÑOS,160
AYACUCHO,2018,MASCULINO,DE 30 A 59 AÑOS,139
AYACUCHO,2018,MASCULINO,DE 60 A MÁS AÑOS,18
AYACUCHO,2018,FEMENINO,DE 0 A 5 AÑOS,6
AYACUCHO,2018,FEMENINO,DE 6 A 11 AÑOS,9
AYACUCHO,2018,FEMENINO,DE 12 A 17 AÑOS,15
AYACUCHO,2018,FEMENINO,DE 18 A 29 AÑOS,65
AYACUCHO,2018,FEMENINO,DE 30 A 59 AÑOS,87
AYACUCHO,2018,FEMENINO,DE 60 A MÁS AÑOS,11
AYACUCHO,2019,MASCULINO,DE 0 A 5 AÑOS,4
AYACUCHO,2019,MASCULINO,DE 6 A 11 AÑOS,16
AYACUCHO,2019,MASCULINO,DE 12 A 17 AÑOS,43
AYACUCHO,2019,MASCULINO,DE 18 A 29 AÑOS,114
AYACUCHO,2019,MASCULINO,DE 30 A 59 AÑOS,71
AYACUCHO,2019,MASCULINO,DE 60 A MÁS AÑOS,20
AYACUCHO,2019,FEMENINO,DE 0 A 5 AÑOS,5
AYACUCHO,2019,FEMENINO,DE 6 A 11 AÑOS,11
AYACUCHO,2019,FEMENINO,DE 12 A 17 AÑOS,15
AYACUCHO,2019,FEMENINO,DE 18 A 29 AÑOS,52
AYACUCHO,2019,FEMENINO,DE 30 A 59 AÑOS,62
AYACUCHO,2019,FEMENINO,DE 60 A MÁS AÑOS,7
AYACUCHO,2020,MASCULINO,DE 0 A 5 AÑOS,3
AYACUCHO,2020,MASCULINO,DE 6 A 11 AÑOS,4
AYACUCHO,2020,MASCULINO,DE 12 A 17 AÑOS,23
AYACUCHO,2020,MASCULINO,DE 18 A 29 AÑOS,88
AYACUCHO,2020,MASCULINO,DE 30 A 59 AÑOS,77
AYACUCHO,2020,MASCULINO,DE 60 A MÁS AÑOS,21
AYACUCHO,2020,FEMENINO,DE 0 A 5 AÑOS,4
AYACUCHO,2020,FEMENINO,DE 6 A 11 AÑOS,24
AYACUCHO,2020,FEMENINO,DE 12 A 17 AÑOS,10
AYACUCHO,2020,FEMENINO,DE 18 A 29 AÑOS,43
AYACUCHO,2020,FEMENINO,DE 30 A 59 AÑOS,33
AYACUCHO,2020,FEMENINO,DE 60 A MÁS AÑOS,8
AYACUCHO,2021,MASCULINO,DE 0 A 5 AÑOS,2
AYACUCHO,2021,MASCULINO,DE 6 A 11 AÑOS,1
AYACUCHO,2021,MASCULINO,DE 12 A 17 AÑOS,32
AYACUCHO,2021,MASCULINO,DE 18 A 29 AÑOS,48
AYACUCHO,2021,MASCULINO,DE 30 A 59 AÑOS,47
AYACUCHO,2021,MASCULINO,DE 60 A MÁS AÑOS,7
AYACUCHO,2021,FEMENINO,DE 0 A 5 AÑOS,2
AYACUCHO,2021,FEMENINO,DE 6 A 11 AÑOS,8
AYACUCHO,2021,FEMENINO,DE 12 A 17 AÑOS,16
AYACUCHO,2021,FEMENINO,DE 18 A 29 AÑOS,34
AYACUCHO,2021,FEMENINO,DE 30 A 59 AÑOS,45
AYACUCHO,2021,FEMENINO,DE 60 A MÁS AÑOS,2
AYACUCHO,2022,MASCULINO,DE 0 A 5 AÑOS,6
AYACUCHO,2022,MASCULINO,DE 6 A 11 AÑOS,5
AYACUCHO,2022,MASCULINO,DE 12 A 17 AÑOS,14
AYACUCHO,2022,MASCULINO,DE 18 A 29 AÑOS,64
AYACUCHO,2022,MASCULINO,DE 30 A 59 AÑOS,34
AYACUCHO,2022,MASCULINO,DE 60 A MÁS AÑOS,6
AYACUCHO,2022,FEMENINO,DE 0 A 5 AÑOS,1
AYACUCHO,2022,FEMENINO,DE 6 A 11 AÑOS,7
AYACUCHO,2022,FEMENINO,DE 12 A 17 AÑOS,12
AYACUCHO,2022,FEMENINO,DE 18 A 29 AÑOS,36
AYACUCHO,2022,FEMENINO,DE 30 A 59 AÑOS,21
AYACUCHO,2022,FEMENINO,DE 60 A MÁS AÑOS,2
AYACUCHO,2023,MASCULINO,DE 0 A 5 AÑOS,1
AYACUCHO,2023,MASCULINO,DE 6 A 11 AÑOS,3
AYACUCHO,2023,MASCULINO,DE 12 A 17 AÑOS,14
AYACUCHO,2023,MASCULINO,DE 18 A 29 AÑOS,73
AYACUCHO,2023,MASCULINO,DE 30 A 59 AÑOS,50
AYACUCHO,2023,MASCULINO,DE 60 A MÁS AÑOS,3
AYACUCHO,2023,FEMENINO,DE 0 A 5 AÑOS,1
AYACUCHO,2023,FEMENINO,DE 6 A 11 AÑOS,0
AYACUCHO,2023,FEMENINO,DE 12 A 17 AÑOS,3
AYACUCHO,2023,FEMENINO,DE 18 A 29 AÑOS,30
AYACUCHO,2023,FEMENINO,DE 30 A 59 AÑOS,18
AYACUCHO,2023,FEMENINO,DE 60 A MÁS AÑOS,1
AYACUCHO,2024,MASCULINO,DE 0 A 5 AÑOS,9
AYACUCHO,2024,MASCULINO,DE 6 A 11 AÑOS,18
AYACUCHO,2024,MASCULINO,DE 12 A 17 AÑOS,63
AYACUCHO,2024,MASCULINO,DE 18 A 29 AÑOS,146
AYACUCHO,2024,MASCULINO,DE 30 A 59 AÑOS,100
AYACUCHO,2024,MASCULINO,DE 60 A MÁS AÑOS,13
AYACUCHO,2024,FEMENINO,DE 0 A 5 AÑOS,1
AYACUCHO,2024,FEMENINO,DE 6 A 11 AÑOS,10
AYACUCHO,2024,FEMENINO,DE 12 A 17 AÑOS,17
AYACUCHO,2024,FEMENINO,DE 18 A 29 AÑOS,59
AYACUCHO,2024,FEMENINO,DE 30 A 59 AÑOS,35
AYACUCHO,2024,FEMENINO,DE 60 A MÁS AÑOS,4
CAJAMARCA,2008,MASCULINO,MENOR DE 18 AÑOS,125
CAJAMARCA,2008,MASCULINO,MAYOR DE 18 AÑOS,534
CAJAMARCA,2008,FEMENINO,MENOR DE 18 AÑOS,74
CAJAMARCA,2008,FEMENINO,MAYOR DE 18 AÑOS,186
CAJAMARCA,2009,MASCULINO,MENOR DE 18 AÑOS,183
CAJAMARCA,2009,MASCULINO,MAYOR DE 18 AÑOS,532
CAJAMARCA,2009,FEMENINO,MENOR DE 18 AÑOS,86
CAJAMARCA,2009,FEMENINO,MAYOR DE 18 AÑOS,211
CAJAMARCA,2010,MASCULINO,DE 0 A 5 AÑOS,11
CAJAMARCA,2010,MASCULINO,DE 6 A 12 AÑOS,5
CAJAMARCA,2010,MASCULINO,DE 13 A 18 AÑOS,100
CAJAMARCA,2010,MASCULINO,DE 19 A 25 AÑOS,177
CAJAMARCA,2010,MASCULINO,DE 26 A 60 AÑOS,147
CAJAMARCA,2010,MASCULINO,DE 60 A MÁS AÑOS,20
CAJAMARCA,2010,FEMENINO,DE 0 A 5 AÑOS,1
CAJAMARCA,2010,FEMENINO,DE 6 A 12 AÑOS,1
CAJAMARCA,2010,FEMENINO,DE 13 A 18 AÑOS,39
CAJAMARCA,2010,FEMENINO,DE 19 A 25 AÑOS,57
CAJAMARCA,2010,FEMENINO,DE 26 A 60 AÑOS,53
CAJAMARCA,2010,FEMENINO,DE 60 A MÁS AÑOS,12
CAJAMARCA,2011,MASCULINO,DE 0 A 5 AÑOS,13
CAJAMARCA,2011,MASCULINO,DE 6 A 12 AÑOS,34
CAJAMARCA,2011,MASCULINO,DE 13 A 18 AÑOS,117
CAJAMARCA,2011,MASCULINO,DE 19 A 25 AÑOS,193
CAJAMARCA,2011,MASCULINO,DE 26 A 60 AÑOS,113
CAJAMARCA,2011,MASCULINO,DE 60 A MÁS AÑOS,32
CAJAMARCA,2011,FEMENINO,DE 0 A 5 AÑOS,1
CAJAMARCA,2011,FEMENINO,DE 6 A 12 AÑOS,0
CAJAMARCA,2011,FEMENINO,DE 13 A 18 AÑOS,12
CAJAMARCA,2011,FEMENINO,DE 19 A 25 AÑOS,52
CAJAMARCA,2011,FEMENINO,DE 26 A 60 AÑOS,16
CAJAMARCA,2011,FEMENINO,DE 60 A MÁS AÑOS,1
CAJAMARCA,2012,MASCULINO,DE 0 A 5 AÑOS,20
CAJAMARCA,2012,MASCULINO,DE 6 A 12 AÑOS,60
CAJAMARCA,2012,MASCULINO,DE 13 A 18 AÑOS,211
CAJAMARCA,2012,MASCULINO,DE 19 A 25 AÑOS,200
CAJAMARCA,2012,MASCULINO,DE 26 A 60 AÑOS,152
CAJAMARCA,2012,MASCULINO,DE 60 A MÁS AÑOS,18
CAJAMARCA,2012,FEMENINO,DE 0 A 5 AÑOS,3
CAJAMARCA,2012,FEMENINO,DE 6 A 12 AÑOS,17
CAJAMARCA,2012,FEMENINO,DE 13 A 18 AÑOS,61
CAJAMARCA,2012,FEMENINO,DE 19 A 25 AÑOS,104
CAJAMARCA,2012,FEMENINO,DE 26 A 60 AÑOS,73
CAJAMARCA,2012,FEMENINO,DE 60 A MÁS AÑOS,19
CAJAMARCA,2013,MASCULINO,DE 0 A 5 AÑOS,39
CAJAMARCA,2013,MASCULINO,DE 6 A 12 AÑOS,47
CAJAMARCA,2013,MASCULINO,DE 13 A 18 AÑOS,122
CAJAMARCA,2013,MASCULINO,DE 19 A 25 AÑOS,325
CAJAMARCA,2013,MASCULINO,DE 26 A 60 AÑOS,371
CAJAMARCA,2013,MASCULINO,DE 60 A MÁS AÑOS,42
CAJAMARCA,2013,FEMENINO,DE 0 A 5 AÑOS,9
CAJAMARCA,2013,FEMENINO,DE 6 A 12 AÑOS,6
CAJAMARCA,2013,FEMENINO,DE 13 A 18 AÑOS,51
CAJAMARCA,2013,FEMENINO,DE 19 A 25 AÑOS,81
CAJAMARCA,2013,FEMENINO,DE 26 A 60 AÑOS,89
CAJAMARCA,2013,FEMENINO,DE 60 A MÁS AÑOS,14
CAJAMARCA,2014,MASCULINO,DE 0 A 5 AÑOS,31
CAJAMARCA,2014,MASCULINO,DE 6 A 12 AÑOS,56
CAJAMARCA,2014,MASCULINO,DE 13 A 18 AÑOS,166
CAJAMARCA,2014,MASCULINO,DE 19 A 25 AÑOS,317
CAJAMARCA,2014,MASCULINO,DE 26 A 60 AÑOS,442
CAJAMARCA,2014,MASCULINO,DE 60 A MÁS AÑOS,50
CAJAMARCA,2014,FEMENINO,DE 0 A 5 AÑOS,16
CAJAMARCA,2014,FEMENINO,DE 6 A 12 AÑOS,26
CAJAMARCA,2014,FEMENINO,DE 13 A 18 AÑOS,52
CAJAMARCA,2014,FEMENINO,DE 19 A 25 AÑOS,82
CAJAMARCA,2014,FEMENINO,DE 26 A 60 AÑOS,159
CAJAMARCA,2014,FEMENINO,DE 60 A MÁS AÑOS,18
CAJAMARCA,2015,MASCULINO,DE 0 A 5 AÑOS,25
CAJAMARCA,2015,MASCULINO,DE 6 A 12 AÑOS,49
CAJAMARCA,2015,MASCULINO,DE 13 A 18 AÑOS,95
CAJAMARCA,2015,MASCULINO,DE 19 A 25 AÑOS,209
CAJAMARCA,2015,MASCULINO,DE 26 A 60 AÑOS,234
CAJAMARCA,2015,MASCULINO,DE 60 A MÁS AÑOS,46
CAJAMARCA,2015,FEMENINO,DE 0 A 5 AÑOS,17
CAJAMARCA,2015,FEMENINO,DE 6 A 12 AÑOS,26
CAJAMARCA,2015,FEMENINO,DE 13 A 18 AÑOS,38
CAJAMARCA,2015,FEMENINO,DE 19 A 25 AÑOS,68
CAJAMARCA,2015,FEMENINO,DE 26 A 60 AÑOS,98
CAJAMARCA,2015,FEMENINO,DE 60 A MÁS AÑOS,28
CAJAMARCA,2016,MASCULINO,DE 0 A 5 AÑOS,49
CAJAMARCA,2016,MASCULINO,DE 6 A 12 AÑOS,65
CAJAMARCA,2016,MASCULINO,DE 13 A 18 AÑOS,52
CAJAMARCA,2016,MASCULINO,DE 19 A 25 AÑOS,223
CAJAMARCA,2016,MASCULINO,DE 26 A 60 AÑOS,348
CAJAMARCA,2016,MASCULINO,DE 60 A MÁS AÑOS,24
CAJAMARCA,2016,FEMENINO,DE 0 A 5 AÑOS,11
CAJAMARCA,2016,FEMENINO,DE 6 A 12 AÑOS,18
CAJAMARCA,2016,FEMENINO,DE 13 A 18 AÑOS,49
CAJAMARCA,2016,FEMENINO,DE 19 A 25 AÑOS,108
CAJAMARCA,2016,FEMENINO,DE 26 A 60 AÑOS,158
CAJAMARCA,2016,FEMENINO,DE 60 A MÁS AÑOS,19
CAJAMARCA,2017,MASCULINO,DE 0 A 5 AÑOS,70
CAJAMARCA,2017,MASCULINO,DE 6 A 12 AÑOS,56
CAJAMARCA,2017,MASCULINO,DE 13 A 18 AÑOS,83
CAJAMARCA,2017,MASCULINO,DE 19 A 25 AÑOS,245
CAJAMARCA,2017,MASCULINO,DE 26 A 60 AÑOS,503
CAJAMARCA,2017,MASCULINO,DE 60 A MÁS AÑOS,60
CAJAMARCA,2017,FEMENINO,DE 0 A 5 AÑOS,38
CAJAMARCA,2017,FEMENINO,DE 6 A 12 AÑOS,44
CAJAMARCA,2017,FEMENINO,DE 13 A 18 AÑOS,48
CAJAMARCA,2017,FEMENINO,DE 19 A 25 AÑOS,104
CAJAMARCA,2017,FEMENINO,DE 26 A 60 AÑOS,243
CAJAMARCA,2017,FEMENINO,DE 60 A MÁS AÑOS,39
CAJAMARCA,2018,MASCULINO,DE 0 A 5 AÑOS,46
CAJAMARCA,2018,MASCULINO,DE 6 A 11 AÑOS,55
CAJAMARCA,2018,MASCULINO,DE 12 A 17 AÑOS,97
CAJAMARCA,2018,MASCULINO,DE 18 A 29 AÑOS,352
CAJAMARCA,2018,MASCULINO,DE 30 A 59 AÑOS,496
CAJAMARCA,2018,MASCULINO,DE 60 A MÁS AÑOS,68
CAJAMARCA,2018,FEMENINO,DE 0 A 5 AÑOS,39
CAJAMARCA,2018,FEMENINO,DE 6 A 11 AÑOS,51
CAJAMARCA,2018,FEMENINO,DE 12 A 17 AÑOS,85
CAJAMARCA,2018,FEMENINO,DE 18 A 29 AÑOS,190
CAJAMARCA,2018,FEMENINO,DE 30 A 59 AÑOS,302
CAJAMARCA,2018,FEMENINO,DE 60 A MÁS AÑOS,41
CAJAMARCA,2019,MASCULINO,DE 0 A 5 AÑOS,50
CAJAMARCA,2019,MASCULINO,DE 6 A 11 AÑOS,65
CAJAMARCA,2019,MASCULINO,DE 12 A 17 AÑOS,93
CAJAMARCA,2019,MASCULINO,DE 18 A 29 AÑOS,422
CAJAMARCA,2019,MASCULINO,DE 30 A 59 AÑOS,513
CAJAMARCA,2019,MASCULINO,DE 60 A MÁS AÑOS,88
CAJAMARCA,2019,FEMENINO,DE 0 A 5 AÑOS,25
CAJAMARCA,2019,FEMENINO,DE 6 A 11 AÑOS,59
CAJAMARCA,2019,FEMENINO,DE 12 A 17 AÑOS,43
CAJAMARCA,2019,FEMENINO,DE 18 A 29 AÑOS,211
CAJAMARCA,2019,FEMENINO,DE 30 A 59 AÑOS,233
CAJAMARCA,2019,FEMENINO,DE 60 A MÁS AÑOS,82
CAJAMARCA,2020,MASCULINO,DE 0 A 5 AÑOS,19
CAJAMARCA,2020,MASCULINO,DE 6 A 11 AÑOS,71
CAJAMARCA,2020,MASCULINO,DE 12 A 17 AÑOS,69
CAJAMARCA,2020,MASCULINO,DE 18 A 29 AÑOS,445
CAJAMARCA,2020,MASCULINO,DE 30 A 59 AÑOS,336
CAJAMARCA,2020,MASCULINO,DE 60 A MÁS AÑOS,52
CAJAMARCA,2020,FEMENINO,DE 0 A 5 AÑOS,6
CAJAMARCA,2020,FEMENINO,DE 6 A 11 AÑOS,12
CAJAMARCA,2020,FEMENINO,DE 12 A 17 AÑOS,30
CAJAMARCA,2020,FEMENINO,DE 18 A 29 AÑOS,182
CAJAMARCA,2020,FEMENINO,DE 30 A 59 AÑOS,150
CAJAMARCA,2020,FEMENINO,DE 60 A MÁS AÑOS,27
CAJAMARCA,2021,MASCULINO,DE 0 A 5 AÑOS,16
CAJAMARCA,2021,MASCULINO,DE 6 A 11 AÑOS,29
CAJAMARCA,2021,MASCULINO,DE 12 A 17 AÑOS,85
CAJAMARCA,2021,MASCULINO,DE 18 A 29 AÑOS,495
CAJAMARCA,2021,MASCULINO,DE 30 A 59 AÑOS,555
CAJAMARCA,2021,MASCULINO,DE 60 A MÁS AÑOS,59
CAJAMARCA,2021,FEMENINO,DE 0 A 5 AÑOS,11
CAJAMARCA,2021,FEMENINO,DE 6 A 11 AÑOS,18
CAJAMARCA,2021,FEMENINO,DE 12 A 17 AÑOS,30
CAJAMARCA,2021,FEMENINO,DE 18 A 29 AÑOS,97
CAJAMARCA,2021,FEMENINO,DE 30 A 59 AÑOS,151
CAJAMARCA,2021,FEMENINO,DE 60 A MÁS AÑOS,36
CAJAMARCA,2022,MASCULINO,DE 0 A 5 AÑOS,12
CAJAMARCA,2022,MASCULINO,DE 6 A 11 AÑOS,39
CAJAMARCA,2022,MASCULINO,DE 12 A 17 AÑOS,74
CAJAMARCA,2022,MASCULINO,DE 18 A 29 AÑOS,420
CAJAMARCA,2022,MASCULINO,DE 30 A 59 AÑOS,714
CAJAMARCA,2022,MASCULINO,DE 60 A MÁS AÑOS,61
CAJAMARCA,2022,FEMENINO,DE 0 A 5 AÑOS,18
CAJAMARCA,2022,FEMENINO,DE 6 A 11 AÑOS,25
CAJAMARCA,2022,FEMENINO,DE 12 A 17 AÑOS,41
CAJAMARCA,2022,FEMENINO,DE 18 A 29 AÑOS,177
CAJAMARCA,2022,FEMENINO,DE 30 A 59 AÑOS,172
CAJAMARCA,2022,FEMENINO,DE 60 A MÁS AÑOS,49
CAJAMARCA,2023,MASCULINO,DE 0 A 5 AÑOS,24
CAJAMARCA,2023,MASCULINO,DE 6 A 11 AÑOS,27
CAJAMARCA,2023,MASCULINO,DE 12 A 17 AÑOS,76
CAJAMARCA,2023,MASCULINO,DE 18 A 29 AÑOS,454
CAJAMARCA,2023,MASCULINO,DE 30 A 59 AÑOS,758
CAJAMARCA,2023,MASCULINO,DE 60 A MÁS AÑOS,82
CAJAMARCA,2023,FEMENINO,DE 0 A 5 AÑOS,20
CAJAMARCA,2023,FEMENINO,DE 6 A 11 AÑOS,18
CAJAMARCA,2023,FEMENINO,DE 12 A 17 AÑOS,79
CAJAMARCA,2023,FEMENINO,DE 18 A 29 AÑOS,153
CAJAMARCA,2023,FEMENINO,DE 30 A 59 AÑOS,173
CAJAMARCA,2023,FEMENINO,DE 60 A MÁS AÑOS,30
CAJAMARCA,2024,MASCULINO,DE 0 A 5 AÑOS,17
CAJAMARCA,2024,MASCULINO,DE 6 A 11 AÑOS,43
CAJAMARCA,2024,MASCULINO,DE 12 A 17 AÑOS,98
CAJAMARCA,2024,MASCULINO,DE 18 A 29 AÑOS,546
CAJAMARCA,2024,MASCULINO,DE 30 A 59 AÑOS,747
CAJAMARCA,2024,MASCULINO,DE 60 A MÁS AÑOS,143
CAJAMARCA,2024,FEMENINO,DE 0 A 5 AÑOS,16
CAJAMARCA,2024,FEMENINO,DE 6 A 11 AÑOS,27
CAJAMARCA,2024,FEMENINO,DE 12 A 17 AÑOS,66
CAJAMARCA,2024,FEMENINO,DE 18 A 29 AÑOS,192
CAJAMARCA,2024,FEMENINO,DE 30 A 59 AÑOS,263
CAJAMARCA,2024,FEMENINO,DE 60 A MÁS AÑOS,49
CALLAO,2008,MASCULINO,MENOR DE 18 AÑOS,248
CALLAO,2008,MASCULINO,MAYOR DE 18 AÑOS,1260
CALLAO,2008,FEMENINO,MENOR DE 18 AÑOS,107
CALLAO,2008,FEMENINO,MAYOR DE 18 AÑOS,512
CALLAO,2009,MASCULINO,MENOR DE 18 AÑOS,202
CALLAO,2009,MASCULINO,MAYOR DE 18 AÑOS,1132
CALLAO,2009,FEMENINO,MENOR DE 18 AÑOS,148
CALLAO,2009,FEMENINO,MAYOR DE 18 AÑOS,461
CALLAO,2010,MASCULINO,DE 0 A 5 AÑOS,29
CALLAO,2010,MASCULINO,DE 6 A 12 AÑOS,69
CALLAO,2010,MASCULINO,DE 13 A 18 AÑOS,115
CALLAO,2010,MASCULINO,DE 19 A 25 AÑOS,352
CALLAO,2010,MASCULINO,DE 26 A 60 AÑOS,501
CALLAO,2010,MASCULINO,DE 60 A MÁS AÑOS,99
CALLAO,2010,FEMENINO,DE 0 A 5 AÑOS,24
CALLAO,2010,FEMENINO,DE 6 A 12 AÑOS,66
CALLAO,2010,FEMENINO,DE 13 A 18 AÑOS,94
CALLAO,2010,FEMENINO,DE 19 A 25 AÑOS,162
CALLAO,2010,FEMENINO,DE 26 A 60 AÑOS,320
CALLAO,2010,FEMENINO,DE 60 A MÁS AÑOS,47
CALLAO,2011,MASCULINO,DE 0 A 5 AÑOS,39
CALLAO,2011,MASCULINO,DE 6 A 12 AÑOS,74
CALLAO,2011,MASCULINO,DE 13 A 18 AÑOS,101
CALLAO,2011,MASCULINO,DE 19 A 25 AÑOS,261
CALLAO,2011,MASCULINO,DE 26 A 60 AÑOS,561
CALLAO,2011,MASCULINO,DE 60 A MÁS AÑOS,60
CALLAO,2011,FEMENINO,DE 0 A 5 AÑOS,30
CALLAO,2011,FEMENINO,DE 6 A 12 AÑOS,70
CALLAO,2011,FEMENINO,DE 13 A 18 AÑOS,45
CALLAO,2011,FEMENINO,DE 19 A 25 AÑOS,139
CALLAO,2011,FEMENINO,DE 26 A 60 AÑOS,359
CALLAO,2011,FEMENINO,DE 60 A MÁS AÑOS,57
CALLAO,2012,MASCULINO,DE 0 A 5 AÑOS,45
CALLAO,2012,MASCULINO,DE 6 A 12 AÑOS,76
CALLAO,2012,MASCULINO,DE 13 A 18 AÑOS,83
CALLAO,2012,MASCULINO,DE 19 A 25 AÑOS,432
CALLAO,2012,MASCULINO,DE 26 A 60 AÑOS,538
CALLAO,2012,MASCULINO,DE 60 A MÁS AÑOS,62
CALLAO,2012,FEMENINO,DE 0 A 5 AÑOS,13
CALLAO,2012,FEMENINO,DE 6 A 12 AÑOS,42
CALLAO,2012,FEMENINO,DE 13 A 18 AÑOS,56
CALLAO,2012,FEMENINO,DE 19 A 25 AÑOS,210
CALLAO,2012,FEMENINO,DE 26 A 60 AÑOS,397
CALLAO,2012,FEMENINO,DE 60 A MÁS AÑOS,53
CALLAO,2013,MASCULINO,DE 0 A 5 AÑOS,55
CALLAO,2013,MASCULINO,DE 6 A 12 AÑOS,114
CALLAO,2013,MASCULINO,DE 13 A 18 AÑOS,160
CALLAO,2013,MASCULINO,DE 19 A 25 AÑOS,388
CALLAO,2013,MASCULINO,DE 26 A 60 AÑOS,649
CALLAO,2013,MASCULINO,DE 60 A MÁS AÑOS,78
CALLAO,2013,FEMENINO,DE 0 A 5 AÑOS,27
CALLAO,2013,FEMENINO,DE 6 A 12 AÑOS,62
CALLAO,2013,FEMENINO,DE 13 A 18 AÑOS,116
CALLAO,2013,FEMENINO,DE 19 A 25 AÑOS,276
CALLAO,2013,FEMENINO,DE 26 A 60 AÑOS,464
CALLAO,2013,FEMENINO,DE 60 A MÁS AÑOS,51
CALLAO,2014,MASCULINO,DE 0 A 5 AÑOS,50
CALLAO,2014,MASCULINO,DE 6 A 12 AÑOS,80
CALLAO,2014,MASCULINO,DE 13 A 18 AÑOS,71
CALLAO,2014,MASCULINO,DE 19 A 25 AÑOS,491
CALLAO,2014,MASCULINO,DE 26 A 60 AÑOS,654
CALLAO,2014,MASCULINO,DE 60 A MÁS AÑOS,71
CALLAO,2014,FEMENINO,DE 0 A 5 AÑOS,38
CALLAO,2014,FEMENINO,DE 6 A 12 AÑOS,69
CALLAO,2014,FEMENINO,DE 13 A 18 AÑOS,60
CALLAO,2014,FEMENINO,DE 19 A 25 AÑOS,227
CALLAO,2014,FEMENINO,DE 26 A 60 AÑOS,462
CALLAO,2014,FEMENINO,DE 60 A MÁS AÑOS,95
CALLAO,2015,MASCULINO,DE 0 A 5 AÑOS,48
CALLAO,2015,MASCULINO,DE 6 A 12 AÑOS,59
CALLAO,2015,MASCULINO,DE 13 A 18 AÑOS,69
CALLAO,2015,MASCULINO,DE 19 A 25 AÑOS,366
CALLAO,2015,MASCULINO,DE 26 A 60 AÑOS,629
CALLAO,2015,MASCULINO,DE 60 A MÁS AÑOS,97
CALLAO,2015,FEMENINO,DE 0 A 5 AÑOS,28
CALLAO,2015,FEMENINO,DE 6 A 12 AÑOS,58
CALLAO,2015,FEMENINO,DE 13 A 18 AÑOS,53
CALLAO,2015,FEMENINO,DE 19 A 25 AÑOS,205
CALLAO,2015,FEMENINO,DE 26 A 60 AÑOS,431
CALLAO,2015,FEMENINO,DE 60 A MÁS AÑOS,61
CALLAO,2016,MASCULINO,DE 0 A 5 AÑOS,42
CALLAO,2016,MASCULINO,DE 6 A 12 AÑOS,51
CALLAO,2016,MASCULINO,DE 13 A 18 AÑOS,55
CALLAO,2016,MASCULINO,DE 19 A 25 AÑOS,423
CALLAO,2016,MASCULINO,DE 26 A 60 AÑOS,682
CALLAO,2016,MASCULINO,DE 60 A MÁS AÑOS,57
CALLAO,2016,FEMENINO,DE 0 A 5 AÑOS,26
CALLAO,2016,FEMENINO,DE 6 A 12 AÑOS,70
CALLAO,2016,FEMENINO,DE 13 A 18 AÑOS,59
CALLAO,2016,FEMENINO,DE 19 A 25 AÑOS,173
CALLAO,2016,FEMENINO,DE 26 A 60 AÑOS,468
CALLAO,2016,FEMENINO,DE 60 A MÁS AÑOS,36
CALLAO,2017,MASCULINO,DE 0 A 5 AÑOS,32
CALLAO,2017,MASCULINO,DE 6 A 12 AÑOS,53
CALLAO,2017,MASCULINO,DE 13 A 18 AÑOS,70
CALLAO,2017,MASCULINO,DE 19 A 25 AÑOS,450
CALLAO,2017,MASCULINO,DE 26 A 60 AÑOS,613
CALLAO,2017,MASCULINO,DE 60 A MÁS AÑOS,79
CALLAO,2017,FEMENINO,DE 0 A 5 AÑOS,16
CALLAO,2017,FEMENINO,DE 6 A 12 AÑOS,44
CALLAO,2017,FEMENINO,DE 13 A 18 AÑOS,40
CALLAO,2017,FEMENINO,DE 19 A 25 AÑOS,196
CALLAO,2017,FEMENINO,DE 26 A 60 AÑOS,446
CALLAO,2017,FEMENINO,DE 60 A MÁS AÑOS,64
CALLAO,2018,MASCULINO,DE 0 A 5 AÑOS,15
CALLAO,2018,MASCULINO,DE 6 A 11 AÑOS,29
CALLAO,2018,MASCULINO,DE 12 A 17 AÑOS,44
CALLAO,2018,MASCULINO,DE 18 A 29 AÑOS,413
CALLAO,2018,MASCULINO,DE 30 A 59 AÑOS,481
CALLAO,2018,MASCULINO,DE 60 A MÁS AÑOS,108
CALLAO,2018,FEMENINO,DE 0 A 5 AÑOS,12
CALLAO,2018,FEMENINO,DE 6 A 11 AÑOS,25
CALLAO,2018,FEMENINO,DE 12 A 17 AÑOS,32
CALLAO,2018,FEMENINO,DE 18 A 29 AÑOS,268
CALLAO,2018,FEMENINO,DE 30 A 59 AÑOS,289
CALLAO,2018,FEMENINO,DE 60 A MÁS AÑOS,68
CALLAO,2019,MASCULINO,DE 0 A 5 AÑOS,23
CALLAO,2019,MASCULINO,DE 6 A 11 AÑOS,47
CALLAO,2019,MASCULINO,DE 12 A 17 AÑOS,51
CALLAO,2019,MASCULINO,DE 18 A 29 AÑOS,437
CALLAO,2019,MASCULINO,DE 30 A 59 AÑOS,367
CALLAO,2019,MASCULINO,DE 60 A MÁS AÑOS,74
CALLAO,2019,FEMENINO,DE 0 A 5 AÑOS,9
CALLAO,2019,FEMENINO,DE 6 A 11 AÑOS,44
CALLAO,2019,FEMENINO,DE 12 A 17 AÑOS,57
CALLAO,2019,FEMENINO,DE 18 A 29 AÑOS,209
CALLAO,2019,FEMENINO,DE 30 A 59 AÑOS,262
CALLAO,2019,FEMENINO,DE 60 A MÁS AÑOS,78
CALLAO,2020,MASCULINO,DE 0 A 5 AÑOS,2
CALLAO,2020,MASCULINO,DE 6 A 11 AÑOS,20
CALLAO,2020,MASCULINO,DE 12 A 17 AÑOS,18
CALLAO,2020,MASCULINO,DE 18 A 29 AÑOS,261
CALLAO,2020,MASCULINO,DE 30 A 59 AÑOS,176
CALLAO,2020,MASCULINO,DE 60 A MÁS AÑOS,46
CALLAO,2020,FEMENINO,DE 0 A 5 AÑOS,2
CALLAO,2020,FEMENINO,DE 6 A 11 AÑOS,9
CALLAO,2020,FEMENINO,DE 12 A 17 AÑOS,25
CALLAO,2020,FEMENINO,DE 18 A 29 AÑOS,88
CALLAO,2020,FEMENINO,DE 30 A 59 AÑOS,83
CALLAO,2020,FEMENINO,DE 60 A MÁS AÑOS,13
CALLAO,2021,MASCULINO,DE 0 A 5 AÑOS,6
CALLAO,2021,MASCULINO,DE 6 A 11 AÑOS,13
CALLAO,2021,MASCULINO,DE 12 A 17 AÑOS,54
CALLAO,2021,MASCULINO,DE 18 A 29 AÑOS,408
CALLAO,2021,MASCULINO,DE 30 A 59 AÑOS,379
CALLAO,2021,MASCULINO,DE 60 A MÁS AÑOS,49
CALLAO,2021,FEMENINO,DE 0 A 5 AÑOS,0
CALLAO,2021,FEMENINO,DE 6 A 11 AÑOS,6
CALLAO,2021,FEMENINO,DE 12 A 17 AÑOS,50
CALLAO,2021,FEMENINO,DE 18 A 29 AÑOS,216
CALLAO,2021,FEMENINO,DE 30 A 59 AÑOS,146
CALLAO,2021,FEMENINO,DE 60 A MÁS AÑOS,21
CALLAO,2022,MASCULINO,DE 0 A 5 AÑOS,10
CALLAO,2022,MASCULINO,DE 6 A 11 AÑOS,16
CALLAO,2022,MASCULINO,DE 12 A 17 AÑOS,62
CALLAO,2022,MASCULINO,DE 18 A 29 AÑOS,406
CALLAO,2022,MASCULINO,DE 30 A 59 AÑOS,379
CALLAO,2022,MASCULINO,DE 60 A MÁS AÑOS,43
CALLAO,2022,FEMENINO,DE 0 A 5 AÑOS,2
CALLAO,2022,FEMENINO,DE 6 A 11 AÑOS,13
CALLAO,2022,FEMENINO,DE 12 A 17 AÑOS,58
CALLAO,2022,FEMENINO,DE 18 A 29 AÑOS,199
CALLAO,2022,FEMENINO,DE 30 A 59 AÑOS,221
CALLAO,2022,FEMENINO,DE 60 A MÁS AÑOS,31
CALLAO,2023,MASCULINO,DE 0 A 5 AÑOS,8
CALLAO,2023,MASCULINO,DE 6 A 11 AÑOS,15
CALLAO,2023,MASCULINO,DE 12 A 17 AÑOS,66
CALLAO,2023,MASCULINO,DE 18 A 29 AÑOS,380
CALLAO,2023,MASCULINO,DE 30 A 59 AÑOS,376
CALLAO,2023,MASCULINO,DE 60 A MÁS AÑOS,68
CALLAO,2023,FEMENINO,DE 0 A 5 AÑOS,3
CALLAO,2023,FEMENINO,DE 6 A 11 AÑOS,10
CALLAO,2023,FEMENINO,DE 12 A 17 AÑOS,71
CALLAO,2023,FEMENINO,DE 18 A 29 AÑOS,221
CALLAO,2023,FEMENINO,DE 30 A 59 AÑOS,139
CALLAO,2023,FEMENINO,DE 60 A MÁS AÑOS,25
CALLAO,2024,MASCULINO,DE 0 A 5 AÑOS,1
CALLAO,2024,MASCULINO,DE 6 A 11 AÑOS,2
CALLAO,2024,MASCULINO,DE 12 A 17 AÑOS,21
CALLAO,2024,MASCULINO,DE 18 A 29 AÑOS,388
CALLAO,2024,MASCULINO,DE 30 A 59 AÑOS,295
CALLAO,2024,MASCULINO,DE 60 A MÁS AÑOS,42
CALLAO,2024,FEMENINO,DE 0 A 5 AÑOS,0
CALLAO,2024,FEMENINO,DE 6 A 11 AÑOS,3
CALLAO,2024,FEMENINO,DE 12 A 17 AÑOS,54
CALLAO,2024,FEMENINO,DE 18 A 29 AÑOS,152
CALLAO,2024,FEMENINO,DE 30 A 59 AÑOS,182
CALLAO,2024,FEMENINO,DE 60 A MÁS AÑOS,24
CUSCO,2008,MASCULINO,MENOR DE 18 AÑOS,333
CUSCO,2008,MASCULINO,MAYOR DE 18 AÑOS,1208
CUSCO,2008,FEMENINO,MENOR DE 18 AÑOS,194
CUSCO,2008,FEMENINO,MAYOR DE 18 AÑOS,584
CUSCO,2009,MASCULINO,MENOR DE 18 AÑOS,321
CUSCO,2009,MASCULINO,MAYOR DE 18 AÑOS,996
CUSCO,2009,FEMENINO,MENOR DE 18 AÑOS,183
CUSCO,2009,FEMENINO,MAYOR DE 18 AÑOS,407
CUSCO,2010,MASCULINO,DE 0 A 5 AÑOS,28
CUSCO,2010,MASCULINO,DE 6 A 12 AÑOS,33
CUSCO,2010,MASCULINO,DE 13 A 18 AÑOS,45
CUSCO,2010,MASCULINO,DE 19 A 25 AÑOS,101
CUSCO,2010,MASCULINO,DE 26 A 60 AÑOS,158
CUSCO,2010,MASCULINO,DE 60 A MÁS AÑOS,36
CUSCO,2010,FEMENINO,DE 0 A 5 AÑOS,9
CUSCO,2010,FEMENINO,DE 6 A 12 AÑOS,26
CUSCO,2010,FEMENINO,DE 13 A 18 AÑOS,29
CUSCO,2010,FEMENINO,DE 19 A 25 AÑOS,49
CUSCO,2010,FEMENINO,DE 26 A 60 AÑOS,98
CUSCO,2010,FEMENINO,DE 60 A MÁS AÑOS,24
CUSCO,2011,MASCULINO,DE 0 A 5 AÑOS,60
CUSCO,2011,MASCULINO,DE 6 A 12 AÑOS,21
CUSCO,2011,MASCULINO,DE 13 A 18 AÑOS,105
CUSCO,2011,MASCULINO,DE 19 A 25 AÑOS,189
CUSCO,2011,MASCULINO,DE 26 A 60 AÑOS,134
CUSCO,2011,MASCULINO,DE 60 A MÁS AÑOS,24
CUSCO,2011,FEMENINO,DE 0 A 5 AÑOS,4
CUSCO,2011,FEMENINO,DE 6 A 12 AÑOS,21
CUSCO,2011,FEMENINO,DE 13 A 18 AÑOS,38
CUSCO,2011,FEMENINO,DE 19 A 25 AÑOS,73
CUSCO,2011,FEMENINO,DE 26 A 60 AÑOS,60
CUSCO,2011,FEMENINO,DE 60 A MÁS AÑOS,12
CUSCO,2012,MASCULINO,DE 0 A 5 AÑOS,17
CUSCO,2012,MASCULINO,DE 6 A 12 AÑOS,50
CUSCO,2012,MASCULINO,DE 13 A 18 AÑOS,158
CUSCO,2012,MASCULINO,DE 19 A 25 AÑOS,291
CUSCO,2012,MASCULINO,DE 26 A 60 AÑOS,209
CUSCO,2012,MASCULINO,DE 60 A MÁS AÑOS,56
CUSCO,2012,FEMENINO,DE 0 A 5 AÑOS,27
CUSCO,2012,FEMENINO,DE 6 A 12 AÑOS,36
CUSCO,2012,FEMENINO,DE 13 A 18 AÑOS,69
CUSCO,2012,FEMENINO,DE 19 A 25 AÑOS,132
CUSCO,2012,FEMENINO,DE 26 A 60 AÑOS,80
CUSCO,2012,FEMENINO,DE 60 A MÁS AÑOS,62
CUSCO,2013,MASCULINO,DE 0 A 5 AÑOS,51
CUSCO,2013,MASCULINO,DE 6 A 12 AÑOS,73
CUSCO,2013,MASCULINO,DE 13 A 18 AÑOS,164
CUSCO,2013,MASCULINO,DE 19 A 25 AÑOS,524
CUSCO,2013,MASCULINO,DE 26 A 60 AÑOS,609
CUSCO,2013,MASCULINO,DE 60 A MÁS AÑOS,72
CUSCO,2013,FEMENINO,DE 0 A 5 AÑOS,29
CUSCO,2013,FEMENINO,DE 6 A 12 AÑOS,45
CUSCO,2013,FEMENINO,DE 13 A 18 AÑOS,124
CUSCO,2013,FEMENINO,DE 19 A 25 AÑOS,283
CUSCO,2013,FEMENINO,DE 26 A 60 AÑOS,272
CUSCO,2013,FEMENINO,DE 60 A MÁS AÑOS,44
CUSCO,2014,MASCULINO,DE 0 A 5 AÑOS,39
CUSCO,2014,MASCULINO,DE 6 A 12 AÑOS,90
CUSCO,2014,MASCULINO,DE 13 A 18 AÑOS,154
CUSCO,2014,MASCULINO,DE 19 A 25 AÑOS,542
CUSCO,2014,MASCULINO,DE 26 A 60 AÑOS,616
CUSCO,2014,MASCULINO,DE 60 A MÁS AÑOS,160
CUSCO,2014,FEMENINO,DE 0 A 5 AÑOS,29
CUSCO,2014,FEMENINO,DE 6 A 12 AÑOS,75
CUSCO,2014,FEMENINO,DE 13 A 18 AÑOS,119
CUSCO,2014,FEMENINO,DE 19 A 25 AÑOS,267
CUSCO,2014,FEMENINO,DE 26 A 60 AÑOS,317
CUSCO,2014,FEMENINO,DE 60 A MÁS AÑOS,68
CUSCO,2015,MASCULINO,DE 0 A 5 AÑOS,49
CUSCO,2015,MASCULINO,DE 6 A 12 AÑOS,115
CUSCO,2015,MASCULINO,DE 13 A 18 AÑOS,281
CUSCO,2015,MASCULINO,DE 19 A 25 AÑOS,667
CUSCO,2015,MASCULINO,DE 26 A 60 AÑOS,896
CUSCO,2015,MASCULINO,DE 60 A MÁS AÑOS,103
CUSCO,2015,FEMENINO,DE 0 A 5 AÑOS,34
CUSCO,2015,FEMENINO,DE 6 A 12 AÑOS,53
CUSCO,2015,FEMENINO,DE 13 A 18 AÑOS,140
CUSCO,2015,FEMENINO,DE 19 A 25 AÑOS,284
CUSCO,2015,FEMENINO,DE 26 A 60 AÑOS,419
CUSCO,2015,FEMENINO,DE 60 A MÁS AÑOS,103
CUSCO,2016,MASCULINO,DE 0 A 5 AÑOS,85
CUSCO,2016,MASCULINO,DE 6 A 12 AÑOS,117
CUSCO,2016,MASCULINO,DE 13 A 18 AÑOS,153
CUSCO,2016,MASCULINO,DE 19 A 25 AÑOS,360
CUSCO,2016,MASCULINO,DE 26 A 60 AÑOS,636
CUSCO,2016,MASCULINO,DE 60 A MÁS AÑOS,99
CUSCO,2016,FEMENINO,DE 0 A 5 AÑOS,16
CUSCO,2016,FEMENINO,DE 6 A 12 AÑOS,42
CUSCO,2016,FEMENINO,DE 13 A 18 AÑOS,72
CUSCO,2016,FEMENINO,DE 19 A 25 AÑOS,149
CUSCO,2016,FEMENINO,DE 26 A 60 AÑOS,272
CUSCO,2016,FEMENINO,DE 60 A MÁS AÑOS,24
CUSCO,2017,MASCULINO,DE 0 A 5 AÑOS,157
CUSCO,2017,MASCULINO,DE 6 A 12 AÑOS,75
CUSCO,2017,MASCULINO,DE 13 A 18 AÑOS,136
CUSCO,2017,MASCULINO,DE 19 A 25 AÑOS,388
CUSCO,2017,MASCULINO,DE 26 A 60 AÑOS,675
CUSCO,2017,MASCULINO,DE 60 A MÁS AÑOS,121
CUSCO,2017,FEMENINO,DE 0 A 5 AÑOS,41
CUSCO,2017,FEMENINO,DE 6 A 12 AÑOS,77
CUSCO,2017,FEMENINO,DE 13 A 18 AÑOS,77
CUSCO,2017,FEMENINO,DE 19 A 25 AÑOS,173
CUSCO,2017,FEMENINO,DE 26 A 60 AÑOS,350
CUSCO,2017,FEMENINO,DE 60 A MÁS AÑOS,92
CUSCO,2018,MASCULINO,DE 0 A 5 AÑOS,74
CUSCO,2018,MASCULINO,DE 6 A 11 AÑOS,109
CUSCO,2018,MASCULINO,DE 12 A 17 AÑOS,151
CUSCO,2018,MASCULINO,DE 18 A 29 AÑOS,824
CUSCO,2018,MASCULINO,DE 30 A 59 AÑOS,875
CUSCO,2018,MASCULINO,DE 60 A MÁS AÑOS,152
CUSCO,2018,FEMENINO,DE 0 A 5 AÑOS,44
CUSCO,2018,FEMENINO,DE 6 A 11 AÑOS,66
CUSCO,2018,FEMENINO,DE 12 A 17 AÑOS,103
CUSCO,2018,FEMENINO,DE 18 A 29 AÑOS,401
CUSCO,2018,FEMENINO,DE 30 A 59 AÑOS,529
CUSCO,2018,FEMENINO,DE 60 A MÁS AÑOS,90
CUSCO,2019,MASCULINO,DE 0 A 5 AÑOS,76
CUSCO,2019,MASCULINO,DE 6 A 11 AÑOS,104
CUSCO,2019,MASCULINO,DE 12 A 17 AÑOS,117
CUSCO,2019,MASCULINO,DE 18 A 29 AÑOS,614
CUSCO,2019,MASCULINO,DE 30 A 59 AÑOS,752
CUSCO,2019,MASCULINO,DE 60 A MÁS AÑOS,128
CUSCO,2019,FEMENINO,DE 0 A 5 AÑOS,57
CUSCO,2019,FEMENINO,DE 6 A 11 AÑOS,72
CUSCO,2019,FEMENINO,DE 12 A 17 AÑOS,108
CUSCO,2019,FEMENINO,DE 18 A 29 AÑOS,428
CUSCO,2019,FEMENINO,DE 30 A 59 AÑOS,486
CUSCO,2019,FEMENINO,DE 60 A MÁS AÑOS,109
CUSCO,2020,MASCULINO,DE 0 A 5 AÑOS,23
CUSCO,2020,MASCULINO,DE 6 A 11 AÑOS,35
CUSCO,2020,MASCULINO,DE 12 A 17 AÑOS,91
CUSCO,2020,MASCULINO,DE 18 A 29 AÑOS,520
CUSCO,2020,MASCULINO,DE 30 A 59 AÑOS,421
CUSCO,2020,MASCULINO,DE 60 A MÁS AÑOS,57
CUSCO,2020,FEMENINO,DE 0 A 5 AÑOS,18
CUSCO,2020,FEMENINO,DE 6 A 11 AÑOS,35
CUSCO,2020,FEMENINO,DE 12 A 17 AÑOS,60
CUSCO,2020,FEMENINO,DE 18 A 29 AÑOS,210
CUSCO,2020,FEMENINO,DE 30 A 59 AÑOS,161
CUSCO,2020,FEMENINO,DE 60 A MÁS AÑOS,42
CUSCO,2021,MASCULINO,DE 0 A 5 AÑOS,48
CUSCO,2021,MASCULINO,DE 6 A 11 AÑOS,70
CUSCO,2021,MASCULINO,DE 12 A 17 AÑOS,71
CUSCO,2021,MASCULINO,DE 18 A 29 AÑOS,714
CUSCO,2021,MASCULINO,DE 30 A 59 AÑOS,705
CUSCO,2021,MASCULINO,DE 60 A MÁS AÑOS,71
CUSCO,2021,FEMENINO,DE 0 A 5 AÑOS,22
CUSCO,2021,FEMENINO,DE 6 A 11 AÑOS,33
CUSCO,2021,FEMENINO,DE 12 A 17 AÑOS,49
CUSCO,2021,FEMENINO,DE 18 A 29 AÑOS,309
CUSCO,2021,FEMENINO,DE 30 A 59 AÑOS,288
CUSCO,2021,FEMENINO,DE 60 A MÁS AÑOS,47
CUSCO,2022,MASCULINO,DE 0 A 5 AÑOS,36
CUSCO,2022,MASCULINO,DE 6 A 11 AÑOS,90
CUSCO,2022,MASCULINO,DE 12 A 17 AÑOS,125
CUSCO,2022,MASCULINO,DE 18 A 29 AÑOS,646
CUSCO,2022,MASCULINO,DE 30 A 59 AÑOS,727
CUSCO,2022,MASCULINO,DE 60 A MÁS AÑOS,73
CUSCO,2022,FEMENINO,DE 0 A 5 AÑOS,32
CUSCO,2022,FEMENINO,DE 6 A 11 AÑOS,73
CUSCO,2022,FEMENINO,DE 12 A 17 AÑOS,107
CUSCO,2022,FEMENINO,DE 18 A 29 AÑOS,347
CUSCO,2022,FEMENINO,DE 30 A 59 AÑOS,396
CUSCO,2022,FEMENINO,DE 60 A MÁS AÑOS,89
CUSCO,2023,MASCULINO,DE 0 A 5 AÑOS,44
CUSCO,2023,MASCULINO,DE 6 A 11 AÑOS,96
CUSCO,2023,MASCULINO,DE 12 A 17 AÑOS,114
CUSCO,2023,MASCULINO,DE 18 A 29 AÑOS,690
CUSCO,2023,MASCULINO,DE 30 A 59 AÑOS,698
CUSCO,2023,MASCULINO,DE 60 A MÁS AÑOS,107
CUSCO,2023,FEMENINO,DE 0 A 5 AÑOS,32
CUSCO,2023,FEMENINO,DE 6 A 11 AÑOS,70
CUSCO,2023,FEMENINO,DE 12 A 17 AÑOS,96
CUSCO,2023,FEMENINO,DE 18 A 29 AÑOS,360
CUSCO,2023,FEMENINO,DE 30 A 59 AÑOS,411
CUSCO,2023,FEMENINO,DE 60 A MÁS AÑOS,88
CUSCO,2024,MASCULINO,DE 0 A 5 AÑOS,39
CUSCO,2024,MASCULINO,DE 6 A 11 AÑOS,103
CUSCO,2024,MASCULINO,DE 12 A 17 AÑOS,146
CUSCO,2024,MASCULINO,DE 18 A 29 AÑOS,558
CUSCO,2024,MASCULINO,DE 30 A 59 AÑOS,757
CUSCO,2024,MASCULINO,DE 60 A MÁS AÑOS,130
CUSCO,2024,FEMENINO,DE 0 A 5 AÑOS,22
CUSCO,2024,FEMENINO,DE 6 A 11 AÑOS,94
CUSCO,2024,FEMENINO,DE 12 A 17 AÑOS,102
CUSCO,2024,FEMENINO,DE 18 A 29 AÑOS,269
CUSCO,2024,FEMENINO,DE 30 A 59 AÑOS,410
CUSCO,2024,FEMENINO,DE 60 A MÁS AÑOS,110
HUANCAVELICA,2008,MASCULINO,MENOR DE 18 AÑOS,12
HUANCAVELICA,2008,MASCULINO,MAYOR DE 18 AÑOS,24
HUANCAVELICA,2008,FEMENINO,MENOR DE 18 AÑOS,5
HUANCAVELICA,2008,FEMENINO,MAYOR DE 18 AÑOS,32
HUANCAVELICA,2009,MASCULINO,MENOR DE 18 AÑOS,21
HUANCAVELICA,2009,MASCULINO,MAYOR DE 18 AÑOS,80
HUANCAVELICA,2009,FEMENINO,MENOR DE 18 AÑOS,9
HUANCAVELICA,2009,FEMENINO,MAYOR DE 18 AÑOS,54
HUANCAVELICA,2010,MASCULINO,DE 0 A 5 AÑOS,5
HUANCAVELICA,2010,MASCULINO,DE 6 A 12 AÑOS,2
HUANCAVELICA,2010,MASCULINO,DE 13 A 18 AÑOS,8
HUANCAVELICA,2010,MASCULINO,DE 19 A 25 AÑOS,25
HUANCAVELICA,2010,MASCULINO,DE 26 A 60 AÑOS,28
HUANCAVELICA,2010,MASCULINO,DE 60 A MÁS AÑOS,1
HUANCAVELICA,2010,FEMENINO,DE 0 A 5 AÑOS,1
HUANCAVELICA,2010,FEMENINO,DE 6 A 12 AÑOS,2
HUANCAVELICA,2010,FEMENINO,DE 13 A 18 AÑOS,1
HUANCAVELICA,2010,FEMENINO,DE 19 A 25 AÑOS,9
HUANCAVELICA,2010,FEMENINO,DE 26 A 60 AÑOS,12
HUANCAVELICA,2010,FEMENINO,DE 60 A MÁS AÑOS,0
HUANCAVELICA,2011,MASCULINO,DE 0 A 5 AÑOS,0
HUANCAVELICA,2011,MASCULINO,DE 6 A 12 AÑOS,9
HUANCAVELICA,2011,MASCULINO,DE 13 A 18 AÑOS,3
HUANCAVELICA,2011,MASCULINO,DE 19 A 25 AÑOS,9
HUANCAVELICA,2011,MASCULINO,DE 26 A 60 AÑOS,12
HUANCAVELICA,2011,MASCULINO,DE 60 A MÁS AÑOS,2
HUANCAVELICA,2011,FEMENINO,DE 0 A 5 AÑOS,0
HUANCAVELICA,2011,FEMENINO,DE 6 A 12 AÑOS,0
HUANCAVELICA,2011,FEMENINO,DE 13 A 18 AÑOS,0
HUANCAVELICA,2011,FEMENINO,DE 19 A 25 AÑOS,1
HUANCAVELICA,2011,FEMENINO,DE 26 A 60 AÑOS,3
HUANCAVELICA,2011,FEMENINO,DE 60 A MÁS AÑOS,0
HUANCAVELICA,2012,MASCULINO,DE 0 A 5 AÑOS,5
HUANCAVELICA,2012,MASCULINO,DE 6 A 12 AÑOS,7
HUANCAVELICA,2012,MASCULINO,DE 13 A 18 AÑOS,8
HUANCAVELICA,2012,MASCULINO,DE 19 A 25 AÑOS,82
HUANCAVELICA,2012,MASCULINO,DE 26 A 60 AÑOS,59
HUANCAVELICA,2012,MASCULINO,DE 60 A MÁS AÑOS,0
HUANCAVELICA,2012,FEMENINO,DE 0 A 5 AÑOS,8
HUANCAVELICA,2012,FEMENINO,DE 6 A 12 AÑOS,0
HUANCAVELICA,2012,FEMENINO,DE 13 A 18 AÑOS,1
HUANCAVELICA,2012,FEMENINO,DE 19 A 25 AÑOS,34
HUANCAVELICA,2012,FEMENINO,DE 26 A 60 AÑOS,15
HUANCAVELICA,2012,FEMENINO,DE 60 A MÁS AÑOS,1
HUANCAVELICA,2013,MASCULINO,DE 0 A 5 AÑOS,5
HUANCAVELICA,2013,MASCULINO,DE 6 A 12 AÑOS,8
HUANCAVELICA,2013,MASCULINO,DE 13 A 18 AÑOS,10
HUANCAVELICA,2013,MASCULINO,DE 19 A 25 AÑOS,29
HUANCAVELICA,2013,MASCULINO,DE 26 A 60 AÑOS,79
HUANCAVELICA,2013,MASCULINO,DE 60 A MÁS AÑOS,9
HUANCAVELICA,2013,FEMENINO,DE 0 A 5 AÑOS,3
HUANCAVELICA,2013,FEMENINO,DE 6 A 12 AÑOS,1
HUANCAVELICA,2013,FEMENINO,DE 13 A 18 AÑOS,10
HUANCAVELICA,2013,FEMENINO,DE 19 A 25 AÑOS,12
HUANCAVELICA,2013,FEMENINO,DE 26 A 60 AÑOS,47
HUANCAVELICA,2013,FEMENINO,DE 60 A MÁS AÑOS,4
HUANCAVELICA,2014,MASCULINO,DE 0 A 5 AÑOS,8
HUANCAVELICA,2014,MASCULINO,DE 6 A 12 AÑOS,10
HUANCAVELICA,2014,MASCULINO,DE 13 A 18 AÑOS,19
HUANCAVELICA,2014,MASCULINO,DE 19 A 25 AÑOS,87
HUANCAVELICA,2014,MASCULINO,DE 26 A 60 AÑOS,194
HUANCAVELICA,2014,MASCULINO,DE 60 A MÁS AÑOS,3
HUANCAVELICA,2014,FEMENINO,DE 0 A 5 AÑOS,8
HUANCAVELICA,2014,FEMENINO,DE 6 A 12 AÑOS,6
HUANCAVELICA,2014,FEMENINO,DE 13 A 18 AÑOS,17
HUANCAVELICA,2014,FEMENINO,DE 19 A 25 AÑOS,29
HUANCAVELICA,2014,FEMENINO,DE 26 A 60 AÑOS,70
HUANCAVELICA,2014,FEMENINO,DE 60 A MÁS AÑOS,1
HUANCAVELICA,2015,MASCULINO,DE 0 A 5 AÑOS,20
HUANCAVELICA,2015,MASCULINO,DE 6 A 12 AÑOS,13
HUANCAVELICA,2015,MASCULINO,DE 13 A 18 AÑOS,17
HUANCAVELICA,2015,MASCULINO,DE 19 A 25 AÑOS,103
HUANCAVELICA,2015,MASCULINO,DE 26 A 60 AÑOS,146
HUANCAVELICA,2015,MASCULINO,DE 60 A MÁS AÑOS,8
HUANCAVELICA,2015,FEMENINO,DE 0 A 5 AÑOS,6
HUANCAVELICA,2015,FEMENINO,DE 6 A 12 AÑOS,10
HUANCAVELICA,2015,FEMENINO,DE 13 A 18 AÑOS,16
HUANCAVELICA,2015,FEMENINO,DE 19 A 25 AÑOS,35
HUANCAVELICA,2015,FEMENINO,DE 26 A 60 AÑOS,61
HUANCAVELICA,2015,FEMENINO,DE 60 A MÁS AÑOS,6
HUANCAVELICA,2016,MASCULINO,DE 0 A 5 AÑOS,29
HUANCAVELICA,2016,MASCULINO,DE 6 A 12 AÑOS,10
HUANCAVELICA,2016,MASCULINO,DE 13 A 18 AÑOS,27
HUANCAVELICA,2016,MASCULINO,DE 19 A 25 AÑOS,53
HUANCAVELICA,2016,MASCULINO,DE 26 A 60 AÑOS,80
HUANCAVELICA,2016,MASCULINO,DE 60 A MÁS AÑOS,10
HUANCAVELICA,2016,FEMENINO,DE 0 A 5 AÑOS,10
HUANCAVELICA,2016,FEMENINO,DE 6 A 12 AÑOS,6
HUANCAVELICA,2016,FEMENINO,DE 13 A 18 AÑOS,5
HUANCAVELICA,2016,FEMENINO,DE 19 A 25 AÑOS,12
HUANCAVELICA,2016,FEMENINO,DE 26 A 60 AÑOS,68
HUANCAVELICA,2016,FEMENINO,DE 60 A MÁS AÑOS,10
HUANCAVELICA,2017,MASCULINO,DE 0 A 5 AÑOS,36
HUANCAVELICA,2017,MASCULINO,DE 6 A 12 AÑOS,9
HUANCAVELICA,2017,MASCULINO,DE 13 A 18 AÑOS,22
HUANCAVELICA,2017,MASCULINO,DE 19 A 25 AÑOS,32
HUANCAVELICA,2017,MASCULINO,DE 26 A 60 AÑOS,78
HUANCAVELICA,2017,MASCULINO,DE 60 A MÁS AÑOS,5
HUANCAVELICA,2017,FEMENINO,DE 0 A 5 AÑOS,8
HUANCAVELICA,2017,FEMENINO,DE 6 A 12 AÑOS,1
HUANCAVELICA,2017,FEMENINO,DE 13 A 18 AÑOS,4
HUANCAVELICA,2017,FEMENINO,DE 19 A 25 AÑOS,26
HUANCAVELICA,2017,FEMENINO,DE 26 A 60 AÑOS,45
HUANCAVELICA,2017,FEMENINO,DE 60 A MÁS AÑOS,3
HUANCAVELICA,2018,MASCULINO,DE 0 A 5 AÑOS,4
HUANCAVELICA,2018,MASCULINO,DE 6 A 11 AÑOS,13
HUANCAVELICA,2018,MASCULINO,DE 12 A 17 AÑOS,14
HUANCAVELICA,2018,MASCULINO,DE 18 A 29 AÑOS,79
HUANCAVELICA,2018,MASCULINO,DE 30 A 59 AÑOS,70
HUANCAVELICA,2018,MASCULINO,DE 60 A MÁS AÑOS,5
HUANCAVELICA,2018,FEMENINO,DE 0 A 5 AÑOS,1
HUANCAVELICA,2018,FEMENINO,DE 6 A 11 AÑOS,4
HUANCAVELICA,2018,FEMENINO,DE 12 A 17 AÑOS,14
HUANCAVELICA,2018,FEMENINO,DE 18 A 29 AÑOS,32
HUANCAVELICA,2018,FEMENINO,DE 30 A 59 AÑOS,44
HUANCAVELICA,2018,FEMENINO,DE 60 A MÁS AÑOS,4
HUANCAVELICA,2019,MASCULINO,DE 0 A 5 AÑOS,11
HUANCAVELICA,2019,MASCULINO,DE 6 A 11 AÑOS,7
HUANCAVELICA,2019,MASCULINO,DE 12 A 17 AÑOS,12
HUANCAVELICA,2019,MASCULINO,DE 18 A 29 AÑOS,81
HUANCAVELICA,2019,MASCULINO,DE 30 A 59 AÑOS,106
HUANCAVELICA,2019,MASCULINO,DE 60 A MÁS AÑOS,7
HUANCAVELICA,2019,FEMENINO,DE 0 A 5 AÑOS,2
HUANCAVELICA,2019,FEMENINO,DE 6 A 11 AÑOS,0
HUANCAVELICA,2019,FEMENINO,DE 12 A 17 AÑOS,5
HUANCAVELICA,2019,FEMENINO,DE 18 A 29 AÑOS,46
HUANCAVELICA,2019,FEMENINO,DE 30 A 59 AÑOS,41
HUANCAVELICA,2019,FEMENINO,DE 60 A MÁS AÑOS,7
HUANCAVELICA,2020,MASCULINO,DE 0 A 5 AÑOS,2
HUANCAVELICA,2020,MASCULINO,DE 6 A 11 AÑOS,2
HUANCAVELICA,2020,MASCULINO,DE 12 A 17 AÑOS,3
HUANCAVELICA,2020,MASCULINO,DE 18 A 29 AÑOS,63
HUANCAVELICA,2020,MASCULINO,DE 30 A 59 AÑOS,75
HUANCAVELICA,2020,MASCULINO,DE 60 A MÁS AÑOS,5
HUANCAVELICA,2020,FEMENINO,DE 0 A 5 AÑOS,1
HUANCAVELICA,2020,FEMENINO,DE 6 A 11 AÑOS,1
HUANCAVELICA,2020,FEMENINO,DE 12 A 17 AÑOS,3
HUANCAVELICA,2020,FEMENINO,DE 18 A 29 AÑOS,31
HUANCAVELICA,2020,FEMENINO,DE 30 A 59 AÑOS,24
HUANCAVELICA,2020,FEMENINO,DE 60 A MÁS AÑOS,3
HUANCAVELICA,2021,MASCULINO,DE 0 A 5 AÑOS,13
HUANCAVELICA,2021,MASCULINO,DE 6 A 11 AÑOS,4
HUANCAVELICA,2021,MASCULINO,DE 12 A 17 AÑOS,9
HUANCAVELICA,2021,MASCULINO,DE 18 A 29 AÑOS,86
HUANCAVELICA,2021,MASCULINO,DE 30 A 59 AÑOS,80
HUANCAVELICA,2021,MASCULINO,DE 60 A MÁS AÑOS,15
HUANCAVELICA,2021,FEMENINO,DE 0 A 5 AÑOS,9
HUANCAVELICA,2021,FEMENINO,DE 6 A 11 AÑOS,11
HUANCAVELICA,2021,FEMENINO,DE 12 A 17 AÑOS,7
HUANCAVELICA,2021,FEMENINO,DE 18 A 29 AÑOS,51
HUANCAVELICA,2021,FEMENINO,DE 30 A 59 AÑOS,41
HUANCAVELICA,2021,FEMENINO,DE 60 A MÁS AÑOS,14
HUANCAVELICA,2022,MASCULINO,DE 0 A 5 AÑOS,10
HUANCAVELICA,2022,MASCULINO,DE 6 A 11 AÑOS,7
HUANCAVELICA,2022,MASCULINO,DE 12 A 17 AÑOS,16
HUANCAVELICA,2022,MASCULINO,DE 18 A 29 AÑOS,88
HUANCAVELICA,2022,MASCULINO,DE 30 A 59 AÑOS,71
HUANCAVELICA,2022,MASCULINO,DE 60 A MÁS AÑOS,6
HUANCAVELICA,2022,FEMENINO,DE 0 A 5 AÑOS,7
HUANCAVELICA,2022,FEMENINO,DE 6 A 11 AÑOS,9
HUANCAVELICA,2022,FEMENINO,DE 12 A 17 AÑOS,9
HUANCAVELICA,2022,FEMENINO,DE 18 A 29 AÑOS,42
HUANCAVELICA,2022,FEMENINO,DE 30 A 59 AÑOS,48
HUANCAVELICA,2022,FEMENINO,DE 60 A MÁS AÑOS,11
HUANCAVELICA,2023,MASCULINO,DE 0 A 5 AÑOS,11
HUANCAVELICA,2023,MASCULINO,DE 6 A 11 AÑOS,9
HUANCAVELICA,2023,MASCULINO,DE 12 A 17 AÑOS,29
HUANCAVELICA,2023,MASCULINO,DE 18 A 29 AÑOS,183
HUANCAVELICA,2023,MASCULINO,DE 30 A 59 AÑOS,62
HUANCAVELICA,2023,MASCULINO,DE 60 A MÁS AÑOS,11
HUANCAVELICA,2023,FEMENINO,DE 0 A 5 AÑOS,13
HUANCAVELICA,2023,FEMENINO,DE 6 A 11 AÑOS,7
HUANCAVELICA,2023,FEMENINO,DE 12 A 17 AÑOS,26
HUANCAVELICA,2023,FEMENINO,DE 18 A 29 AÑOS,51
HUANCAVELICA,2023,FEMENINO,DE 30 A 59 AÑOS,25
HUANCAVELICA,2023,FEMENINO,DE 60 A MÁS AÑOS,5
HUANCAVELICA,2024,MASCULINO,DE 0 A 5 AÑOS,14
HUANCAVELICA,2024,MASCULINO,DE 6 A 11 AÑOS,4
HUANCAVELICA,2024,MASCULINO,DE 12 A 17 AÑOS,19
HUANCAVELICA,2024,MASCULINO,DE 18 A 29 AÑOS,135
HUANCAVELICA,2024,MASCULINO,DE 30 A 59 AÑOS,53
HUANCAVELICA,2024,MASCULINO,DE 60 A MÁS AÑOS,9
HUANCAVELICA,2024,FEMENINO,DE 0 A 5 AÑOS,14
HUANCAVELICA,2024,FEMENINO,DE 6 A 11 AÑOS,3
HUANCAVELICA,2024,FEMENINO,DE 12 A 17 AÑOS,20
HUANCAVELICA,2024,FEMENINO,DE 18 A 29 AÑOS,31
HUANCAVELICA,2024,FEMENINO,DE 30 A 59 AÑOS,30
HUANCAVELICA,2024,FEMENINO,DE 60 A MÁS AÑOS,5
HUANUCO,2008,MASCULINO,MENOR DE 18 AÑOS,30
HUANUCO,2008,MASCULINO,MAYOR DE 18 AÑOS,114
HUANUCO,2008,FEMENINO,MENOR DE 18 AÑOS,11
HUANUCO,2008,FEMENINO,MAYOR DE 18 AÑOS,63
HUANUCO,2009,MASCULINO,MENOR DE 18 AÑOS,80
HUANUCO,2009,MASCULINO,MAYOR DE 18 AÑOS,264
HUANUCO,2009,FEMENINO,MENOR DE 18 AÑOS,17
HUANUCO,2009,FEMENINO,MAYOR DE 18 AÑOS,99
HUANUCO,2010,MASCULINO,DE 0 A 5 AÑOS,1
HUANUCO,2010,MASCULINO,DE 6 A 12 AÑOS,7
HUANUCO,2010,MASCULINO,DE 13 A 18 AÑOS,12
HUANUCO,2010,MASCULINO,DE 19 A 25 AÑOS,56
HUANUCO,2010,MASCULINO,DE 26 A 60 AÑOS,176
HUANUCO,2010,MASCULINO,DE 60 A MÁS AÑOS,11
HUANUCO,2010,FEMENINO,DE 0 A 5 AÑOS,2
HUANUCO,2010,FEMENINO,DE 6 A 12 AÑOS,7
HUANUCO,2010,FEMENINO,DE 13 A 18 AÑOS,8
HUANUCO,2010,FEMENINO,DE 19 A 25 AÑOS,25
HUANUCO,2010,FEMENINO,DE 26 A 60 AÑOS,36
HUANUCO,2010,FEMENINO,DE 60 A MÁS AÑOS,3
HUANUCO,2011,MASCULINO,DE 0 A 5 AÑOS,53
HUANUCO,2011,MASCULINO,DE 6 A 12 AÑOS,24
HUANUCO,2011,MASCULINO,DE 13 A 18 AÑOS,59
HUANUCO,2011,MASCULINO,DE 19 A 25 AÑOS,110
HUANUCO,2011,MASCULINO,DE 26 A 60 AÑOS,175
HUANUCO,2011,MASCULINO,DE 60 A MÁS AÑOS,2
HUANUCO,2011,FEMENINO,DE 0 A 5 AÑOS,4
HUANUCO,2011,FEMENINO,DE 6 A 12 AÑOS,5
HUANUCO,2011,FEMENINO,DE 13 A 18 AÑOS,5
HUANUCO,2011,FEMENINO,DE 19 A 25 AÑOS,46
HUANUCO,2011,FEMENINO,DE 26 A 60 AÑOS,53
HUANUCO,2011,FEMENINO,DE 60 A MÁS AÑOS,0
HUANUCO,2012,MASCULINO,DE 0 A 5 AÑOS,18
HUANUCO,2012,MASCULINO,DE 6 A 12 AÑOS,27
HUANUCO,2012,MASCULINO,DE 13 A 18 AÑOS,75
HUANUCO,2012,MASCULINO,DE 19 A 25 AÑOS,245
HUANUCO,2012,MASCULINO,DE 26 A 60 AÑOS,182
HUANUCO,2012,MASCULINO,DE 60 A MÁS AÑOS,47
HUANUCO,2012,FEMENINO,DE 0 A 5 AÑOS,2
HUANUCO,2012,FEMENINO,DE 6 A 12 AÑOS,10
HUANUCO,2012,FEMENINO,DE 13 A 18 AÑOS,85
HUANUCO,2012,FEMENINO,DE 19 A 25 AÑOS,78
HUANUCO,2012,FEMENINO,DE 26 A 60 AÑOS,58
HUANUCO,2012,FEMENINO,DE 60 A MÁS AÑOS,6
HUANUCO,2013,MASCULINO,DE 0 A 5 AÑOS,18
HUANUCO,2013,MASCULINO,DE 6 A 12 AÑOS,13
HUANUCO,2013,MASCULINO,DE 13 A 18 AÑOS,81
HUANUCO,2013,MASCULINO,DE 19 A 25 AÑOS,199
HUANUCO,2013,MASCULINO,DE 26 A 60 AÑOS,293
HUANUCO,2013,MASCULINO,DE 60 A MÁS AÑOS,61
HUANUCO,2013,FEMENINO,DE 0 A 5 AÑOS,11
HUANUCO,2013,FEMENINO,DE 6 A 12 AÑOS,20
HUANUCO,2013,FEMENINO,DE 13 A 18 AÑOS,49
HUANUCO,2013,FEMENINO,DE 19 A 25 AÑOS,64
HUANUCO,2013,FEMENINO,DE 26 A 60 AÑOS,73
HUANUCO,2013,FEMENINO,DE 60 A MÁS AÑOS,8
HUANUCO,2014,MASCULINO,DE 0 A 5 AÑOS,27
HUANUCO,2014,MASCULINO,DE 6 A 12 AÑOS,85
HUANUCO,2014,MASCULINO,DE 13 A 18 AÑOS,226
HUANUCO,2014,MASCULINO,DE 19 A 25 AÑOS,334
HUANUCO,2014,MASCULINO,DE 26 A 60 AÑOS,406
HUANUCO,2014,MASCULINO,DE 60 A MÁS AÑOS,73
HUANUCO,2014,FEMENINO,DE 0 A 5 AÑOS,33
HUANUCO,2014,FEMENINO,DE 6 A 12 AÑOS,72
HUANUCO,2014,FEMENINO,DE 13 A 18 AÑOS,103
HUANUCO,2014,FEMENINO,DE 19 A 25 AÑOS,143
HUANUCO,2014,FEMENINO,DE 26 A 60 AÑOS,133
HUANUCO,2014,FEMENINO,DE 60 A MÁS AÑOS,37
HUANUCO,2015,MASCULINO,DE 0 A 5 AÑOS,11
HUANUCO,2015,MASCULINO,DE 6 A 12 AÑOS,44
HUANUCO,2015,MASCULINO,DE 13 A 18 AÑOS,92
HUANUCO,2015,MASCULINO,DE 19 A 25 AÑOS,190
HUANUCO,2015,MASCULINO,DE 26 A 60 AÑOS,282
HUANUCO,2015,MASCULINO,DE 60 A MÁS AÑOS,38
HUANUCO,2015,FEMENINO,DE 0 A 5 AÑOS,13
HUANUCO,2015,FEMENINO,DE 6 A 12 AÑOS,42
HUANUCO,2015,FEMENINO,DE 13 A 18 AÑOS,60
HUANUCO,2015,FEMENINO,DE 19 A 25 AÑOS,117
HUANUCO,2015,FEMENINO,DE 26 A 60 AÑOS,117
HUANUCO,2015,FEMENINO,DE 60 A MÁS AÑOS,13
HUANUCO,2016,MASCULINO,DE 0 A 5 AÑOS,1
HUANUCO,2016,MASCULINO,DE 6 A 12 AÑOS,31
HUANUCO,2016,MASCULINO,DE 13 A 18 AÑOS,60
HUANUCO,2016,MASCULINO,DE 19 A 25 AÑOS,140
HUANUCO,2016,MASCULINO,DE 26 A 60 AÑOS,164
HUANUCO,2016,MASCULINO,DE 60 A MÁS AÑOS,38
HUANUCO,2016,FEMENINO,DE 0 A 5 AÑOS,11
HUANUCO,2016,FEMENINO,DE 6 A 12 AÑOS,26
HUANUCO,2016,FEMENINO,DE 13 A 18 AÑOS,61
HUANUCO,2016,FEMENINO,DE 19 A 25 AÑOS,108
HUANUCO,2016,FEMENINO,DE 26 A 60 AÑOS,71
HUANUCO,2016,FEMENINO,DE 60 A MÁS AÑOS,21
HUANUCO,2017,MASCULINO,DE 0 A 5 AÑOS,11
HUANUCO,2017,MASCULINO,DE 6 A 12 AÑOS,28
HUANUCO,2017,MASCULINO,DE 13 A 18 AÑOS,66
HUANUCO,2017,MASCULINO,DE 19 A 25 AÑOS,217
HUANUCO,2017,MASCULINO,DE 26 A 60 AÑOS,364
HUANUCO,2017,MASCULINO,DE 60 A MÁS AÑOS,49
HUANUCO,2017,FEMENINO,DE 0 A 5 AÑOS,1
HUANUCO,2017,FEMENINO,DE 6 A 12 AÑOS,12
HUANUCO,2017,FEMENINO,DE 13 A 18 AÑOS,70
HUANUCO,2017,FEMENINO,DE 19 A 25 AÑOS,145
HUANUCO,2017,FEMENINO,DE 26 A 60 AÑOS,94
HUANUCO,2017,FEMENINO,DE 60 A MÁS AÑOS,16
HUANUCO,2018,MASCULINO,DE 0 A 5 AÑOS,13
HUANUCO,2018,MASCULINO,DE 6 A 11 AÑOS,21
HUANUCO,2018,MASCULINO,DE 12 A 17 AÑOS,40
HUANUCO,2018,MASCULINO,DE 18 A 29 AÑOS,228
HUANUCO,2018,MASCULINO,DE 30 A 59 AÑOS,249
HUANUCO,2018,MASCULINO,DE 60 A MÁS AÑOS,26
HUANUCO,2018,FEMENINO,DE 0 A 5 AÑOS,11
HUANUCO,2018,FEMENINO,DE 6 A 11 AÑOS,13
HUANUCO,2018,FEMENINO,DE 12 A 17 AÑOS,28
HUANUCO,2018,FEMENINO,DE 18 A 29 AÑOS,106
HUANUCO,2018,FEMENINO,DE 30 A 59 AÑOS,84
HUANUCO,2018,FEMENINO,DE 60 A MÁS AÑOS,9
HUANUCO,2019,MASCULINO,DE 0 A 5 AÑOS,15
HUANUCO,2019,MASCULINO,DE 6 A 11 AÑOS,31
HUANUCO,2019,MASCULINO,DE 12 A 17 AÑOS,38
HUANUCO,2019,MASCULINO,DE 18 A 29 AÑOS,298
HUANUCO,2019,MASCULINO,DE 30 A 59 AÑOS,219
HUANUCO,2019,MASCULINO,DE 60 A MÁS AÑOS,34
HUANUCO,2019,FEMENINO,DE 0 A 5 AÑOS,15
HUANUCO,2019,FEMENINO,DE 6 A 11 AÑOS,16
HUANUCO,2019,FEMENINO,DE 12 A 17 AÑOS,30
HUANUCO,2019,FEMENINO,DE 18 A 29 AÑOS,112
HUANUCO,2019,FEMENINO,DE 30 A 59 AÑOS,85
HUANUCO,2019,FEMENINO,DE 60 A MÁS AÑOS,21
HUANUCO,2020,MASCULINO,DE 0 A 5 AÑOS,13
HUANUCO,2020,MASCULINO,DE 6 A 11 AÑOS,29
HUANUCO,2020,MASCULINO,DE 12 A 17 AÑOS,29
HUANUCO,2020,MASCULINO,DE 18 A 29 AÑOS,251
HUANUCO,2020,MASCULINO,DE 30 A 59 AÑOS,183
HUANUCO,2020,MASCULINO,DE 60 A MÁS AÑOS,24
HUANUCO,2020,FEMENINO,DE 0 A 5 AÑOS,6
HUANUCO,2020,FEMENINO,DE 6 A 11 AÑOS,12
HUANUCO,2020,FEMENINO,DE 12 A 17 AÑOS,31
HUANUCO,2020,FEMENINO,DE 18 A 29 AÑOS,127
HUANUCO,2020,FEMENINO,DE 30 A 59 AÑOS,77
HUANUCO,2020,FEMENINO,DE 60 A MÁS AÑOS,8
HUANUCO,2021,MASCULINO,DE 0 A 5 AÑOS,25
HUANUCO,2021,MASCULINO,DE 6 A 11 AÑOS,27
HUANUCO,2021,MASCULINO,DE 12 A 17 AÑOS,53
HUANUCO,2021,MASCULINO,DE 18 A 29 AÑOS,255
HUANUCO,2021,MASCULINO,DE 30 A 59 AÑOS,282
HUANUCO,2021,MASCULINO,DE 60 A MÁS AÑOS,61
HUANUCO,2021,FEMENINO,DE 0 A 5 AÑOS,14
HUANUCO,2021,FEMENINO,DE 6 A 11 AÑOS,26
HUANUCO,2021,FEMENINO,DE 12 A 17 AÑOS,28
HUANUCO,2021,FEMENINO,DE 18 A 29 AÑOS,94
HUANUCO,2021,FEMENINO,DE 30 A 59 AÑOS,108
HUANUCO,2021,FEMENINO,DE 60 A MÁS AÑOS,30
HUANUCO,2022,MASCULINO,DE 0 A 5 AÑOS,19
HUANUCO,2022,MASCULINO,DE 6 A 11 AÑOS,23
HUANUCO,2022,MASCULINO,DE 12 A 17 AÑOS,57
HUANUCO,2022,MASCULINO,DE 18 A 29 AÑOS,250
HUANUCO,2022,MASCULINO,DE 30 A 59 AÑOS,316
HUANUCO,2022,MASCULINO,DE 60 A MÁS AÑOS,62
HUANUCO,2022,FEMENINO,DE 0 A 5 AÑOS,11
HUANUCO,2022,FEMENINO,DE 6 A 11 AÑOS,16
HUANUCO,2022,FEMENINO,DE 12 A 17 AÑOS,54
HUANUCO,2022,FEMENINO,DE 18 A 29 AÑOS,126
HUANUCO,2022,FEMENINO,DE 30 A 59 AÑOS,94
HUANUCO,2022,FEMENINO,DE 60 A MÁS AÑOS,31
HUANUCO,2023,MASCULINO,DE 0 A 5 AÑOS,26
HUANUCO,2023,MASCULINO,DE 6 A 11 AÑOS,47
HUANUCO,2023,MASCULINO,DE 12 A 17 AÑOS,37
HUANUCO,2023,MASCULINO,DE 18 A 29 AÑOS,310
HUANUCO,2023,MASCULINO,DE 30 A 59 AÑOS,428
HUANUCO,2023,MASCULINO,DE 60 A MÁS AÑOS,48
HUANUCO,2023,FEMENINO,DE 0 A 5 AÑOS,12
HUANUCO,2023,FEMENINO,DE 6 A 11 AÑOS,19
HUANUCO,2023,FEMENINO,DE 12 A 17 AÑOS,45
HUANUCO,2023,FEMENINO,DE 18 A 29 AÑOS,137
HUANUCO,2023,FEMENINO,DE 30 A 59 AÑOS,183
HUANUCO,2023,FEMENINO,DE 60 A MÁS AÑOS,44
HUANUCO,2024,MASCULINO,DE 0 A 5 AÑOS,17
HUANUCO,2024,MASCULINO,DE 6 A 11 AÑOS,20
HUANUCO,2024,MASCULINO,DE 12 A 17 AÑOS,41
HUANUCO,2024,MASCULINO,DE 18 A 29 AÑOS,332
HUANUCO,2024,MASCULINO,DE 30 A 59 AÑOS,325
HUANUCO,2024,MASCULINO,DE 60 A MÁS AÑOS,41
HUANUCO,2024,FEMENINO,DE 0 A 5 AÑOS,10
HUANUCO,2024,FEMENINO,DE 6 A 11 AÑOS,20
HUANUCO,2024,FEMENINO,DE 12 A 17 AÑOS,26
HUANUCO,2024,FEMENINO,DE 18 A 29 AÑOS,120
HUANUCO,2024,FEMENINO,DE 30 A 59 AÑOS,127
HUANUCO,2024,FEMENINO,DE 60 A MÁS AÑOS,45
ICA,2008,MASCULINO,MENOR DE 18 AÑOS,128
ICA,2008,MASCULINO,MAYOR DE 18 AÑOS,688
ICA,2008,FEMENINO,MENOR DE 18 AÑOS,70
ICA,2008,FEMENINO,MAYOR DE 18 AÑOS,289
ICA,2009,MASCULINO,MENOR DE 18 AÑOS,127
ICA,2009,MASCULINO,MAYOR DE 18 AÑOS,628
ICA,2009,FEMENINO,MENOR DE 18 AÑOS,81
ICA,2009,FEMENINO,MAYOR DE 18 AÑOS,285
ICA,2010,MASCULINO,DE 0 A 5 AÑOS,25
ICA,2010,MASCULINO,DE 6 A 12 AÑOS,58
ICA,2010,MASCULINO,DE 13 A 18 AÑOS,99
ICA,2010,MASCULINO,DE 19 A 25 AÑOS,264
ICA,2010,MASCULINO,DE 26 A 60 AÑOS,348
ICA,2010,MASCULINO,DE 60 A MÁS AÑOS,48
ICA,2010,FEMENINO,DE 0 A 5 AÑOS,11
ICA,2010,FEMENINO,DE 6 A 12 AÑOS,17
ICA,2010,FEMENINO,DE 13 A 18 AÑOS,48
ICA,2010,FEMENINO,DE 19 A 25 AÑOS,91
ICA,2010,FEMENINO,DE 26 A 60 AÑOS,147
ICA,2010,FEMENINO,DE 60 A MÁS AÑOS,37
ICA,2011,MASCULINO,DE 0 A 5 AÑOS,32
ICA,2011,MASCULINO,DE 6 A 12 AÑOS,57
ICA,2011,MASCULINO,DE 13 A 18 AÑOS,82
ICA,2011,MASCULINO,DE 19 A 25 AÑOS,283
ICA,2011,MASCULINO,DE 26 A 60 AÑOS,295
ICA,2011,MASCULINO,DE 60 A MÁS AÑOS,47
ICA,2011,FEMENINO,DE 0 A 5 AÑOS,15
ICA,2011,FEMENINO,DE 6 A 12 AÑOS,35
ICA,2011,FEMENINO,DE 13 A 18 AÑOS,38
ICA,2011,FEMENINO,DE 19 A 25 AÑOS,93
ICA,2011,FEMENINO,DE 26 A 60 AÑOS,167
ICA,2011,FEMENINO,DE 60 A MÁS AÑOS,26
ICA,2012,MASCULINO,DE 0 A 5 AÑOS,39
ICA,2012,MASCULINO,DE 6 A 12 AÑOS,28
ICA,2012,MASCULINO,DE 13 A 18 AÑOS,88
ICA,2012,MASCULINO,DE 19 A 25 AÑOS,248
ICA,2012,MASCULINO,DE 26 A 60 AÑOS,369
ICA,2012,MASCULINO,DE 60 A MÁS AÑOS,68
ICA,2012,FEMENINO,DE 0 A 5 AÑOS,18
ICA,2012,FEMENINO,DE 6 A 12 AÑOS,23
ICA,2012,FEMENINO,DE 13 A 18 AÑOS,34
ICA,2012,FEMENINO,DE 19 A 25 AÑOS,88
ICA,2012,FEMENINO,DE 26 A 60 AÑOS,147
ICA,2012,FEMENINO,DE 60 A MÁS AÑOS,42
ICA,2013,MASCULINO,DE 0 A 5 AÑOS,48
ICA,2013,MASCULINO,DE 6 A 12 AÑOS,43
ICA,2013,MASCULINO,DE 13 A 18 AÑOS,61
ICA,2013,MASCULINO,DE 19 A 25 AÑOS,186
ICA,2013,MASCULINO,DE 26 A 60 AÑOS,319
ICA,2013,MASCULINO,DE 60 A MÁS AÑOS,58
ICA,2013,FEMENINO,DE 0 A 5 AÑOS,7
ICA,2013,FEMENINO,DE 6 A 12 AÑOS,12
ICA,2013,FEMENINO,DE 13 A 18 AÑOS,36
ICA,2013,FEMENINO,DE 19 A 25 AÑOS,79
ICA,2013,FEMENINO,DE 26 A 60 AÑOS,153
ICA,2013,FEMENINO,DE 60 A MÁS AÑOS,18
ICA,2014,MASCULINO,DE 0 A 5 AÑOS,37
ICA,2014,MASCULINO,DE 6 A 12 AÑOS,36
ICA,2014,MASCULINO,DE 13 A 18 AÑOS,107
ICA,2014,MASCULINO,DE 19 A 25 AÑOS,375
ICA,2014,MASCULINO,DE 26 A 60 AÑOS,558
ICA,2014,MASCULINO,DE 60 A MÁS AÑOS,66
ICA,2014,FEMENINO,DE 0 A 5 AÑOS,15
ICA,2014,FEMENINO,DE 6 A 12 AÑOS,23
ICA,2014,FEMENINO,DE 13 A 18 AÑOS,42
ICA,2014,FEMENINO,DE 19 A 25 AÑOS,147
ICA,2014,FEMENINO,DE 26 A 60 AÑOS,201
ICA,2014,FEMENINO,DE 60 A MÁS AÑOS,14
ICA,2015,MASCULINO,DE 0 A 5 AÑOS,22
ICA,2015,MASCULINO,DE 6 A 12 AÑOS,33
ICA,2015,MASCULINO,DE 13 A 18 AÑOS,47
ICA,2015,MASCULINO,DE 19 A 25 AÑOS,304
ICA,2015,MASCULINO,DE 26 A 60 AÑOS,386
ICA,2015,MASCULINO,DE 60 A MÁS AÑOS,50
ICA,2015,FEMENINO,DE 0 A 5 AÑOS,11
ICA,2015,FEMENINO,DE 6 A 12 AÑOS,24
ICA,2015,FEMENINO,DE 13 A 18 AÑOS,34
ICA,2015,FEMENINO,DE 19 A 25 AÑOS,97
ICA,2015,FEMENINO,DE 26 A 60 AÑOS,110
ICA,2015,FEMENINO,DE 60 A MÁS AÑOS,21
ICA,2016,MASCULINO,DE 0 A 5 AÑOS,57
ICA,2016,MASCULINO,DE 6 A 12 AÑOS,34
ICA,2016,MASCULINO,DE 13 A 18 AÑOS,15
ICA,2016,MASCULINO,DE 19 A 25 AÑOS,121
ICA,2016,MASCULINO,DE 26 A 60 AÑOS,325
ICA,2016,MASCULINO,DE 60 A MÁS AÑOS,38
ICA,2016,FEMENINO,DE 0 A 5 AÑOS,15
ICA,2016,FEMENINO,DE 6 A 12 AÑOS,22
ICA,2016,FEMENINO,DE 13 A 18 AÑOS,13
ICA,2016,FEMENINO,DE 19 A 25 AÑOS,43
ICA,2016,FEMENINO,DE 26 A 60 AÑOS,97
ICA,2016,FEMENINO,DE 60 A MÁS AÑOS,12
ICA,2017,MASCULINO,DE 0 A 5 AÑOS,45
ICA,2017,MASCULINO,DE 6 A 12 AÑOS,23
ICA,2017,MASCULINO,DE 13 A 18 AÑOS,23
ICA,2017,MASCULINO,DE 19 A 25 AÑOS,166
ICA,2017,MASCULINO,DE 26 A 60 AÑOS,369
ICA,2017,MASCULINO,DE 60 A MÁS AÑOS,25
ICA,2017,FEMENINO,DE 0 A 5 AÑOS,18
ICA,2017,FEMENINO,DE 6 A 12 AÑOS,20
ICA,2017,FEMENINO,DE 13 A 18 AÑOS,15
ICA,2017,FEMENINO,DE 19 A 25 AÑOS,58
ICA,2017,FEMENINO,DE 26 A 60 AÑOS,119
ICA,2017,FEMENINO,DE 60 A MÁS AÑOS,9
ICA,2018,MASCULINO,DE 0 A 5 AÑOS,18
ICA,2018,MASCULINO,DE 6 A 11 AÑOS,18
ICA,2018,MASCULINO,DE 12 A 17 AÑOS,40
ICA,2018,MASCULINO,DE 18 A 29 AÑOS,274
ICA,2018,MASCULINO,DE 30 A 59 AÑOS,305
ICA,2018,MASCULINO,DE 60 A MÁS AÑOS,42
ICA,2018,FEMENINO,DE 0 A 5 AÑOS,12
ICA,2018,FEMENINO,DE 6 A 11 AÑOS,19
ICA,2018,FEMENINO,DE 12 A 17 AÑOS,31
ICA,2018,FEMENINO,DE 18 A 29 AÑOS,87
ICA,2018,FEMENINO,DE 30 A 59 AÑOS,130
ICA,2018,FEMENINO,DE 60 A MÁS AÑOS,26
ICA,2019,MASCULINO,DE 0 A 5 AÑOS,8
ICA,2019,MASCULINO,DE 6 A 11 AÑOS,18
ICA,2019,MASCULINO,DE 12 A 17 AÑOS,56
ICA,2019,MASCULINO,DE 18 A 29 AÑOS,280
ICA,2019,MASCULINO,DE 30 A 59 AÑOS,318
ICA,2019,MASCULINO,DE 60 A MÁS AÑOS,45
ICA,2019,FEMENINO,DE 0 A 5 AÑOS,14
ICA,2019,FEMENINO,DE 6 A 11 AÑOS,14
ICA,2019,FEMENINO,DE 12 A 17 AÑOS,40
ICA,2019,FEMENINO,DE 18 A 29 AÑOS,134
ICA,2019,FEMENINO,DE 30 A 59 AÑOS,116
ICA,2019,FEMENINO,DE 60 A MÁS AÑOS,22
ICA,2020,MASCULINO,DE 0 A 5 AÑOS,8
ICA,2020,MASCULINO,DE 6 A 11 AÑOS,6
ICA,2020,MASCULINO,DE 12 A 17 AÑOS,16
ICA,2020,MASCULINO,DE 18 A 29 AÑOS,186
ICA,2020,MASCULINO,DE 30 A 59 AÑOS,190
ICA,2020,MASCULINO,DE 60 A MÁS AÑOS,20
ICA,2020,FEMENINO,DE 0 A 5 AÑOS,4
ICA,2020,FEMENINO,DE 6 A 11 AÑOS,4
ICA,2020,FEMENINO,DE 12 A 17 AÑOS,21
ICA,2020,FEMENINO,DE 18 A 29 AÑOS,107
ICA,2020,FEMENINO,DE 30 A 59 AÑOS,60
ICA,2020,FEMENINO,DE 60 A MÁS AÑOS,13
ICA,2021,MASCULINO,DE 0 A 5 AÑOS,13
ICA,2021,MASCULINO,DE 6 A 11 AÑOS,17
ICA,2021,MASCULINO,DE 12 A 17 AÑOS,38
ICA,2021,MASCULINO,DE 18 A 29 AÑOS,356
ICA,2021,MASCULINO,DE 30 A 59 AÑOS,331
ICA,2021,MASCULINO,DE 60 A MÁS AÑOS,38
ICA,2021,FEMENINO,DE 0 A 5 AÑOS,5
ICA,2021,FEMENINO,DE 6 A 11 AÑOS,7
ICA,2021,FEMENINO,DE 12 A 17 AÑOS,29
ICA,2021,FEMENINO,DE 18 A 29 AÑOS,124
ICA,2021,FEMENINO,DE 30 A 59 AÑOS,103
ICA,2021,FEMENINO,DE 60 A MÁS AÑOS,13
ICA,2022,MASCULINO,DE 0 A 5 AÑOS,7
ICA,2022,MASCULINO,DE 6 A 11 AÑOS,19
ICA,2022,MASCULINO,DE 12 A 17 AÑOS,69
ICA,2022,MASCULINO,DE 18 A 29 AÑOS,361
ICA,2022,MASCULINO,DE 30 A 59 AÑOS,386
ICA,2022,MASCULINO,DE 60 A MÁS AÑOS,67
ICA,2022,FEMENINO,DE 0 A 5 AÑOS,5
ICA,2022,FEMENINO,DE 6 A 11 AÑOS,9
ICA,2022,FEMENINO,DE 12 A 17 AÑOS,14
ICA,2022,FEMENINO,DE 18 A 29 AÑOS,204
ICA,2022,FEMENINO,DE 30 A 59 AÑOS,134
ICA,2022,FEMENINO,DE 60 A MÁS AÑOS,15
ICA,2023,MASCULINO,DE 0 A 5 AÑOS,4
ICA,2023,MASCULINO,DE 6 A 11 AÑOS,18
ICA,2023,MASCULINO,DE 12 A 17 AÑOS,32
ICA,2023,MASCULINO,DE 18 A 29 AÑOS,399
ICA,2023,MASCULINO,DE 30 A 59 AÑOS,470
ICA,2023,MASCULINO,DE 60 A MÁS AÑOS,31
ICA,2023,FEMENINO,DE 0 A 5 AÑOS,4
ICA,2023,FEMENINO,DE 6 A 11 AÑOS,13
ICA,2023,FEMENINO,DE 12 A 17 AÑOS,13
ICA,2023,FEMENINO,DE 18 A 29 AÑOS,215
ICA,2023,FEMENINO,DE 30 A 59 AÑOS,150
ICA,2023,FEMENINO,DE 60 A MÁS AÑOS,40
ICA,2024,MASCULINO,DE 0 A 5 AÑOS,15
ICA,2024,MASCULINO,DE 6 A 11 AÑOS,22
ICA,2024,MASCULINO,DE 12 A 17 AÑOS,52
ICA,2024,MASCULINO,DE 18 A 29 AÑOS,445
ICA,2024,MASCULINO,DE 30 A 59 AÑOS,440
ICA,2024,MASCULINO,DE 60 A MÁS AÑOS,67
ICA,2024,FEMENINO,DE 0 A 5 AÑOS,8
ICA,2024,FEMENINO,DE 6 A 11 AÑOS,14
ICA,2024,FEMENINO,DE 12 A 17 AÑOS,25
ICA,2024,FEMENINO,DE 18 A 29 AÑOS,218
ICA,2024,FEMENINO,DE 30 A 59 AÑOS,149
ICA,2024,FEMENINO,DE 60 A MÁS AÑOS,36
JUNIN,2008,MASCULINO,MENOR DE 18 AÑOS,237
JUNIN,2008,MASCULINO,MAYOR DE 18 AÑOS,752
JUNIN,2008,FEMENINO,MENOR DE 18 AÑOS,107
JUNIN,2008,FEMENINO,MAYOR DE 18 AÑOS,360
JUNIN,2009,MASCULINO,MENOR DE 18 AÑOS,250
JUNIN,2009,MASCULINO,MAYOR DE 18 AÑOS,701
JUNIN,2009,FEMENINO,MENOR DE 18 AÑOS,144
JUNIN,2009,FEMENINO,MAYOR DE 18 AÑOS,308
JUNIN,2010,MASCULINO,DE 0 A 5 AÑOS,86
JUNIN,2010,MASCULINO,DE 6 A 12 AÑOS,120
JUNIN,2010,MASCULINO,DE 13 A 18 AÑOS,248
JUNIN,2010,MASCULINO,DE 19 A 25 AÑOS,467
JUNIN,2010,MASCULINO,DE 26 A 60 AÑOS,760
JUNIN,2010,MASCULINO,DE 60 A MÁS AÑOS,89
JUNIN,2010,FEMENINO,DE 0 A 5 AÑOS,34
JUNIN,2010,FEMENINO,DE 6 A 12 AÑOS,48
JUNIN,2010,FEMENINO,DE 13 A 18 AÑOS,158
JUNIN,2010,FEMENINO,DE 19 A 25 AÑOS,250
JUNIN,2010,FEMENINO,DE 26 A 60 AÑOS,325
JUNIN,2010,FEMENINO,DE 60 A MÁS AÑOS,30
JUNIN,2011,MASCULINO,DE 0 A 5 AÑOS,33
JUNIN,2011,MASCULINO,DE 6 A 12 AÑOS,92
JUNIN,2011,MASCULINO,DE 13 A 18 AÑOS,165
JUNIN,2011,MASCULINO,DE 19 A 25 AÑOS,480
JUNIN,2011,MASCULINO,DE 26 A 60 AÑOS,573
JUNIN,2011,MASCULINO,DE 60 A MÁS AÑOS,37
JUNIN,2011,FEMENINO,DE 0 A 5 AÑOS,14
JUNIN,2011,FEMENINO,DE 6 A 12 AÑOS,79
JUNIN,2011,FEMENINO,DE 13 A 18 AÑOS,71
JUNIN,2011,FEMENINO,DE 19 A 25 AÑOS,173
JUNIN,2011,FEMENINO,DE 26 A 60 AÑOS,210
JUNIN,2011,FEMENINO,DE 60 A MÁS AÑOS,18
JUNIN,2012,MASCULINO,DE 0 A 5 AÑOS,15
JUNIN,2012,MASCULINO,DE 6 A 12 AÑOS,145
JUNIN,2012,MASCULINO,DE 13 A 18 AÑOS,252
JUNIN,2012,MASCULINO,DE 19 A 25 AÑOS,624
JUNIN,2012,MASCULINO,DE 26 A 60 AÑOS,1019
JUNIN,2012,MASCULINO,DE 60 A MÁS AÑOS,44
JUNIN,2012,FEMENINO,DE 0 A 5 AÑOS,14
JUNIN,2012,FEMENINO,DE 6 A 12 AÑOS,38
JUNIN,2012,FEMENINO,DE 13 A 18 AÑOS,119
JUNIN,2012,FEMENINO,DE 19 A 25 AÑOS,266
JUNIN,2012,FEMENINO,DE 26 A 60 AÑOS,314
JUNIN,2012,FEMENINO,DE 60 A MÁS AÑOS,20
JUNIN,2013,MASCULINO,DE 0 A 5 AÑOS,29
JUNIN,2013,MASCULINO,DE 6 A 12 AÑOS,218
JUNIN,2013,MASCULINO,DE 13 A 18 AÑOS,346
JUNIN,2013,MASCULINO,DE 19 A 25 AÑOS,925
JUNIN,2013,MASCULINO,DE 26 A 60 AÑOS,1114
JUNIN,2013,MASCULINO,DE 60 A MÁS AÑOS,102
JUNIN,2013,FEMENINO,DE 0 A 5 AÑOS,28
JUNIN,2013,FEMENINO,DE 6 A 12 AÑOS,59
JUNIN,2013,FEMENINO,DE 13 A 18 AÑOS,175
JUNIN,2013,FEMENINO,DE 19 A 25 AÑOS,262
JUNIN,2013,FEMENINO,DE 26 A 60 AÑOS,478
JUNIN,2013,FEMENINO,DE 60 A MÁS AÑOS,28
JUNIN,2014,MASCULINO,DE 0 A 5 AÑOS,112
JUNIN,2014,MASCULINO,DE 6 A 12 AÑOS,87
JUNIN,2014,MASCULINO,DE 13 A 18 AÑOS,213
JUNIN,2014,MASCULINO,DE 19 A 25 AÑOS,701
JUNIN,2014,MASCULINO,DE 26 A 60 AÑOS,1057
JUNIN,2014,MASCULINO,DE 60 A MÁS AÑOS,74
JUNIN,2014,FEMENINO,DE 0 A 5 AÑOS,33
JUNIN,2014,FEMENINO,DE 6 A 12 AÑOS,33
JUNIN,2014,FEMENINO,DE 13 A 18 AÑOS,94
JUNIN,2014,FEMENINO,DE 19 A 25 AÑOS,270
JUNIN,2014,FEMENINO,DE 26 A 60 AÑOS,340
JUNIN,2014,FEMENINO,DE 60 A MÁS AÑOS,28
JUNIN,2015,MASCULINO,DE 0 A 5 AÑOS,37
JUNIN,2015,MASCULINO,DE 6 A 12 AÑOS,53
JUNIN,2015,MASCULINO,DE 13 A 18 AÑOS,89
JUNIN,2015,MASCULINO,DE 19 A 25 AÑOS,554
JUNIN,2015,MASCULINO,DE 26 A 60 AÑOS,939
JUNIN,2015,MASCULINO,DE 60 A MÁS AÑOS,92
JUNIN,2015,FEMENINO,DE 0 A 5 AÑOS,32
JUNIN,2015,FEMENINO,DE 6 A 12 AÑOS,41
JUNIN,2015,FEMENINO,DE 13 A 18 AÑOS,70
JUNIN,2015,FEMENINO,DE 19 A 25 AÑOS,246
JUNIN,2015,FEMENINO,DE 26 A 60 AÑOS,329
JUNIN,2015,FEMENINO,DE 60 A MÁS AÑOS,27
JUNIN,2016,MASCULINO,DE 0 A 5 AÑOS,50
JUNIN,2016,MASCULINO,DE 6 A 12 AÑOS,68
JUNIN,2016,MASCULINO,DE 13 A 18 AÑOS,121
JUNIN,2016,MASCULINO,DE 19 A 25 AÑOS,423
JUNIN,2016,MASCULINO,DE 26 A 60 AÑOS,938
JUNIN,2016,MASCULINO,DE 60 A MÁS AÑOS,85
JUNIN,2016,FEMENINO,DE 0 A 5 AÑOS,29
JUNIN,2016,FEMENINO,DE 6 A 12 AÑOS,53
JUNIN,2016,FEMENINO,DE 13 A 18 AÑOS,59
JUNIN,2016,FEMENINO,DE 19 A 25 AÑOS,197
JUNIN,2016,FEMENINO,DE 26 A 60 AÑOS,285
JUNIN,2016,FEMENINO,DE 60 A MÁS AÑOS,35
JUNIN,2017,MASCULINO,DE 0 A 5 AÑOS,52
JUNIN,2017,MASCULINO,DE 6 A 12 AÑOS,79
JUNIN,2017,MASCULINO,DE 13 A 18 AÑOS,120
JUNIN,2017,MASCULINO,DE 19 A 25 AÑOS,424
JUNIN,2017,MASCULINO,DE 26 A 60 AÑOS,1050
JUNIN,2017,MASCULINO,DE 60 A MÁS AÑOS,67
JUNIN,2017,FEMENINO,DE 0 A 5 AÑOS,32
JUNIN,2017,FEMENINO,DE 6 A 12 AÑOS,71
JUNIN,2017,FEMENINO,DE 13 A 18 AÑOS,70
JUNIN,2017,FEMENINO,DE 19 A 25 AÑOS,230
JUNIN,2017,FEMENINO,DE 26 A 60 AÑOS,427
JUNIN,2017,FEMENINO,DE 60 A MÁS AÑOS,39
JUNIN,2018,MASCULINO,DE 0 A 5 AÑOS,58
JUNIN,2018,MASCULINO,DE 6 A 11 AÑOS,65
JUNIN,2018,MASCULINO,DE 12 A 17 AÑOS,86
JUNIN,2018,MASCULINO,DE 18 A 29 AÑOS,626
JUNIN,2018,MASCULINO,DE 30 A 59 AÑOS,681
JUNIN,2018,MASCULINO,DE 60 A MÁS AÑOS,93
JUNIN,2018,FEMENINO,DE 0 A 5 AÑOS,33
JUNIN,2018,FEMENINO,DE 6 A 11 AÑOS,57
JUNIN,2018,FEMENINO,DE 12 A 17 AÑOS,56
JUNIN,2018,FEMENINO,DE 18 A 29 AÑOS,303
JUNIN,2018,FEMENINO,DE 30 A 59 AÑOS,481
JUNIN,2018,FEMENINO,DE 60 A MÁS AÑOS,101
JUNIN,2019,MASCULINO,DE 0 A 5 AÑOS,63
JUNIN,2019,MASCULINO,DE 6 A 11 AÑOS,97
JUNIN,2019,MASCULINO,DE 12 A 17 AÑOS,167
JUNIN,2019,MASCULINO,DE 18 A 29 AÑOS,693
JUNIN,2019,MASCULINO,DE 30 A 59 AÑOS,761
JUNIN,2019,MASCULINO,DE 60 A MÁS AÑOS,141
JUNIN,2019,FEMENINO,DE 0 A 5 AÑOS,43
JUNIN,2019,FEMENINO,DE 6 A 11 AÑOS,60
JUNIN,2019,FEMENINO,DE 12 A 17 AÑOS,85
JUNIN,2019,FEMENINO,DE 18 A 29 AÑOS,348
JUNIN,2019,FEMENINO,DE 30 A 59 AÑOS,411
JUNIN,2019,FEMENINO,DE 60 A MÁS AÑOS,110
JUNIN,2020,MASCULINO,DE 0 A 5 AÑOS,25
JUNIN,2020,MASCULINO,DE 6 A 11 AÑOS,44
JUNIN,2020,MASCULINO,DE 12 A 17 AÑOS,72
JUNIN,2020,MASCULINO,DE 18 A 29 AÑOS,611
JUNIN,2020,MASCULINO,DE 30 A 59 AÑOS,717
JUNIN,2020,MASCULINO,DE 60 A MÁS AÑOS,77
JUNIN,2020,FEMENINO,DE 0 A 5 AÑOS,32
JUNIN,2020,FEMENINO,DE 6 A 11 AÑOS,16
JUNIN,2020,FEMENINO,DE 12 A 17 AÑOS,54
JUNIN,2020,FEMENINO,DE 18 A 29 AÑOS,243
JUNIN,2020,FEMENINO,DE 30 A 59 AÑOS,271
JUNIN,2020,FEMENINO,DE 60 A MÁS AÑOS,40
JUNIN,2021,MASCULINO,DE 0 A 5 AÑOS,39
JUNIN,2021,MASCULINO,DE 6 A 11 AÑOS,43
JUNIN,2021,MASCULINO,DE 12 A 17 AÑOS,98
JUNIN,2021,MASCULINO,DE 18 A 29 AÑOS,734
JUNIN,2021,MASCULINO,DE 30 A 59 AÑOS,1045
JUNIN,2021,MASCULINO,DE 60 A MÁS AÑOS,88
JUNIN,2021,FEMENINO,DE 0 A 5 AÑOS,34
JUNIN,2021,FEMENINO,DE 6 A 11 AÑOS,42
JUNIN,2021,FEMENINO,DE 12 A 17 AÑOS,75
JUNIN,2021,FEMENINO,DE 18 A 29 AÑOS,329
JUNIN,2021,FEMENINO,DE 30 A 59 AÑOS,346
JUNIN,2021,FEMENINO,DE 60 A MÁS AÑOS,58
JUNIN,2022,MASCULINO,DE 0 A 5 AÑOS,59
JUNIN,2022,MASCULINO,DE 6 A 11 AÑOS,90
JUNIN,2022,MASCULINO,DE 12 A 17 AÑOS,197
JUNIN,2022,MASCULINO,DE 18 A 29 AÑOS,844
JUNIN,2022,MASCULINO,DE 30 A 59 AÑOS,935
JUNIN,2022,MASCULINO,DE 60 A MÁS AÑOS,105
JUNIN,2022,FEMENINO,DE 0 A 5 AÑOS,61
JUNIN,2022,FEMENINO,DE 6 A 11 AÑOS,90
JUNIN,2022,FEMENINO,DE 12 A 17 AÑOS,111
JUNIN,2022,FEMENINO,DE 18 A 29 AÑOS,451
JUNIN,2022,FEMENINO,DE 30 A 59 AÑOS,486
JUNIN,2022,FEMENINO,DE 60 A MÁS AÑOS,92
JUNIN,2023,MASCULINO,DE 0 A 5 AÑOS,65
JUNIN,2023,MASCULINO,DE 6 A 11 AÑOS,76
JUNIN,2023,MASCULINO,DE 12 A 17 AÑOS,105
JUNIN,2023,MASCULINO,DE 18 A 29 AÑOS,755
JUNIN,2023,MASCULINO,DE 30 A 59 AÑOS,919
JUNIN,2023,MASCULINO,DE 60 A MÁS AÑOS,145
JUNIN,2023,FEMENINO,DE 0 A 5 AÑOS,64
JUNIN,2023,FEMENINO,DE 6 A 11 AÑOS,85
JUNIN,2023,FEMENINO,DE 12 A 17 AÑOS,87
JUNIN,2023,FEMENINO,DE 18 A 29 AÑOS,428
JUNIN,2023,FEMENINO,DE 30 A 59 AÑOS,507
JUNIN,2023,FEMENINO,DE 60 A MÁS AÑOS,112
JUNIN,2024,MASCULINO,DE 0 A 5 AÑOS,52
JUNIN,2024,MASCULINO,DE 6 A 11 AÑOS,78
JUNIN,2024,MASCULINO,DE 12 A 17 AÑOS,123
JUNIN,2024,MASCULINO,DE 18 A 29 AÑOS,784
JUNIN,2024,MASCULINO,DE 30 A 59 AÑOS,902
JUNIN,2024,MASCULINO,DE 60 A MÁS AÑOS,113
JUNIN,2024,FEMENINO,DE 0 A 5 AÑOS,54
JUNIN,2024,FEMENINO,DE 6 A 11 AÑOS,61
JUNIN,2024,FEMENINO,DE 12 A 17 AÑOS,92
JUNIN,2024,FEMENINO,DE 18 A 29 AÑOS,402
JUNIN,2024,FEMENINO,DE 30 A 59 AÑOS,506
JUNIN,2024,FEMENINO,DE 60 A MÁS AÑOS,92
LA LIBERTAD,2008,MASCULINO,MENOR DE 18 AÑOS,310
LA LIBERTAD,2008,MASCULINO,MAYOR DE 18 AÑOS,1589
LA LIBERTAD,2008,FEMENINO,MENOR DE 18 AÑOS,127
LA LIBERTAD,2008,FEMENINO,MAYOR DE 18 AÑOS,447
LA LIBERTAD,2009,MASCULINO,MENOR DE 18 AÑOS,256
LA LIBERTAD,2009,MASCULINO,MAYOR DE 18 AÑOS,1294
LA LIBERTAD,2009,FEMENINO,MENOR DE 18 AÑOS,115
LA LIBERTAD,2009,FEMENINO,MAYOR DE 18 AÑOS,394
LA LIBERTAD,2010,MASCULINO,DE 0 A 5 AÑOS,126
LA LIBERTAD,2010,MASCULINO,DE 6 A 12 AÑOS,85
LA LIBERTAD,2010,MASCULINO,DE 13 A 18 AÑOS,201
LA LIBERTAD,2010,MASCULINO,DE 19 A 25 AÑOS,716
LA LIBERTAD,2010,MASCULINO,DE 26 A 60 AÑOS,683
LA LIBERTAD,2010,MASCULINO,DE 60 A MÁS AÑOS,107
LA LIBERTAD,2010,FEMENINO,DE 0 A 5 AÑOS,13
LA LIBERTAD,2010,FEMENINO,DE 6 A 12 AÑOS,23
LA LIBERTAD,2010,FEMENINO,DE 13 A 18 AÑOS,83
LA LIBERTAD,2010,FEMENINO,DE 19 A 25 AÑOS,197
LA LIBERTAD,2010,FEMENINO,DE 26 A 60 AÑOS,283
LA LIBERTAD,2010,FEMENINO,DE 60 A MÁS AÑOS,55
LA LIBERTAD,2011,MASCULINO,DE 0 A 5 AÑOS,211
LA LIBERTAD,2011,MASCULINO,DE 6 A 12 AÑOS,81
LA LIBERTAD,2011,MASCULINO,DE 13 A 18 AÑOS,223
LA LIBERTAD,2011,MASCULINO,DE 19 A 25 AÑOS,658
LA LIBERTAD,2011,MASCULINO,DE 26 A 60 AÑOS,648
LA LIBERTAD,2011,MASCULINO,DE 60 A MÁS AÑOS,81
LA LIBERTAD,2011,FEMENINO,DE 0 A 5 AÑOS,21
LA LIBERTAD,2011,FEMENINO,DE 6 A 12 AÑOS,28
LA LIBERTAD,2011,FEMENINO,DE 13 A 18 AÑOS,118
LA LIBERTAD,2011,FEMENINO,DE 19 A 25 AÑOS,228
LA LIBERTAD,2011,FEMENINO,DE 26 A 60 AÑOS,309
LA LIBERTAD,2011,FEMENINO,DE 60 A MÁS AÑOS,52
LA LIBERTAD,2012,MASCULINO,DE 0 A 5 AÑOS,95
LA LIBERTAD,2012,MASCULINO,DE 6 A 12 AÑOS,135
LA LIBERTAD,2012,MASCULINO,DE 13 A 18 AÑOS,221
LA LIBERTAD,2012,MASCULINO,DE 19 A 25 AÑOS,821
LA LIBERTAD,2012,MASCULINO,DE 26 A 60 AÑOS,779
LA LIBERTAD,2012,MASCULINO,DE 60 A MÁS AÑOS,99
LA LIBERTAD,2012,FEMENINO,DE 0 A 5 AÑOS,38
LA LIBERTAD,2012,FEMENINO,DE 6 A 12 AÑOS,55
LA LIBERTAD,2012,FEMENINO,DE 13 A 18 AÑOS,131
LA LIBERTAD,2012,FEMENINO,DE 19 A 25 AÑOS,265
LA LIBERTAD,2012,FEMENINO,DE 26 A 60 AÑOS,319
LA LIBERTAD,2012,FEMENINO,DE 60 A MÁS AÑOS,71
LA LIBERTAD,2013,MASCULINO,DE 0 A 5 AÑOS,56
LA LIBERTAD,2013,MASCULINO,DE 6 A 12 AÑOS,113
LA LIBERTAD,2013,MASCULINO,DE 13 A 18 AÑOS,230
LA LIBERTAD,2013,MASCULINO,DE 19 A 25 AÑOS,735
LA LIBERTAD,2013,MASCULINO,DE 26 A 60 AÑOS,873
LA LIBERTAD,2013,MASCULINO,DE 60 A MÁS AÑOS,94
LA LIBERTAD,2013,FEMENINO,DE 0 A 5 AÑOS,42
LA LIBERTAD,2013,FEMENINO,DE 6 A 12 AÑOS,55
LA LIBERTAD,2013,FEMENINO,DE 13 A 18 AÑOS,160
LA LIBERTAD,2013,FEMENINO,DE 19 A 25 AÑOS,263
LA LIBERTAD,2013,FEMENINO,DE 26 A 60 AÑOS,331
LA LIBERTAD,2013,FEMENINO,DE 60 A MÁS AÑOS,48
LA LIBERTAD,2014,MASCULINO,DE 0 A 5 AÑOS,68
LA LIBERTAD,2014,MASCULINO,DE 6 A 12 AÑOS,80
LA LIBERTAD,2014,MASCULINO,DE 13 A 18 AÑOS,246
LA LIBERTAD,2014,MASCULINO,DE 19 A 25 AÑOS,762
LA LIBERTAD,2014,MASCULINO,DE 26 A 60 AÑOS,1055
LA LIBERTAD,2014,MASCULINO,DE 60 A MÁS AÑOS,137
LA LIBERTAD,2014,FEMENINO,DE 0 A 5 AÑOS,31
LA LIBERTAD,2014,FEMENINO,DE 6 A 12 AÑOS,66
LA LIBERTAD,2014,FEMENINO,DE 13 A 18 AÑOS,183
LA LIBERTAD,2014,FEMENINO,DE 19 A 25 AÑOS,337
LA LIBERTAD,2014,FEMENINO,DE 26 A 60 AÑOS,433
LA LIBERTAD,2014,FEMENINO,DE 60 A MÁS AÑOS,69
LA LIBERTAD,2015,MASCULINO,DE 0 A 5 AÑOS,81
LA LIBERTAD,2015,MASCULINO,DE 6 A 12 AÑOS,71
LA LIBERTAD,2015,MASCULINO,DE 13 A 18 AÑOS,242
LA LIBERTAD,2015,MASCULINO,DE 19 A 25 AÑOS,733
LA LIBERTAD,2015,MASCULINO,DE 26 A 60 AÑOS,1096
LA LIBERTAD,2015,MASCULINO,DE 60 A MÁS AÑOS,108
LA LIBERTAD,2015,FEMENINO,DE 0 A 5 AÑOS,93
LA LIBERTAD,2015,FEMENINO,DE 6 A 12 AÑOS,135
LA LIBERTAD,2015,FEMENINO,DE 13 A 18 AÑOS,191
LA LIBERTAD,2015,FEMENINO,DE 19 A 25 AÑOS,318
LA LIBERTAD,2015,FEMENINO,DE 26 A 60 AÑOS,499
LA LIBERTAD,2015,FEMENINO,DE 60 A MÁS AÑOS,37
LA LIBERTAD,2016,MASCULINO,DE 0 A 5 AÑOS,77
LA LIBERTAD,2016,MASCULINO,DE 6 A 12 AÑOS,90
LA LIBERTAD,2016,MASCULINO,DE 13 A 18 AÑOS,185
LA LIBERTAD,2016,MASCULINO,DE 19 A 25 AÑOS,782
LA LIBERTAD,2016,MASCULINO,DE 26 A 60 AÑOS,1190
LA LIBERTAD,2016,MASCULINO,DE 60 A MÁS AÑOS,127
LA LIBERTAD,2016,FEMENINO,DE 0 A 5 AÑOS,67
LA LIBERTAD,2016,FEMENINO,DE 6 A 12 AÑOS,93
LA LIBERTAD,2016,FEMENINO,DE 13 A 18 AÑOS,185
LA LIBERTAD,2016,FEMENINO,DE 19 A 25 AÑOS,390
LA LIBERTAD,2016,FEMENINO,DE 26 A 60 AÑOS,482
LA LIBERTAD,2016,FEMENINO,DE 60 A MÁS AÑOS,45
LA LIBERTAD,2017,MASCULINO,DE 0 A 5 AÑOS,59
LA LIBERTAD,2017,MASCULINO,DE 6 A 12 AÑOS,75
LA LIBERTAD,2017,MASCULINO,DE 13 A 18 AÑOS,158
LA LIBERTAD,2017,MASCULINO,DE 19 A 25 AÑOS,838
LA LIBERTAD,2017,MASCULINO,DE 26 A 60 AÑOS,1379
LA LIBERTAD,2017,MASCULINO,DE 60 A MÁS AÑOS,181
LA LIBERTAD,2017,FEMENINO,DE 0 A 5 AÑOS,33
LA LIBERTAD,2017,FEMENINO,DE 6 A 12 AÑOS,38
LA LIBERTAD,2017,FEMENINO,DE 13 A 18 AÑOS,97
LA LIBERTAD,2017,FEMENINO,DE 19 A 25 AÑOS,504
LA LIBERTAD,2017,FEMENINO,DE 26 A 60 AÑOS,650
LA LIBERTAD,2017,FEMENINO,DE 60 A MÁS AÑOS,53
LA LIBERTAD,2018,MASCULINO,DE 0 A 5 AÑOS,63
LA LIBERTAD,2018,MASCULINO,DE 6 A 11 AÑOS,105
LA LIBERTAD,2018,MASCULINO,DE 12 A 17 AÑOS,180
LA LIBERTAD,2018,MASCULINO,DE 18 A 29 AÑOS,1538
LA LIBERTAD,2018,MASCULINO,DE 30 A 59 AÑOS,1651
LA LIBERTAD,2018,MASCULINO,DE 60 A MÁS AÑOS,207
LA LIBERTAD,2018,FEMENINO,DE 0 A 5 AÑOS,39
LA LIBERTAD,2018,FEMENINO,DE 6 A 11 AÑOS,63
LA LIBERTAD,2018,FEMENINO,DE 12 A 17 AÑOS,92
LA LIBERTAD,2018,FEMENINO,DE 18 A 29 AÑOS,1055
LA LIBERTAD,2018,FEMENINO,DE 30 A 59 AÑOS,885
LA LIBERTAD,2018,FEMENINO,DE 60 A MÁS AÑOS,147
LA LIBERTAD,2019,MASCULINO,DE 0 A 5 AÑOS,53
LA LIBERTAD,2019,MASCULINO,DE 6 A 11 AÑOS,104
LA LIBERTAD,2019,MASCULINO,DE 12 A 17 AÑOS,231
LA LIBERTAD,2019,MASCULINO,DE 18 A 29 AÑOS,1818
LA LIBERTAD,2019,MASCULINO,DE 30 A 59 AÑOS,1551
LA LIBERTAD,2019,MASCULINO,DE 60 A MÁS AÑOS,221
LA LIBERTAD,2019,FEMENINO,DE 0 A 5 AÑOS,44
LA LIBERTAD,2019,FEMENINO,DE 6 A 11 AÑOS,72
LA LIBERTAD,2019,FEMENINO,DE 12 A 17 AÑOS,225
LA LIBERTAD,2019,FEMENINO,DE 18 A 29 AÑOS,1120
LA LIBERTAD,2019,FEMENINO,DE 30 A 59 AÑOS,800
LA LIBERTAD,2019,FEMENINO,DE 60 A MÁS AÑOS,135
LA LIBERTAD,2020,MASCULINO,DE 0 A 5 AÑOS,36
LA LIBERTAD,2020,MASCULINO,DE 6 A 11 AÑOS,35
LA LIBERTAD,2020,MASCULINO,DE 12 A 17 AÑOS,75
LA LIBERTAD,2020,MASCULINO,DE 18 A 29 AÑOS,1026
LA LIBERTAD,2020,MASCULINO,DE 30 A 59 AÑOS,1030
LA LIBERTAD,2020,MASCULINO,DE 60 A MÁS AÑOS,109
LA LIBERTAD,2020,FEMENINO,DE 0 A 5 AÑOS,19
LA LIBERTAD,2020,FEMENINO,DE 6 A 11 AÑOS,40
LA LIBERTAD,2020,FEMENINO,DE 12 A 17 AÑOS,51
LA LIBERTAD,2020,FEMENINO,DE 18 A 29 AÑOS,463
LA LIBERTAD,2020,FEMENINO,DE 30 A 59 AÑOS,442
LA LIBERTAD,2020,FEMENINO,DE 60 A MÁS AÑOS,55
LA LIBERTAD,2021,MASCULINO,DE 0 A 5 AÑOS,42
LA LIBERTAD,2021,MASCULINO,DE 6 A 11 AÑOS,48
LA LIBERTAD,2021,MASCULINO,DE 12 A 17 AÑOS,92
LA LIBERTAD,2021,MASCULINO,DE 18 A 29 AÑOS,1181
LA LIBERTAD,2021,MASCULINO,DE 30 A 59 AÑOS,1193
LA LIBERTAD,2021,MASCULINO,DE 60 A MÁS AÑOS,157
LA LIBERTAD,2021,FEMENINO,DE 0 A 5 AÑOS,32
LA LIBERTAD,2021,FEMENINO,DE 6 A 11 AÑOS,30
LA LIBERTAD,2021,FEMENINO,DE 12 A 17 AÑOS,59
LA LIBERTAD,2021,FEMENINO,DE 18 A 29 AÑOS,507
LA LIBERTAD,2021,FEMENINO,DE 30 A 59 AÑOS,499
LA LIBERTAD,2021,FEMENINO,DE 60 A MÁS AÑOS,168
LA LIBERTAD,2022,MASCULINO,DE 0 A 5 AÑOS,33
LA LIBERTAD,2022,MASCULINO,DE 6 A 11 AÑOS,55
LA LIBERTAD,2022,MASCULINO,DE 12 A 17 AÑOS,83
LA LIBERTAD,2022,MASCULINO,DE 18 A 29 AÑOS,832
LA LIBERTAD,2022,MASCULINO,DE 30 A 59 AÑOS,1122
LA LIBERTAD,2022,MASCULINO,DE 60 A MÁS AÑOS,140
LA LIBERTAD,2022,FEMENINO,DE 0 A 5 AÑOS,23
LA LIBERTAD,2022,FEMENINO,DE 6 A 11 AÑOS,35
LA LIBERTAD,2022,FEMENINO,DE 12 A 17 AÑOS,64
LA LIBERTAD,2022,FEMENINO,DE 18 A 29 AÑOS,348
LA LIBERTAD,2022,FEMENINO,DE 30 A 59 AÑOS,487
LA LIBERTAD,2022,FEMENINO,DE 60 A MÁS AÑOS,63
LA LIBERTAD,2023,MASCULINO,DE 0 A 5 AÑOS,39
LA LIBERTAD,2023,MASCULINO,DE 6 A 11 AÑOS,70
LA LIBERTAD,2023,MASCULINO,DE 12 A 17 AÑOS,117
LA LIBERTAD,2023,MASCULINO,DE 18 A 29 AÑOS,1039
LA LIBERTAD,2023,MASCULINO,DE 30 A 59 AÑOS,1259
LA LIBERTAD,2023,MASCULINO,DE 60 A MÁS AÑOS,162
LA LIBERTAD,2023,FEMENINO,DE 0 A 5 AÑOS,25
LA LIBERTAD,2023,FEMENINO,DE 6 A 11 AÑOS,61
LA LIBERTAD,2023,FEMENINO,DE 12 A 17 AÑOS,97
LA LIBERTAD,2023,FEMENINO,DE 18 A 29 AÑOS,427
LA LIBERTAD,2023,FEMENINO,DE 30 A 59 AÑOS,467
LA LIBERTAD,2023,FEMENINO,DE 60 A MÁS AÑOS,62
LA LIBERTAD,2024,MASCULINO,DE 0 A 5 AÑOS,32
LA LIBERTAD,2024,MASCULINO,DE 6 A 11 AÑOS,80
LA LIBERTAD,2024,MASCULINO,DE 12 A 17 AÑOS,130
LA LIBERTAD,2024,MASCULINO,DE 18 A 29 AÑOS,801
LA LIBERTAD,2024,MASCULINO,DE 30 A 59 AÑOS,1230
LA LIBERTAD,2024,MASCULINO,DE 60 A MÁS AÑOS,118
LA LIBERTAD,2024,FEMENINO,DE 0 A 5 AÑOS,21
LA LIBERTAD,2024,FEMENINO,DE 6 A 11 AÑOS,57
LA LIBERTAD,2024,FEMENINO,DE 12 A 17 AÑOS,146
LA LIBERTAD,2024,FEMENINO,DE 18 A 29 AÑOS,470
LA LIBERTAD,2024,FEMENINO,DE 30 A 59 AÑOS,443
LA LIBERTAD,2024,FEMENINO,DE 60 A MÁS AÑOS,65
LAMBAYEQUE,2008,MASCULINO,MENOR DE 18 AÑOS,140
LAMBAYEQUE,2008,MASCULINO,MAYOR DE 18 AÑOS,558
LAMBAYEQUE,2008,FEMENINO,MENOR DE 18 AÑOS,103
LAMBAYEQUE,2008,FEMENINO,MAYOR DE 18 AÑOS,272
LAMBAYEQUE,2009,MASCULINO,MENOR DE 18 AÑOS,218
LAMBAYEQUE,2009,MASCULINO,MAYOR DE 18 AÑOS,735
LAMBAYEQUE,2009,FEMENINO,MENOR DE 18 AÑOS,126
LAMBAYEQUE,2009,FEMENINO,MAYOR DE 18 AÑOS,322
LAMBAYEQUE,2010,MASCULINO,DE 0 A 5 AÑOS,60
LAMBAYEQUE,2010,MASCULINO,DE 6 A 12 AÑOS,117
LAMBAYEQUE,2010,MASCULINO,DE 13 A 18 AÑOS,198
LAMBAYEQUE,2010,MASCULINO,DE 19 A 25 AÑOS,304
LAMBAYEQUE,2010,MASCULINO,DE 26 A 60 AÑOS,556
LAMBAYEQUE,2010,MASCULINO,DE 60 A MÁS AÑOS,75
LAMBAYEQUE,2010,FEMENINO,DE 0 A 5 AÑOS,29
LAMBAYEQUE,2010,FEMENINO,DE 6 A 12 AÑOS,64
LAMBAYEQUE,2010,FEMENINO,DE 13 A 18 AÑOS,97
LAMBAYEQUE,2010,FEMENINO,DE 19 A 25 AÑOS,157
LAMBAYEQUE,2010,FEMENINO,DE 26 A 60 AÑOS,235
LAMBAYEQUE,2010,FEMENINO,DE 60 A MÁS AÑOS,46
LAMBAYEQUE,2011,MASCULINO,DE 0 A 5 AÑOS,45
LAMBAYEQUE,2011,MASCULINO,DE 6 A 12 AÑOS,135
LAMBAYEQUE,2011,MASCULINO,DE 13 A 18 AÑOS,234
LAMBAYEQUE,2011,MASCULINO,DE 19 A 25 AÑOS,436
LAMBAYEQUE,2011,MASCULINO,DE 26 A 60 AÑOS,688
LAMBAYEQUE,2011,MASCULINO,DE 60 A MÁS AÑOS,80
LAMBAYEQUE,2011,FEMENINO,DE 0 A 5 AÑOS,31
LAMBAYEQUE,2011,FEMENINO,DE 6 A 12 AÑOS,58
LAMBAYEQUE,2011,FEMENINO,DE 13 A 18 AÑOS,92
LAMBAYEQUE,2011,FEMENINO,DE 19 A 25 AÑOS,197
LAMBAYEQUE,2011,FEMENINO,DE 26 A 60 AÑOS,250
LAMBAYEQUE,2011,FEMENINO,DE 60 A MÁS AÑOS,42
LAMBAYEQUE,2012,MASCULINO,DE 0 A 5 AÑOS,75
LAMBAYEQUE,2012,MASCULINO,DE 6 A 12 AÑOS,111
LAMBAYEQUE,2012,MASCULINO,DE 13 A 18 AÑOS,207
LAMBAYEQUE,2012,MASCULINO,DE 19 A 25 AÑOS,517
LAMBAYEQUE,2012,MASCULINO,DE 26 A 60 AÑOS,774
LAMBAYEQUE,2012,MASCULINO,DE 60 A MÁS AÑOS,94
LAMBAYEQUE,2012,FEMENINO,DE 0 A 5 AÑOS,43
LAMBAYEQUE,2012,FEMENINO,DE 6 A 12 AÑOS,69
LAMBAYEQUE,2012,FEMENINO,DE 13 A 18 AÑOS,112
LAMBAYEQUE,2012,FEMENINO,DE 19 A 25 AÑOS,245
LAMBAYEQUE,2012,FEMENINO,DE 26 A 60 AÑOS,342
LAMBAYEQUE,2012,FEMENINO,DE 60 A MÁS AÑOS,46
LAMBAYEQUE,2013,MASCULINO,DE 0 A 5 AÑOS,34
LAMBAYEQUE,2013,MASCULINO,DE 6 A 12 AÑOS,104
LAMBAYEQUE,2013,MASCULINO,DE 13 A 18 AÑOS,248
LAMBAYEQUE,2013,MASCULINO,DE 19 A 25 AÑOS,468
LAMBAYEQUE,2013,MASCULINO,DE 26 A 60 AÑOS,650
LAMBAYEQUE,2013,MASCULINO,DE 60 A MÁS AÑOS,138
LAMBAYEQUE,2013,FEMENINO,DE 0 A 5 AÑOS,36
LAMBAYEQUE,2013,FEMENINO,DE 6 A 12 AÑOS,72
LAMBAYEQUE,2013,FEMENINO,DE 13 A 18 AÑOS,135
LAMBAYEQUE,2013,FEMENINO,DE 19 A 25 AÑOS,221
LAMBAYEQUE,2013,FEMENINO,DE 26 A 60 AÑOS,281
LAMBAYEQUE,2013,FEMENINO,DE 60 A MÁS AÑOS,57
LAMBAYEQUE,2014,MASCULINO,DE 0 A 5 AÑOS,38
LAMBAYEQUE,2014,MASCULINO,DE 6 A 12 AÑOS,76
LAMBAYEQUE,2014,MASCULINO,DE 13 A 18 AÑOS,215
LAMBAYEQUE,2014,MASCULINO,DE 19 A 25 AÑOS,459
LAMBAYEQUE,2014,MASCULINO,DE 26 A 60 AÑOS,626
LAMBAYEQUE,2014,MASCULINO,DE 60 A MÁS AÑOS,76
LAMBAYEQUE,2014,FEMENINO,DE 0 A 5 AÑOS,23
LAMBAYEQUE,2014,FEMENINO,DE 6 A 12 AÑOS,39
LAMBAYEQUE,2014,FEMENINO,DE 13 A 18 AÑOS,90
LAMBAYEQUE,2014,FEMENINO,DE 19 A 25 AÑOS,236
LAMBAYEQUE,2014,FEMENINO,DE 26 A 60 AÑOS,268
LAMBAYEQUE,2014,FEMENINO,DE 60 A MÁS AÑOS,34
LAMBAYEQUE,2015,MASCULINO,DE 0 A 5 AÑOS,49
LAMBAYEQUE,2015,MASCULINO,DE 6 A 12 AÑOS,28
LAMBAYEQUE,2015,MASCULINO,DE 13 A 18 AÑOS,40
LAMBAYEQUE,2015,MASCULINO,DE 19 A 25 AÑOS,226
LAMBAYEQUE,2015,MASCULINO,DE 26 A 60 AÑOS,527
LAMBAYEQUE,2015,MASCULINO,DE 60 A MÁS AÑOS,58
LAMBAYEQUE,2015,FEMENINO,DE 0 A 5 AÑOS,12
LAMBAYEQUE,2015,FEMENINO,DE 6 A 12 AÑOS,31
LAMBAYEQUE,2015,FEMENINO,DE 13 A 18 AÑOS,23
LAMBAYEQUE,2015,FEMENINO,DE 19 A 25 AÑOS,95
LAMBAYEQUE,2015,FEMENINO,DE 26 A 60 AÑOS,192
LAMBAYEQUE,2015,FEMENINO,DE 60 A MÁS AÑOS,38
LAMBAYEQUE,2016,MASCULINO,DE 0 A 5 AÑOS,72
LAMBAYEQUE,2016,MASCULINO,DE 6 A 12 AÑOS,90
LAMBAYEQUE,2016,MASCULINO,DE 13 A 18 AÑOS,73
LAMBAYEQUE,2016,MASCULINO,DE 19 A 25 AÑOS,406
LAMBAYEQUE,2016,MASCULINO,DE 26 A 60 AÑOS,608
LAMBAYEQUE,2016,MASCULINO,DE 60 A MÁS AÑOS,138
LAMBAYEQUE,2016,FEMENINO,DE 0 A 5 AÑOS,21
LAMBAYEQUE,2016,FEMENINO,DE 6 A 12 AÑOS,15
LAMBAYEQUE,2016,FEMENINO,DE 13 A 18 AÑOS,39
LAMBAYEQUE,2016,FEMENINO,DE 19 A 25 AÑOS,136
LAMBAYEQUE,2016,FEMENINO,DE 26 A 60 AÑOS,297
LAMBAYEQUE,2016,FEMENINO,DE 60 A MÁS AÑOS,30
LAMBAYEQUE,2017,MASCULINO,DE 0 A 5 AÑOS,64
LAMBAYEQUE,2017,MASCULINO,DE 6 A 12 AÑOS,61
LAMBAYEQUE,2017,MASCULINO,DE 13 A 18 AÑOS,112
LAMBAYEQUE,2017,MASCULINO,DE 19 A 25 AÑOS,400
LAMBAYEQUE,2017,MASCULINO,DE 26 A 60 AÑOS,712
LAMBAYEQUE,2017,MASCULINO,DE 60 A MÁS AÑOS,165
LAMBAYEQUE,2017,FEMENINO,DE 0 A 5 AÑOS,16
LAMBAYEQUE,2017,FEMENINO,DE 6 A 12 AÑOS,30
LAMBAYEQUE,2017,FEMENINO,DE 13 A 18 AÑOS,69
LAMBAYEQUE,2017,FEMENINO,DE 19 A 25 AÑOS,164
LAMBAYEQUE,2017,FEMENINO,DE 26 A 60 AÑOS,283
LAMBAYEQUE,2017,FEMENINO,DE 60 A MÁS AÑOS,60
LAMBAYEQUE,2018,MASCULINO,DE 0 A 5 AÑOS,31
LAMBAYEQUE,2018,MASCULINO,DE 6 A 11 AÑOS,55
LAMBAYEQUE,2018,MASCULINO,DE 12 A 17 AÑOS,91
LAMBAYEQUE,2018,MASCULINO,DE 18 A 29 AÑOS,707
LAMBAYEQUE,2018,MASCULINO,DE 30 A 59 AÑOS,934
LAMBAYEQUE,2018,MASCULINO,DE 60 A MÁS AÑOS,137
LAMBAYEQUE,2018,FEMENINO,DE 0 A 5 AÑOS,21
LAMBAYEQUE,2018,FEMENINO,DE 6 A 11 AÑOS,34
LAMBAYEQUE,2018,FEMENINO,DE 12 A 17 AÑOS,67
LAMBAYEQUE,2018,FEMENINO,DE 18 A 29 AÑOS,293
LAMBAYEQUE,2018,FEMENINO,DE 30 A 59 AÑOS,344
LAMBAYEQUE,2018,FEMENINO,DE 60 A MÁS AÑOS,71
LAMBAYEQUE,2019,MASCULINO,DE 0 A 5 AÑOS,28
LAMBAYEQUE,2019,MASCULINO,DE 6 A 11 AÑOS,82
LAMBAYEQUE,2019,MASCULINO,DE 12 A 17 AÑOS,89
LAMBAYEQUE,2019,MASCULINO,DE 18 A 29 AÑOS,799
LAMBAYEQUE,2019,MASCULINO,DE 30 A 59 AÑOS,904
LAMBAYEQUE,2019,MASCULINO,DE 60 A MÁS AÑOS,107
LAMBAYEQUE,2019,FEMENINO,DE 0 A 5 AÑOS,22
LAMBAYEQUE,2019,FEMENINO,DE 6 A 11 AÑOS,38
LAMBAYEQUE,2019,FEMENINO,DE 12 A 17 AÑOS,77
LAMBAYEQUE,2019,FEMENINO,DE 18 A 29 AÑOS,357
LAMBAYEQUE,2019,FEMENINO,DE 30 A 59 AÑOS,426
LAMBAYEQUE,2019,FEMENINO,DE 60 A MÁS AÑOS,70
LAMBAYEQUE,2020,MASCULINO,DE 0 A 5 AÑOS,43
LAMBAYEQUE,2020,MASCULINO,DE 6 A 11 AÑOS,52
LAMBAYEQUE,2020,MASCULINO,DE 12 A 17 AÑOS,62
LAMBAYEQUE,2020,MASCULINO,DE 18 A 29 AÑOS,514
LAMBAYEQUE,2020,MASCULINO,DE 30 A 59 AÑOS,507
LAMBAYEQUE,2020,MASCULINO,DE 60 A MÁS AÑOS,64
LAMBAYEQUE,2020,FEMENINO,DE 0 A 5 AÑOS,10
LAMBAYEQUE,2020,FEMENINO,DE 6 A 11 AÑOS,55
LAMBAYEQUE,2020,FEMENINO,DE 12 A 17 AÑOS,42
LAMBAYEQUE,2020,FEMENINO,DE 18 A 29 AÑOS,230
LAMBAYEQUE,2020,FEMENINO,DE 30 A 59 AÑOS,200
LAMBAYEQUE,2020,FEMENINO,DE 60 A MÁS AÑOS,31
LAMBAYEQUE,2021,MASCULINO,DE 0 A 5 AÑOS,27
LAMBAYEQUE,2021,MASCULINO,DE 6 A 11 AÑOS,43
LAMBAYEQUE,2021,MASCULINO,DE 12 A 17 AÑOS,67
LAMBAYEQUE,2021,MASCULINO,DE 18 A 29 AÑOS,629
LAMBAYEQUE,2021,MASCULINO,DE 30 A 59 AÑOS,692
LAMBAYEQUE,2021,MASCULINO,DE 60 A MÁS AÑOS,73
LAMBAYEQUE,2021,FEMENINO,DE 0 A 5 AÑOS,17
LAMBAYEQUE,2021,FEMENINO,DE 6 A 11 AÑOS,15
LAMBAYEQUE,2021,FEMENINO,DE 12 A 17 AÑOS,39
LAMBAYEQUE,2021,FEMENINO,DE 18 A 29 AÑOS,282
LAMBAYEQUE,2021,FEMENINO,DE 30 A 59 AÑOS,233
LAMBAYEQUE,2021,FEMENINO,DE 60 A MÁS AÑOS,60
LAMBAYEQUE,2022,MASCULINO,DE 0 A 5 AÑOS,17
LAMBAYEQUE,2022,MASCULINO,DE 6 A 11 AÑOS,45
LAMBAYEQUE,2022,MASCULINO,DE 12 A 17 AÑOS,84
LAMBAYEQUE,2022,MASCULINO,DE 18 A 29 AÑOS,553
LAMBAYEQUE,2022,MASCULINO,DE 30 A 59 AÑOS,660
LAMBAYEQUE,2022,MASCULINO,DE 60 A MÁS AÑOS,105
LAMBAYEQUE,2022,FEMENINO,DE 0 A 5 AÑOS,8
LAMBAYEQUE,2022,FEMENINO,DE 6 A 11 AÑOS,28
LAMBAYEQUE,2022,FEMENINO,DE 12 A 17 AÑOS,38
LAMBAYEQUE,2022,FEMENINO,DE 18 A 29 AÑOS,228
LAMBAYEQUE,2022,FEMENINO,DE 30 A 59 AÑOS,274
LAMBAYEQUE,2022,FEMENINO,DE 60 A MÁS AÑOS,62
LAMBAYEQUE,2023,MASCULINO,DE 0 A 5 AÑOS,30
LAMBAYEQUE,2023,MASCULINO,DE 6 A 11 AÑOS,60
LAMBAYEQUE,2023,MASCULINO,DE 12 A 17 AÑOS,89
LAMBAYEQUE,2023,MASCULINO,DE 18 A 29 AÑOS,605
LAMBAYEQUE,2023,MASCULINO,DE 30 A 59 AÑOS,603
LAMBAYEQUE,2023,MASCULINO,DE 60 A MÁS AÑOS,148
LAMBAYEQUE,2023,FEMENINO,DE 0 A 5 AÑOS,18
LAMBAYEQUE,2023,FEMENINO,DE 6 A 11 AÑOS,46
LAMBAYEQUE,2023,FEMENINO,DE 12 A 17 AÑOS,50
LAMBAYEQUE,2023,FEMENINO,DE 18 A 29 AÑOS,188
LAMBAYEQUE,2023,FEMENINO,DE 30 A 59 AÑOS,233
LAMBAYEQUE,2023,FEMENINO,DE 60 A MÁS AÑOS,86
LAMBAYEQUE,2024,MASCULINO,DE 0 A 5 AÑOS,26
LAMBAYEQUE,2024,MASCULINO,DE 6 A 11 AÑOS,50
LAMBAYEQUE,2024,MASCULINO,DE 12 A 17 AÑOS,107
LAMBAYEQUE,2024,MASCULINO,DE 18 A 29 AÑOS,748
LAMBAYEQUE,2024,MASCULINO,DE 30 A 59 AÑOS,927
LAMBAYEQUE,2024,MASCULINO,DE 60 A MÁS AÑOS,177
LAMBAYEQUE,2024,FEMENINO,DE 0 A 5 AÑOS,10
LAMBAYEQUE,2024,FEMENINO,DE 6 A 11 AÑOS,23
LAMBAYEQUE,2024,FEMENINO,DE 12 A 17 AÑOS,78
LAMBAYEQUE,2024,FEMENINO,DE 18 A 29 AÑOS,313
LAMBAYEQUE,2024,FEMENINO,DE 30 A 59 AÑOS,302
LAMBAYEQUE,2024,FEMENINO,DE 60 A MÁS AÑOS,83
LIMA,2008,MASCULINO,MENOR DE 18 AÑOS,3952
LIMA,2008,MASCULINO,MAYOR DE 18 AÑOS,14367
LIMA,2008,FEMENINO,MENOR DE 18 AÑOS,1539
LIMA,2008,FEMENINO,MAYOR DE 18 AÑOS,5811
LIMA,2009,MASCULINO,MENOR DE 18 AÑOS,3108
LIMA,2009,MASCULINO,MAYOR DE 18 AÑOS,13554
LIMA,2009,FEMENINO,MENOR DE 18 AÑOS,1324
LIMA,2009,FEMENINO,MAYOR DE 18 AÑOS,5517
LIMA,2010,MASCULINO,DE 0 A 5 AÑOS,396
LIMA,2010,MASCULINO,DE 6 A 12 AÑOS,840
LIMA,2010,MASCULINO,DE 13 A 18 AÑOS,2259
LIMA,2010,MASCULINO,DE 19 A 25 AÑOS,6106
LIMA,2010,MASCULINO,DE 26 A 60 AÑOS,6925
LIMA,2010,MASCULINO,DE 60 A MÁS AÑOS,860
LIMA,2010,FEMENINO,DE 0 A 5 AÑOS,168
LIMA,2010,FEMENINO,DE 6 A 12 AÑOS,517
LIMA,2010,FEMENINO,DE 13 A 18 AÑOS,1177
LIMA,2010,FEMENINO,DE 19 A 25 AÑOS,2880
LIMA,2010,FEMENINO,DE 26 A 60 AÑOS,2625
LIMA,2010,FEMENINO,DE 60 A MÁS AÑOS,383
LIMA,2011,MASCULINO,DE 0 A 5 AÑOS,327
LIMA,2011,MASCULINO,DE 6 A 12 AÑOS,513
LIMA,2011,MASCULINO,DE 13 A 18 AÑOS,1842
LIMA,2011,MASCULINO,DE 19 A 25 AÑOS,6026
LIMA,2011,MASCULINO,DE 26 A 60 AÑOS,6926
LIMA,2011,MASCULINO,DE 60 A MÁS AÑOS,892
LIMA,2011,FEMENINO,DE 0 A 5 AÑOS,163
LIMA,2011,FEMENINO,DE 6 A 12 AÑOS,359
LIMA,2011,FEMENINO,DE 13 A 18 AÑOS,1132
LIMA,2011,FEMENINO,DE 19 A 25 AÑOS,2475
LIMA,2011,FEMENINO,DE 26 A 60 AÑOS,2706
LIMA,2011,FEMENINO,DE 60 A MÁS AÑOS,368
LIMA,2012,MASCULINO,DE 0 A 5 AÑOS,211
LIMA,2012,MASCULINO,DE 6 A 12 AÑOS,571
LIMA,2012,MASCULINO,DE 13 A 18 AÑOS,1728
LIMA,2012,MASCULINO,DE 19 A 25 AÑOS,6440
LIMA,2012,MASCULINO,DE 26 A 60 AÑOS,7458
LIMA,2012,MASCULINO,DE 60 A MÁS AÑOS,847
LIMA,2012,FEMENINO,DE 0 A 5 AÑOS,117
LIMA,2012,FEMENINO,DE 6 A 12 AÑOS,240
LIMA,2012,FEMENINO,DE 13 A 18 AÑOS,832
LIMA,2012,FEMENINO,DE 19 A 25 AÑOS,2531
LIMA,2012,FEMENINO,DE 26 A 60 AÑOS,3170
LIMA,2012,FEMENINO,DE 60 A MÁS AÑOS,421
LIMA,2013,MASCULINO,DE 0 A 5 AÑOS,201
LIMA,2013,MASCULINO,DE 6 A 12 AÑOS,529
LIMA,2013,MASCULINO,DE 13 A 18 AÑOS,1318
LIMA,2013,MASCULINO,DE 19 A 25 AÑOS,6946
LIMA,2013,MASCULINO,DE 26 A 60 AÑOS,7982
LIMA,2013,MASCULINO,DE 60 A MÁS AÑOS,848
LIMA,2013,FEMENINO,DE 0 A 5 AÑOS,101
LIMA,2013,FEMENINO,DE 6 A 12 AÑOS,275
LIMA,2013,FEMENINO,DE 13 A 18 AÑOS,915
LIMA,2013,FEMENINO,DE 19 A 25 AÑOS,2803
LIMA,2013,FEMENINO,DE 26 A 60 AÑOS,3426
LIMA,2013,FEMENINO,DE 60 A MÁS AÑOS,597
LIMA,2014,MASCULINO,DE 0 A 5 AÑOS,215
LIMA,2014,MASCULINO,DE 6 A 12 AÑOS,526
LIMA,2014,MASCULINO,DE 13 A 18 AÑOS,1138
LIMA,2014,MASCULINO,DE 19 A 25 AÑOS,5224
LIMA,2014,MASCULINO,DE 26 A 60 AÑOS,7629
LIMA,2014,MASCULINO,DE 60 A MÁS AÑOS,889
LIMA,2014,FEMENINO,DE 0 A 5 AÑOS,129
LIMA,2014,FEMENINO,DE 6 A 12 AÑOS,331
LIMA,2014,FEMENINO,DE 13 A 18 AÑOS,733
LIMA,2014,FEMENINO,DE 19 A 25 AÑOS,2480
LIMA,2014,FEMENINO,DE 26 A 60 AÑOS,3996
LIMA,2014,FEMENINO,DE 60 A MÁS AÑOS,563
LIMA,2015,MASCULINO,DE 0 A 5 AÑOS,233
LIMA,2015,MASCULINO,DE 6 A 12 AÑOS,504
LIMA,2015,MASCULINO,DE 13 A 18 AÑOS,1289
LIMA,2015,MASCULINO,DE 19 A 25 AÑOS,5543
LIMA,2015,MASCULINO,DE 26 A 60 AÑOS,7965
LIMA,2015,MASCULINO,DE 60 A MÁS AÑOS,1243
LIMA,2015,FEMENINO,DE 0 A 5 AÑOS,161
LIMA,2015,FEMENINO,DE 6 A 12 AÑOS,266
LIMA,2015,FEMENINO,DE 13 A 18 AÑOS,745
LIMA,2015,FEMENINO,DE 19 A 25 AÑOS,2526
LIMA,2015,FEMENINO,DE 26 A 60 AÑOS,3913
LIMA,2015,FEMENINO,DE 60 A MÁS AÑOS,637
LIMA,2016,MASCULINO,DE 0 A 5 AÑOS,191
LIMA,2016,MASCULINO,DE 6 A 12 AÑOS,464
LIMA,2016,MASCULINO,DE 13 A 18 AÑOS,1162
LIMA,2016,MASCULINO,DE 19 A 25 AÑOS,4882
LIMA,2016,MASCULINO,DE 26 A 60 AÑOS,7596
LIMA,2016,MASCULINO,DE 60 A MÁS AÑOS,1148
LIMA,2016,FEMENINO,DE 0 A 5 AÑOS,150
LIMA,2016,FEMENINO,DE 6 A 12 AÑOS,247
LIMA,2016,FEMENINO,DE 13 A 18 AÑOS,632
LIMA,2016,FEMENINO,DE 19 A 25 AÑOS,2462
LIMA,2016,FEMENINO,DE 26 A 60 AÑOS,3909
LIMA,2016,FEMENINO,DE 60 A MÁS AÑOS,718
LIMA,2017,MASCULINO,DE 0 A 5 AÑOS,277
LIMA,2017,MASCULINO,DE 6 A 12 AÑOS,450
LIMA,2017,MASCULINO,DE 13 A 18 AÑOS,1212
LIMA,2017,MASCULINO,DE 19 A 25 AÑOS,4854
LIMA,2017,MASCULINO,DE 26 A 60 AÑOS,7488
LIMA,2017,MASCULINO,DE 60 A MÁS AÑOS,1085
LIMA,2017,FEMENINO,DE 0 A 5 AÑOS,148
LIMA,2017,FEMENINO,DE 6 A 12 AÑOS,282
LIMA,2017,FEMENINO,DE 13 A 18 AÑOS,603
LIMA,2017,FEMENINO,DE 19 A 25 AÑOS,2558
LIMA,2017,FEMENINO,DE 26 A 60 AÑOS,4417
LIMA,2017,FEMENINO,DE 60 A MÁS AÑOS,775
LIMA,2018,MASCULINO,DE 0 A 5 AÑOS,322
LIMA,2018,MASCULINO,DE 6 A 11 AÑOS,546
LIMA,2018,MASCULINO,DE 12 A 17 AÑOS,936
LIMA,2018,MASCULINO,DE 18 A 29 AÑOS,6424
LIMA,2018,MASCULINO,DE 30 A 59 AÑOS,6467
LIMA,2018,MASCULINO,DE 60 A MÁS AÑOS,1360
LIMA,2018,FEMENINO,DE 0 A 5 AÑOS,238
LIMA,2018,FEMENINO,DE 6 A 11 AÑOS,370
LIMA,2018,FEMENINO,DE 12 A 17 AÑOS,724
LIMA,2018,FEMENINO,DE 18 A 29 AÑOS,3607
LIMA,2018,FEMENINO,DE 30 A 59 AÑOS,4341
LIMA,2018,FEMENINO,DE 60 A MÁS AÑOS,981
LIMA,2019,MASCULINO,DE 0 A 5 AÑOS,262
LIMA,2019,MASCULINO,DE 6 A 11 AÑOS,481
LIMA,2019,MASCULINO,DE 12 A 17 AÑOS,950
LIMA,2019,MASCULINO,DE 18 A 29 AÑOS,6505
LIMA,2019,MASCULINO,DE 30 A 59 AÑOS,7097
LIMA,2019,MASCULINO,DE 60 A MÁS AÑOS,1468
LIMA,2019,FEMENINO,DE 0 A 5 AÑOS,195
LIMA,2019,FEMENINO,DE 6 A 11 AÑOS,415
LIMA,2019,FEMENINO,DE 12 A 17 AÑOS,706
LIMA,2019,FEMENINO,DE 18 A 29 AÑOS,3595
LIMA,2019,FEMENINO,DE 30 A 59 AÑOS,4620
LIMA,2019,FEMENINO,DE 60 A MÁS AÑOS,1092
LIMA,2020,MASCULINO,DE 0 A 5 AÑOS,131
LIMA,2020,MASCULINO,DE 6 A 11 AÑOS,282
LIMA,2020,MASCULINO,DE 12 A 17 AÑOS,508
LIMA,2020,MASCULINO,DE 18 A 29 AÑOS,4140
LIMA,2020,MASCULINO,DE 30 A 59 AÑOS,4532
LIMA,2020,MASCULINO,DE 60 A MÁS AÑOS,730
LIMA,2020,FEMENINO,DE 0 A 5 AÑOS,96
LIMA,2020,FEMENINO,DE 6 A 11 AÑOS,211
LIMA,2020,FEMENINO,DE 12 A 17 AÑOS,429
LIMA,2020,FEMENINO,DE 18 A 29 AÑOS,2020
LIMA,2020,FEMENINO,DE 30 A 59 AÑOS,2299
LIMA,2020,FEMENINO,DE 60 A MÁS AÑOS,463
LIMA,2021,MASCULINO,DE 0 A 5 AÑOS,133
LIMA,2021,MASCULINO,DE 6 A 11 AÑOS,385
LIMA,2021,MASCULINO,DE 12 A 17 AÑOS,656
LIMA,2021,MASCULINO,DE 18 A 29 AÑOS,5444
LIMA,2021,MASCULINO,DE 30 A 59 AÑOS,5670
LIMA,2021,MASCULINO,DE 60 A MÁS AÑOS,662
LIMA,2021,FEMENINO,DE 0 A 5 AÑOS,93
LIMA,2021,FEMENINO,DE 6 A 11 AÑOS,122
LIMA,2021,FEMENINO,DE 12 A 17 AÑOS,509
LIMA,2021,FEMENINO,DE 18 A 29 AÑOS,2377
LIMA,2021,FEMENINO,DE 30 A 59 AÑOS,2901
LIMA,2021,FEMENINO,DE 60 A MÁS AÑOS,427
LIMA,2022,MASCULINO,DE 0 A 5 AÑOS,176
LIMA,2022,MASCULINO,DE 6 A 11 AÑOS,555
LIMA,2022,MASCULINO,DE 12 A 17 AÑOS,848
LIMA,2022,MASCULINO,DE 18 A 29 AÑOS,5600
LIMA,2022,MASCULINO,DE 30 A 59 AÑOS,6041
LIMA,2022,MASCULINO,DE 60 A MÁS AÑOS,875
LIMA,2022,FEMENINO,DE 0 A 5 AÑOS,141
LIMA,2022,FEMENINO,DE 6 A 11 AÑOS,238
LIMA,2022,FEMENINO,DE 12 A 17 AÑOS,637
LIMA,2022,FEMENINO,DE 18 A 29 AÑOS,2638
LIMA,2022,FEMENINO,DE 30 A 59 AÑOS,3253
LIMA,2022,FEMENINO,DE 60 A MÁS AÑOS,786
LIMA,2023,MASCULINO,DE 0 A 5 AÑOS,174
LIMA,2023,MASCULINO,DE 6 A 11 AÑOS,657
LIMA,2023,MASCULINO,DE 12 A 17 AÑOS,924
LIMA,2023,MASCULINO,DE 18 A 29 AÑOS,6411
LIMA,2023,MASCULINO,DE 30 A 59 AÑOS,6754
LIMA,2023,MASCULINO,DE 60 A MÁS AÑOS,1153
LIMA,2023,FEMENINO,DE 0 A 5 AÑOS,120
LIMA,2023,FEMENINO,DE 6 A 11 AÑOS,214
LIMA,2023,FEMENINO,DE 12 A 17 AÑOS,702
LIMA,2023,FEMENINO,DE 18 A 29 AÑOS,3407
LIMA,2023,FEMENINO,DE 30 A 59 AÑOS,4210
LIMA,2023,FEMENINO,DE 60 A MÁS AÑOS,821
LIMA,2024,MASCULINO,DE 0 A 5 AÑOS,235
LIMA,2024,MASCULINO,DE 6 A 11 AÑOS,543
LIMA,2024,MASCULINO,DE 12 A 17 AÑOS,855
LIMA,2024,MASCULINO,DE 18 A 29 AÑOS,5363
LIMA,2024,MASCULINO,DE 30 A 59 AÑOS,6468
LIMA,2024,MASCULINO,DE 60 A MÁS AÑOS,1124
LIMA,2024,FEMENINO,DE 0 A 5 AÑOS,169
LIMA,2024,FEMENINO,DE 6 A 11 AÑOS,197
LIMA,2024,FEMENINO,DE 12 A 17 AÑOS,584
LIMA,2024,FEMENINO,DE 18 A 29 AÑOS,2870
LIMA,2024,FEMENINO,DE 30 A 59 AÑOS,4011
LIMA,2024,FEMENINO,DE 60 A MÁS AÑOS,842
LORETO,2008,MASCULINO,MENOR DE 18 AÑOS,170
LORETO,2008,MASCULINO,MAYOR DE 18 AÑOS,544
LORETO,2008,FEMENINO,MENOR DE 18 AÑOS,80
LORETO,2008,FEMENINO,MAYOR DE 18 AÑOS,242
LORETO,2009,MASCULINO,MENOR DE 18 AÑOS,215
LORETO,2009,MASCULINO,MAYOR DE 18 AÑOS,589
LORETO,2009,FEMENINO,MENOR DE 18 AÑOS,55
LORETO,2009,FEMENINO,MAYOR DE 18 AÑOS,360
LORETO,2010,MASCULINO,DE 0 A 5 AÑOS,18
LORETO,2010,MASCULINO,DE 6 A 12 AÑOS,27
LORETO,2010,MASCULINO,DE 13 A 18 AÑOS,114
LORETO,2010,MASCULINO,DE 19 A 25 AÑOS,391
LORETO,2010,MASCULINO,DE 26 A 60 AÑOS,280
LORETO,2010,MASCULINO,DE 60 A MÁS AÑOS,25
LORETO,2010,FEMENINO,DE 0 A 5 AÑOS,2
LORETO,2010,FEMENINO,DE 6 A 12 AÑOS,9
LORETO,2010,FEMENINO,DE 13 A 18 AÑOS,72
LORETO,2010,FEMENINO,DE 19 A 25 AÑOS,161
LORETO,2010,FEMENINO,DE 26 A 60 AÑOS,108
LORETO,2010,FEMENINO,DE 60 A MÁS AÑOS,5
LORETO,2011,MASCULINO,DE 0 A 5 AÑOS,10
LORETO,2011,MASCULINO,DE 6 A 12 AÑOS,25
LORETO,2011,MASCULINO,DE 13 A 18 AÑOS,79
LORETO,2011,MASCULINO,DE 19 A 25 AÑOS,254
LORETO,2011,MASCULINO,DE 26 A 60 AÑOS,285
LORETO,2011,MASCULINO,DE 60 A MÁS AÑOS,11
LORETO,2011,FEMENINO,DE 0 A 5 AÑOS,5
LORETO,2011,FEMENINO,DE 6 A 12 AÑOS,11
LORETO,2011,FEMENINO,DE 13 A 18 AÑOS,71
LORETO,2011,FEMENINO,DE 19 A 25 AÑOS,146
LORETO,2011,FEMENINO,DE 26 A 60 AÑOS,146
LORETO,2011,FEMENINO,DE 60 A MÁS AÑOS,8
LORETO,2012,MASCULINO,DE 0 A 5 AÑOS,7
LORETO,2012,MASCULINO,DE 6 A 12 AÑOS,22
LORETO,2012,MASCULINO,DE 13 A 18 AÑOS,27
LORETO,2012,MASCULINO,DE 19 A 25 AÑOS,137
LORETO,2012,MASCULINO,DE 26 A 60 AÑOS,163
LORETO,2012,MASCULINO,DE 60 A MÁS AÑOS,11
LORETO,2012,FEMENINO,DE 0 A 5 AÑOS,4
LORETO,2012,FEMENINO,DE 6 A 12 AÑOS,3
LORETO,2012,FEMENINO,DE 13 A 18 AÑOS,12
LORETO,2012,FEMENINO,DE 19 A 25 AÑOS,65
LORETO,2012,FEMENINO,DE 26 A 60 AÑOS,58
LORETO,2012,FEMENINO,DE 60 A MÁS AÑOS,3
LORETO,2013,MASCULINO,DE 0 A 5 AÑOS,13
LORETO,2013,MASCULINO,DE 6 A 12 AÑOS,3
LORETO,2013,MASCULINO,DE 13 A 18 AÑOS,19
LORETO,2013,MASCULINO,DE 19 A 25 AÑOS,61
LORETO,2013,MASCULINO,DE 26 A 60 AÑOS,82
LORETO,2013,MASCULINO,DE 60 A MÁS AÑOS,15
LORETO,2013,FEMENINO,DE 0 A 5 AÑOS,2
LORETO,2013,FEMENINO,DE 6 A 12 AÑOS,1
LORETO,2013,FEMENINO,DE 13 A 18 AÑOS,1
LORETO,2013,FEMENINO,DE 19 A 25 AÑOS,30
LORETO,2013,FEMENINO,DE 26 A 60 AÑOS,15
LORETO,2013,FEMENINO,DE 60 A MÁS AÑOS,2
LORETO,2014,MASCULINO,DE 0 A 5 AÑOS,5
LORETO,2014,MASCULINO,DE 6 A 12 AÑOS,3
LORETO,2014,MASCULINO,DE 13 A 18 AÑOS,25
LORETO,2014,MASCULINO,DE 19 A 25 AÑOS,112
LORETO,2014,MASCULINO,DE 26 A 60 AÑOS,97
LORETO,2014,MASCULINO,DE 60 A MÁS AÑOS,3
LORETO,2014,FEMENINO,DE 0 A 5 AÑOS,3
LORETO,2014,FEMENINO,DE 6 A 12 AÑOS,5
LORETO,2014,FEMENINO,DE 13 A 18 AÑOS,6
LORETO,2014,FEMENINO,DE 19 A 25 AÑOS,33
LORETO,2014,FEMENINO,DE 26 A 60 AÑOS,23
LORETO,2014,FEMENINO,DE 60 A MÁS AÑOS,0
LORETO,2015,MASCULINO,DE 0 A 5 AÑOS,2
LORETO,2015,MASCULINO,DE 6 A 12 AÑOS,2
LORETO,2015,MASCULINO,DE 13 A 18 AÑOS,24
LORETO,2015,MASCULINO,DE 19 A 25 AÑOS,151
LORETO,2015,MASCULINO,DE 26 A 60 AÑOS,127
LORETO,2015,MASCULINO,DE 60 A MÁS AÑOS,6
LORETO,2015,FEMENINO,DE 0 A 5 AÑOS,4
LORETO,2015,FEMENINO,DE 6 A 12 AÑOS,5
LORETO,2015,FEMENINO,DE 13 A 18 AÑOS,9
LORETO,2015,FEMENINO,DE 19 A 25 AÑOS,38
LORETO,2015,FEMENINO,DE 26 A 60 AÑOS,63
LORETO,2015,FEMENINO,DE 60 A MÁS AÑOS,3
LORETO,2016,MASCULINO,DE 0 A 5 AÑOS,17
LORETO,2016,MASCULINO,DE 6 A 12 AÑOS,4
LORETO,2016,MASCULINO,DE 13 A 18 AÑOS,16
LORETO,2016,MASCULINO,DE 19 A 25 AÑOS,118
LORETO,2016,MASCULINO,DE 26 A 60 AÑOS,169
LORETO,2016,MASCULINO,DE 60 A MÁS AÑOS,7
LORETO,2016,FEMENINO,DE 0 A 5 AÑOS,6
LORETO,2016,FEMENINO,DE 6 A 12 AÑOS,6
LORETO,2016,FEMENINO,DE 13 A 18 AÑOS,1
LORETO,2016,FEMENINO,DE 19 A 25 AÑOS,53
LORETO,2016,FEMENINO,DE 26 A 60 AÑOS,26
LORETO,2016,FEMENINO,DE 60 A MÁS AÑOS,2
LORETO,2017,MASCULINO,DE 0 A 5 AÑOS,1
LORETO,2017,MASCULINO,DE 6 A 12 AÑOS,5
LORETO,2017,MASCULINO,DE 13 A 18 AÑOS,12
LORETO,2017,MASCULINO,DE 19 A 25 AÑOS,157
LORETO,2017,MASCULINO,DE 26 A 60 AÑOS,131
LORETO,2017,MASCULINO,DE 60 A MÁS AÑOS,4
LORETO,2017,FEMENINO,DE 0 A 5 AÑOS,0
LORETO,2017,FEMENINO,DE 6 A 12 AÑOS,1
LORETO,2017,FEMENINO,DE 13 A 18 AÑOS,8
LORETO,2017,FEMENINO,DE 19 A 25 AÑOS,27
LORETO,2017,FEMENINO,DE 26 A 60 AÑOS,22
LORETO,2017,FEMENINO,DE 60 A MÁS AÑOS,4
LORETO,2018,MASCULINO,DE 0 A 5 AÑOS,5
LORETO,2018,MASCULINO,DE 6 A 11 AÑOS,0
LORETO,2018,MASCULINO,DE 12 A 17 AÑOS,11
LORETO,2018,MASCULINO,DE 18 A 29 AÑOS,128
LORETO,2018,MASCULINO,DE 30 A 59 AÑOS,66
LORETO,2018,MASCULINO,DE 60 A MÁS AÑOS,11
LORETO,2018,FEMENINO,DE 0 A 5 AÑOS,0
LORETO,2018,FEMENINO,DE 6 A 11 AÑOS,0
LORETO,2018,FEMENINO,DE 12 A 17 AÑOS,4
LORETO,2018,FEMENINO,DE 18 A 29 AÑOS,39
LORETO,2018,FEMENINO,DE 30 A 59 AÑOS,9
LORETO,2018,FEMENINO,DE 60 A MÁS AÑOS,9
LORETO,2019,MASCULINO,DE 0 A 5 AÑOS,6
LORETO,2019,MASCULINO,DE 6 A 11 AÑOS,8
LORETO,2019,MASCULINO,DE 12 A 17 AÑOS,14
LORETO,2019,MASCULINO,DE 18 A 29 AÑOS,92
LORETO,2019,MASCULINO,DE 30 A 59 AÑOS,140
LORETO,2019,MASCULINO,DE 60 A MÁS AÑOS,9
LORETO,2019,FEMENINO,DE 0 A 5 AÑOS,4
LORETO,2019,FEMENINO,DE 6 A 11 AÑOS,2
LORETO,2019,FEMENINO,DE 12 A 17 AÑOS,10
LORETO,2019,FEMENINO,DE 18 A 29 AÑOS,36
LORETO,2019,FEMENINO,DE 30 A 59 AÑOS,32
LORETO,2019,FEMENINO,DE 60 A MÁS AÑOS,3
LORETO,2020,MASCULINO,DE 0 A 5 AÑOS,3
LORETO,2020,MASCULINO,DE 6 A 11 AÑOS,3
LORETO,2020,MASCULINO,DE 12 A 17 AÑOS,17
LORETO,2020,MASCULINO,DE 18 A 29 AÑOS,92
LORETO,2020,MASCULINO,DE 30 A 59 AÑOS,80
LORETO,2020,MASCULINO,DE 60 A MÁS AÑOS,11
LORETO,2020,FEMENINO,DE 0 A 5 AÑOS,3
LORETO,2020,FEMENINO,DE 6 A 11 AÑOS,4
LORETO,2020,FEMENINO,DE 12 A 17 AÑOS,9
LORETO,2020,FEMENINO,DE 18 A 29 AÑOS,20
LORETO,2020,FEMENINO,DE 30 A 59 AÑOS,23
LORETO,2020,FEMENINO,DE 60 A MÁS AÑOS,3
LORETO,2021,MASCULINO,DE 0 A 5 AÑOS,3
LORETO,2021,MASCULINO,DE 6 A 11 AÑOS,3
LORETO,2021,MASCULINO,DE 12 A 17 AÑOS,10
LORETO,2021,MASCULINO,DE 18 A 29 AÑOS,67
LORETO,2021,MASCULINO,DE 30 A 59 AÑOS,51
LORETO,2021,MASCULINO,DE 60 A MÁS AÑOS,7
LORETO,2021,FEMENINO,DE 0 A 5 AÑOS,0
LORETO,2021,FEMENINO,DE 6 A 11 AÑOS,1
LORETO,2021,FEMENINO,DE 12 A 17 AÑOS,2
LORETO,2021,FEMENINO,DE 18 A 29 AÑOS,13
LORETO,2021,FEMENINO,DE 30 A 59 AÑOS,19
LORETO,2021,FEMENINO,DE 60 A MÁS AÑOS,1
LORETO,2022,MASCULINO,DE 0 A 5 AÑOS,1
LORETO,2022,MASCULINO,DE 6 A 11 AÑOS,1
LORETO,2022,MASCULINO,DE 12 A 17 AÑOS,2
LORETO,2022,MASCULINO,DE 18 A 29 AÑOS,44
LORETO,2022,MASCULINO,DE 30 A 59 AÑOS,73
LORETO,2022,MASCULINO,DE 60 A MÁS AÑOS,9
LORETO,2022,FEMENINO,DE 0 A 5 AÑOS,5
LORETO,2022,FEMENINO,DE 6 A 11 AÑOS,4
LORETO,2022,FEMENINO,DE 12 A 17 AÑOS,11
LORETO,2022,FEMENINO,DE 18 A 29 AÑOS,20
LORETO,2022,FEMENINO,DE 30 A 59 AÑOS,13
LORETO,2022,FEMENINO,DE 60 A MÁS AÑOS,0
LORETO,2023,MASCULINO,DE 0 A 5 AÑOS,3
LORETO,2023,MASCULINO,DE 6 A 11 AÑOS,2
LORETO,2023,MASCULINO,DE 12 A 17 AÑOS,10
LORETO,2023,MASCULINO,DE 18 A 29 AÑOS,72
LORETO,2023,MASCULINO,DE 30 A 59 AÑOS,105
LORETO,2023,MASCULINO,DE 60 A MÁS AÑOS,8
LORETO,2023,FEMENINO,DE 0 A 5 AÑOS,2
LORETO,2023,FEMENINO,DE 6 A 11 AÑOS,4
LORETO,2023,FEMENINO,DE 12 A 17 AÑOS,8
LORETO,2023,FEMENINO,DE 18 A 29 AÑOS,33
LORETO,2023,FEMENINO,DE 30 A 59 AÑOS,21
LORETO,2023,FEMENINO,DE 60 A MÁS AÑOS,10
LORETO,2024,MASCULINO,DE 0 A 5 AÑOS,5
LORETO,2024,MASCULINO,DE 6 A 11 AÑOS,3
LORETO,2024,MASCULINO,DE 12 A 17 AÑOS,21
LORETO,2024,MASCULINO,DE 18 A 29 AÑOS,99
LORETO,2024,MASCULINO,DE 30 A 59 AÑOS,107
LORETO,2024,MASCULINO,DE 60 A MÁS AÑOS,13
LORETO,2024,FEMENINO,DE 0 A 5 AÑOS,5
LORETO,2024,FEMENINO,DE 6 A 11 AÑOS,1
LORETO,2024,FEMENINO,DE 12 A 17 AÑOS,9
LORETO,2024,FEMENINO,DE 18 A 29 AÑOS,32
LORETO,2024,FEMENINO,DE 30 A 59 AÑOS,19
LORETO,2024,FEMENINO,DE 60 A MÁS AÑOS,4
MADRE DE DIOS,2008,MASCULINO,MENOR DE 18 AÑOS,13
MADRE DE DIOS,2008,MASCULINO,MAYOR DE 18 AÑOS,55
MADRE DE DIOS,2008,FEMENINO,MENOR DE 18 AÑOS,8
MADRE DE DIOS,2008,FEMENINO,MAYOR DE 18 AÑOS,25
MADRE DE DIOS,2009,MASCULINO,MENOR DE 18 AÑOS,9
MADRE DE DIOS,2009,MASCULINO,MAYOR DE 18 AÑOS,47
MADRE DE DIOS,2009,FEMENINO,MENOR DE 18 AÑOS,14
MADRE DE DIOS,2009,FEMENINO,MAYOR DE 18 AÑOS,20
MADRE DE DIOS,2010,MASCULINO,DE 0 A 5 AÑOS,0
MADRE DE DIOS,2010,MASCULINO,DE 6 A 12 AÑOS,0
MADRE DE DIOS,2010,MASCULINO,DE 13 A 18 AÑOS,0
MADRE DE DIOS,2010,MASCULINO,DE 19 A 25 AÑOS,15
MADRE DE DIOS,2010,MASCULINO,DE 26 A 60 AÑOS,4
MADRE DE DIOS,2010,MASCULINO,DE 60 A MÁS AÑOS,0
MADRE DE DIOS,2010,FEMENINO,DE 0 A 5 AÑOS,0
MADRE DE DIOS,2010,FEMENINO,DE 6 A 12 AÑOS,2
MADRE DE DIOS,2010,FEMENINO,DE 13 A 18 AÑOS,1
MADRE DE DIOS,2010,FEMENINO,DE 19 A 25 AÑOS,6
MADRE DE DIOS,2010,FEMENINO,DE 26 A 60 AÑOS,4
MADRE DE DIOS,2010,FEMENINO,DE 60 A MÁS AÑOS,0
MADRE DE DIOS,2011,MASCULINO,DE 0 A 5 AÑOS,3
MADRE DE DIOS,2011,MASCULINO,DE 6 A 12 AÑOS,1
MADRE DE DIOS,2011,MASCULINO,DE 13 A 18 AÑOS,6
MADRE DE DIOS,2011,MASCULINO,DE 19 A 25 AÑOS,29
MADRE DE DIOS,2011,MASCULINO,DE 26 A 60 AÑOS,35
MADRE DE DIOS,2011,MASCULINO,DE 60 A MÁS AÑOS,0
MADRE DE DIOS,2011,FEMENINO,DE 0 A 5 AÑOS,0
MADRE DE DIOS,2011,FEMENINO,DE 6 A 12 AÑOS,0
MADRE DE DIOS,2011,FEMENINO,DE 13 A 18 AÑOS,2
MADRE DE DIOS,2011,FEMENINO,DE 19 A 25 AÑOS,8
MADRE DE DIOS,2011,FEMENINO,DE 26 A 60 AÑOS,3
MADRE DE DIOS,2011,FEMENINO,DE 60 A MÁS AÑOS,0
MADRE DE DIOS,2012,MASCULINO,DE 0 A 5 AÑOS,0
MADRE DE DIOS,2012,MASCULINO,DE 6 A 12 AÑOS,0
MADRE DE DIOS,2012,MASCULINO,DE 13 A 18 AÑOS,1
MADRE DE DIOS,2012,MASCULINO,DE 19 A 25 AÑOS,86
MADRE DE DIOS,2012,MASCULINO,DE 26 A 60 AÑOS,14
MADRE DE DIOS,2012,MASCULINO,DE 60 A MÁS AÑOS,0
MADRE DE DIOS,2012,FEMENINO,DE 0 A 5 AÑOS,0
MADRE DE DIOS,2012,FEMENINO,DE 6 A 12 AÑOS,1
MADRE DE DIOS,2012,FEMENINO,DE 13 A 18 AÑOS,3
MADRE DE DIOS,2012,FEMENINO,DE 19 A 25 AÑOS,6
MADRE DE DIOS,2012,FEMENINO,DE 26 A 60 AÑOS,3
MADRE DE DIOS,2012,FEMENINO,DE 60 A MÁS AÑOS,1
MADRE DE DIOS,2013,MASCULINO,DE 0 A 5 AÑOS,1
MADRE DE DIOS,2013,MASCULINO,DE 6 A 12 AÑOS,12
MADRE DE DIOS,2013,MASCULINO,DE 13 A 18 AÑOS,42
MADRE DE DIOS,2013,MASCULINO,DE 19 A 25 AÑOS,108
MADRE DE DIOS,2013,MASCULINO,DE 26 A 60 AÑOS,95
MADRE DE DIOS,2013,MASCULINO,DE 60 A MÁS AÑOS,7
MADRE DE DIOS,2013,FEMENINO,DE 0 A 5 AÑOS,2
MADRE DE DIOS,2013,FEMENINO,DE 6 A 12 AÑOS,14
MADRE DE DIOS,2013,FEMENINO,DE 13 A 18 AÑOS,31
MADRE DE DIOS,2013,FEMENINO,DE 19 A 25 AÑOS,32
MADRE DE DIOS,2013,FEMENINO,DE 26 A 60 AÑOS,26
MADRE DE DIOS,2013,FEMENINO,DE 60 A MÁS AÑOS,6
MADRE DE DIOS,2014,MASCULINO,DE 0 A 5 AÑOS,4
MADRE DE DIOS,2014,MASCULINO,DE 6 A 12 AÑOS,12
MADRE DE DIOS,2014,MASCULINO,DE 13 A 18 AÑOS,31
MADRE DE DIOS,2014,MASCULINO,DE 19 A 25 AÑOS,119
MADRE DE DIOS,2014,MASCULINO,DE 26 A 60 AÑOS,159
MADRE DE DIOS,2014,MASCULINO,DE 60 A MÁS AÑOS,7
MADRE DE DIOS,2014,FEMENINO,DE 0 A 5 AÑOS,12
MADRE DE DIOS,2014,FEMENINO,DE 6 A 12 AÑOS,4
MADRE DE DIOS,2014,FEMENINO,DE 13 A 18 AÑOS,21
MADRE DE DIOS,2014,FEMENINO,DE 19 A 25 AÑOS,66
MADRE DE DIOS,2014,FEMENINO,DE 26 A 60 AÑOS,34
MADRE DE DIOS,2014,FEMENINO,DE 60 A MÁS AÑOS,0
MADRE DE DIOS,2015,MASCULINO,DE 0 A 5 AÑOS,4
MADRE DE DIOS,2015,MASCULINO,DE 6 A 12 AÑOS,10
MADRE DE DIOS,2015,MASCULINO,DE 13 A 18 AÑOS,14
MADRE DE DIOS,2015,MASCULINO,DE 19 A 25 AÑOS,111
MADRE DE DIOS,2015,MASCULINO,DE 26 A 60 AÑOS,122
MADRE DE DIOS,2015,MASCULINO,DE 60 A MÁS AÑOS,22
MADRE DE DIOS,2015,FEMENINO,DE 0 A 5 AÑOS,0
MADRE DE DIOS,2015,FEMENINO,DE 6 A 12 AÑOS,2
MADRE DE DIOS,2015,FEMENINO,DE 13 A 18 AÑOS,14
MADRE DE DIOS,2015,FEMENINO,DE 19 A 25 AÑOS,77
MADRE DE DIOS,2015,FEMENINO,DE 26 A 60 AÑOS,78
MADRE DE DIOS,2015,FEMENINO,DE 60 A MÁS AÑOS,0
MADRE DE DIOS,2016,MASCULINO,DE 0 A 5 AÑOS,9
MADRE DE DIOS,2016,MASCULINO,DE 6 A 12 AÑOS,29
MADRE DE DIOS,2016,MASCULINO,DE 13 A 18 AÑOS,28
MADRE DE DIOS,2016,MASCULINO,DE 19 A 25 AÑOS,157
MADRE DE DIOS,2016,MASCULINO,DE 26 A 60 AÑOS,207
MADRE DE DIOS,2016,MASCULINO,DE 60 A MÁS AÑOS,8
MADRE DE DIOS,2016,FEMENINO,DE 0 A 5 AÑOS,5
MADRE DE DIOS,2016,FEMENINO,DE 6 A 12 AÑOS,13
MADRE DE DIOS,2016,FEMENINO,DE 13 A 18 AÑOS,41
MADRE DE DIOS,2016,FEMENINO,DE 19 A 25 AÑOS,77
MADRE DE DIOS,2016,FEMENINO,DE 26 A 60 AÑOS,82
MADRE DE DIOS,2016,FEMENINO,DE 60 A MÁS AÑOS,8
MADRE DE DIOS,2017,MASCULINO,DE 0 A 5 AÑOS,29
MADRE DE DIOS,2017,MASCULINO,DE 6 A 12 AÑOS,15
MADRE DE DIOS,2017,MASCULINO,DE 13 A 18 AÑOS,52
MADRE DE DIOS,2017,MASCULINO,DE 19 A 25 AÑOS,141
MADRE DE DIOS,2017,MASCULINO,DE 26 A 60 AÑOS,214
MADRE DE DIOS,2017,MASCULINO,DE 60 A MÁS AÑOS,76
MADRE DE DIOS,2017,FEMENINO,DE 0 A 5 AÑOS,25
MADRE DE DIOS,2017,FEMENINO,DE 6 A 12 AÑOS,32
MADRE DE DIOS,2017,FEMENINO,DE 13 A 18 AÑOS,20
MADRE DE DIOS,2017,FEMENINO,DE 19 A 25 AÑOS,65
MADRE DE DIOS,2017,FEMENINO,DE 26 A 60 AÑOS,68
MADRE DE DIOS,2017,FEMENINO,DE 60 A MÁS AÑOS,0
MADRE DE DIOS,2018,MASCULINO,DE 0 A 5 AÑOS,7
MADRE DE DIOS,2018,MASCULINO,DE 6 A 11 AÑOS,6
MADRE DE DIOS,2018,MASCULINO,DE 12 A 17 AÑOS,18
MADRE DE DIOS,2018,MASCULINO,DE 18 A 29 AÑOS,221
MADRE DE DIOS,2018,MASCULINO,DE 30 A 59 AÑOS,174
MADRE DE DIOS,2018,MASCULINO,DE 60 A MÁS AÑOS,2
MADRE DE DIOS,2018,FEMENINO,DE 0 A 5 AÑOS,3
MADRE DE DIOS,2018,FEMENINO,DE 6 A 11 AÑOS,1
MADRE DE DIOS,2018,FEMENINO,DE 12 A 17 AÑOS,23
MADRE DE DIOS,2018,FEMENINO,DE 18 A 29 AÑOS,54
MADRE DE DIOS,2018,FEMENINO,DE 30 A 59 AÑOS,28
MADRE DE DIOS,2018,FEMENINO,DE 60 A MÁS AÑOS,2
MADRE DE DIOS,2019,MASCULINO,DE 0 A 5 AÑOS,13
MADRE DE DIOS,2019,MASCULINO,DE 6 A 11 AÑOS,1
MADRE DE DIOS,2019,MASCULINO,DE 12 A 17 AÑOS,56
MADRE DE DIOS,2019,MASCULINO,DE 18 A 29 AÑOS,232
MADRE DE DIOS,2019,MASCULINO,DE 30 A 59 AÑOS,82
MADRE DE DIOS,2019,MASCULINO,DE 60 A MÁS AÑOS,3
MADRE DE DIOS,2019,FEMENINO,DE 0 A 5 AÑOS,8
MADRE DE DIOS,2019,FEMENINO,DE 6 A 11 AÑOS,2
MADRE DE DIOS,2019,FEMENINO,DE 12 A 17 AÑOS,10
MADRE DE DIOS,2019,FEMENINO,DE 18 A 29 AÑOS,65
MADRE DE DIOS,2019,FEMENINO,DE 30 A 59 AÑOS,10
MADRE DE DIOS,2019,FEMENINO,DE 60 A MÁS AÑOS,1
MADRE DE DIOS,2020,MASCULINO,DE 0 A 5 AÑOS,7
MADRE DE DIOS,2020,MASCULINO,DE 6 A 11 AÑOS,4
MADRE DE DIOS,2020,MASCULINO,DE 12 A 17 AÑOS,115
MADRE DE DIOS,2020,MASCULINO,DE 18 A 29 AÑOS,206
MADRE DE DIOS,2020,MASCULINO,DE 30 A 59 AÑOS,103
MADRE DE DIOS,2020,MASCULINO,DE 60 A MÁS AÑOS,7
MADRE DE DIOS,2020,FEMENINO,DE 0 A 5 AÑOS,4
MADRE DE DIOS,2020,FEMENINO,DE 6 A 11 AÑOS,2
MADRE DE DIOS,2020,FEMENINO,DE 12 A 17 AÑOS,1
MADRE DE DIOS,2020,FEMENINO,DE 18 A 29 AÑOS,44
MADRE DE DIOS,2020,FEMENINO,DE 30 A 59 AÑOS,12
MADRE DE DIOS,2020,FEMENINO,DE 60 A MÁS AÑOS,0
MADRE DE DIOS,2021,MASCULINO,DE 0 A 5 AÑOS,9
MADRE DE DIOS,2021,MASCULINO,DE 6 A 11 AÑOS,8
MADRE DE DIOS,2021,MASCULINO,DE 12 A 17 AÑOS,16
MADRE DE DIOS,2021,MASCULINO,DE 18 A 29 AÑOS,244
MADRE DE DIOS,2021,MASCULINO,DE 30 A 59 AÑOS,189
MADRE DE DIOS,2021,MASCULINO,DE 60 A MÁS AÑOS,26
MADRE DE DIOS,2021,FEMENINO,DE 0 A 5 AÑOS,7
MADRE DE DIOS,2021,FEMENINO,DE 6 A 11 AÑOS,3
MADRE DE DIOS,2021,FEMENINO,DE 12 A 17 AÑOS,8
MADRE DE DIOS,2021,FEMENINO,DE 18 A 29 AÑOS,82
MADRE DE DIOS,2021,FEMENINO,DE 30 A 59 AÑOS,60
MADRE DE DIOS,2021,FEMENINO,DE 60 A MÁS AÑOS,3
MADRE DE DIOS,2022,MASCULINO,DE 0 A 5 AÑOS,5
MADRE DE DIOS,2022,MASCULINO,DE 6 A 11 AÑOS,8
MADRE DE DIOS,2022,MASCULINO,DE 12 A 17 AÑOS,38
MADRE DE DIOS,2022,MASCULINO,DE 18 A 29 AÑOS,176
MADRE DE DIOS,2022,MASCULINO,DE 30 A 59 AÑOS,181
MADRE DE DIOS,2022,MASCULINO,DE 60 A MÁS AÑOS,31
MADRE DE DIOS,2022,FEMENINO,DE 0 A 5 AÑOS,1
MADRE DE DIOS,2022,FEMENINO,DE 6 A 11 AÑOS,3
MADRE DE DIOS,2022,FEMENINO,DE 12 A 17 AÑOS,37
MADRE DE DIOS,2022,FEMENINO,DE 18 A 29 AÑOS,58
MADRE DE DIOS,2022,FEMENINO,DE 30 A 59 AÑOS,58
MADRE DE DIOS,2022,FEMENINO,DE 60 A MÁS AÑOS,4
MADRE DE DIOS,2023,MASCULINO,DE 0 A 5 AÑOS,3
MADRE DE DIOS,2023,MASCULINO,DE 6 A 11 AÑOS,4
MADRE DE DIOS,2023,MASCULINO,DE 12 A 17 AÑOS,34
MADRE DE DIOS,2023,MASCULINO,DE 18 A 29 AÑOS,85
MADRE DE DIOS,2023,MASCULINO,DE 30 A 59 AÑOS,76
MADRE DE DIOS,2023,MASCULINO,DE 60 A MÁS AÑOS,10
MADRE DE DIOS,2023,FEMENINO,DE 0 A 5 AÑOS,5
MADRE DE DIOS,2023,FEMENINO,DE 6 A 11 AÑOS,7
MADRE DE DIOS,2023,FEMENINO,DE 12 A 17 AÑOS,6
MADRE DE DIOS,2023,FEMENINO,DE 18 A 29 AÑOS,25
MADRE DE DIOS,2023,FEMENINO,DE 30 A 59 AÑOS,28
MADRE DE DIOS,2023,FEMENINO,DE 60 A MÁS AÑOS,2
MADRE DE DIOS,2024,MASCULINO,DE 0 A 5 AÑOS,3
MADRE DE DIOS,2024,MASCULINO,DE 6 A 11 AÑOS,0
MADRE DE DIOS,2024,MASCULINO,DE 12 A 17 AÑOS,74
MADRE DE DIOS,2024,MASCULINO,DE 18 A 29 AÑOS,86
MADRE DE DIOS,2024,MASCULINO,DE 30 A 59 AÑOS,63
MADRE DE DIOS,2024,MASCULINO,DE 60 A MÁS AÑOS,4
MADRE DE DIOS,2024,FEMENINO,DE 0 A 5 AÑOS,3
MADRE DE DIOS,2024,FEMENINO,DE 6 A 11 AÑOS,0
MADRE DE DIOS,2024,FEMENINO,DE 12 A 17 AÑOS,2
MADRE DE DIOS,2024,FEMENINO,DE 18 A 29 AÑOS,70
MADRE DE DIOS,2024,FEMENINO,DE 30 A 59 AÑOS,21
MADRE DE DIOS,2024,FEMENINO,DE 60 A MÁS AÑOS,3
MOQUEGUA,2008,MASCULINO,MENOR DE 18 AÑOS,35
MOQUEGUA,2008,MASCULINO,MAYOR DE 18 AÑOS,207
MOQUEGUA,2008,FEMENINO,MENOR DE 18 AÑOS,28
MOQUEGUA,2008,FEMENINO,MAYOR DE 18 AÑOS,73
MOQUEGUA,2009,MASCULINO,MENOR DE 18 AÑOS,59
MOQUEGUA,2009,MASCULINO,MAYOR DE 18 AÑOS,279
MOQUEGUA,2009,FEMENINO,MENOR DE 18 AÑOS,42
MOQUEGUA,2009,FEMENINO,MAYOR DE 18 AÑOS,130
MOQUEGUA,2010,MASCULINO,DE 0 A 5 AÑOS,15
MOQUEGUA,2010,MASCULINO,DE 6 A 12 AÑOS,27
MOQUEGUA,2010,MASCULINO,DE 13 A 18 AÑOS,15
MOQUEGUA,2010,MASCULINO,DE 19 A 25 AÑOS,42
MOQUEGUA,2010,MASCULINO,DE 26 A 60 AÑOS,204
MOQUEGUA,2010,MASCULINO,DE 60 A MÁS AÑOS,11
MOQUEGUA,2010,FEMENINO,DE 0 A 5 AÑOS,5
MOQUEGUA,2010,FEMENINO,DE 6 A 12 AÑOS,25
MOQUEGUA,2010,FEMENINO,DE 13 A 18 AÑOS,13
MOQUEGUA,2010,FEMENINO,DE 19 A 25 AÑOS,25
MOQUEGUA,2010,FEMENINO,DE 26 A 60 AÑOS,100
MOQUEGUA,2010,FEMENINO,DE 60 A MÁS AÑOS,8
MOQUEGUA,2011,MASCULINO,DE 0 A 5 AÑOS,23
MOQUEGUA,2011,MASCULINO,DE 6 A 12 AÑOS,33
MOQUEGUA,2011,MASCULINO,DE 13 A 18 AÑOS,37
MOQUEGUA,2011,MASCULINO,DE 19 A 25 AÑOS,80
MOQUEGUA,2011,MASCULINO,DE 26 A 60 AÑOS,138
MOQUEGUA,2011,MASCULINO,DE 60 A MÁS AÑOS,12
MOQUEGUA,2011,FEMENINO,DE 0 A 5 AÑOS,10
MOQUEGUA,2011,FEMENINO,DE 6 A 12 AÑOS,15
MOQUEGUA,2011,FEMENINO,DE 13 A 18 AÑOS,19
MOQUEGUA,2011,FEMENINO,DE 19 A 25 AÑOS,60
MOQUEGUA,2011,FEMENINO,DE 26 A 60 AÑOS,123
MOQUEGUA,2011,FEMENINO,DE 60 A MÁS AÑOS,7
MOQUEGUA,2012,MASCULINO,DE 0 A 5 AÑOS,8
MOQUEGUA,2012,MASCULINO,DE 6 A 12 AÑOS,12
MOQUEGUA,2012,MASCULINO,DE 13 A 18 AÑOS,16
MOQUEGUA,2012,MASCULINO,DE 19 A 25 AÑOS,100
MOQUEGUA,2012,MASCULINO,DE 26 A 60 AÑOS,158
MOQUEGUA,2012,MASCULINO,DE 60 A MÁS AÑOS,18
MOQUEGUA,2012,FEMENINO,DE 0 A 5 AÑOS,8
MOQUEGUA,2012,FEMENINO,DE 6 A 12 AÑOS,16
MOQUEGUA,2012,FEMENINO,DE 13 A 18 AÑOS,9
MOQUEGUA,2012,FEMENINO,DE 19 A 25 AÑOS,31
MOQUEGUA,2012,FEMENINO,DE 26 A 60 AÑOS,93
MOQUEGUA,2012,FEMENINO,DE 60 A MÁS AÑOS,15
MOQUEGUA,2013,MASCULINO,DE 0 A 5 AÑOS,19
MOQUEGUA,2013,MASCULINO,DE 6 A 12 AÑOS,35
MOQUEGUA,2013,MASCULINO,DE 13 A 18 AÑOS,31
MOQUEGUA,2013,MASCULINO,DE 19 A 25 AÑOS,121
MOQUEGUA,2013,MASCULINO,DE 26 A 60 AÑOS,212
MOQUEGUA,2013,MASCULINO,DE 60 A MÁS AÑOS,17
MOQUEGUA,2013,FEMENINO,DE 0 A 5 AÑOS,17
MOQUEGUA,2013,FEMENINO,DE 6 A 12 AÑOS,9
MOQUEGUA,2013,FEMENINO,DE 13 A 18 AÑOS,34
MOQUEGUA,2013,FEMENINO,DE 19 A 25 AÑOS,40
MOQUEGUA,2013,FEMENINO,DE 26 A 60 AÑOS,119
MOQUEGUA,2013,FEMENINO,DE 60 A MÁS AÑOS,16
MOQUEGUA,2014,MASCULINO,DE 0 A 5 AÑOS,10
MOQUEGUA,2014,MASCULINO,DE 6 A 12 AÑOS,30
MOQUEGUA,2014,MASCULINO,DE 13 A 18 AÑOS,18
MOQUEGUA,2014,MASCULINO,DE 19 A 25 AÑOS,88
MOQUEGUA,2014,MASCULINO,DE 26 A 60 AÑOS,213
MOQUEGUA,2014,MASCULINO,DE 60 A MÁS AÑOS,28
MOQUEGUA,2014,FEMENINO,DE 0 A 5 AÑOS,5
MOQUEGUA,2014,FEMENINO,DE 6 A 12 AÑOS,7
MOQUEGUA,2014,FEMENINO,DE 13 A 18 AÑOS,19
MOQUEGUA,2014,FEMENINO,DE 19 A 25 AÑOS,34
MOQUEGUA,2014,FEMENINO,DE 26 A 60 AÑOS,89
MOQUEGUA,2014,FEMENINO,DE 60 A MÁS AÑOS,16
MOQUEGUA,2015,MASCULINO,DE 0 A 5 AÑOS,38
MOQUEGUA,2015,MASCULINO,DE 6 A 12 AÑOS,12
MOQUEGUA,2015,MASCULINO,DE 13 A 18 AÑOS,14
MOQUEGUA,2015,MASCULINO,DE 19 A 25 AÑOS,30
MOQUEGUA,2015,MASCULINO,DE 26 A 60 AÑOS,133
MOQUEGUA,2015,MASCULINO,DE 60 A MÁS AÑOS,16
MOQUEGUA,2015,FEMENINO,DE 0 A 5 AÑOS,14
MOQUEGUA,2015,FEMENINO,DE 6 A 12 AÑOS,10
MOQUEGUA,2015,FEMENINO,DE 13 A 18 AÑOS,16
MOQUEGUA,2015,FEMENINO,DE 19 A 25 AÑOS,15
MOQUEGUA,2015,FEMENINO,DE 26 A 60 AÑOS,40
MOQUEGUA,2015,FEMENINO,DE 60 A MÁS AÑOS,6
MOQUEGUA,2016,MASCULINO,DE 0 A 5 AÑOS,10
MOQUEGUA,2016,MASCULINO,DE 6 A 12 AÑOS,28
MOQUEGUA,2016,MASCULINO,DE 13 A 18 AÑOS,22
MOQUEGUA,2016,MASCULINO,DE 19 A 25 AÑOS,43
MOQUEGUA,2016,MASCULINO,DE 26 A 60 AÑOS,162
MOQUEGUA,2016,MASCULINO,DE 60 A MÁS AÑOS,21
MOQUEGUA,2016,FEMENINO,DE 0 A 5 AÑOS,4
MOQUEGUA,2016,FEMENINO,DE 6 A 12 AÑOS,14
MOQUEGUA,2016,FEMENINO,DE 13 A 18 AÑOS,25
MOQUEGUA,2016,FEMENINO,DE 19 A 25 AÑOS,17
MOQUEGUA,2016,FEMENINO,DE 26 A 60 AÑOS,80
MOQUEGUA,2016,FEMENINO,DE 60 A MÁS AÑOS,7
MOQUEGUA,2017,MASCULINO,DE 0 A 5 AÑOS,21
MOQUEGUA,2017,MASCULINO,DE 6 A 12 AÑOS,14
MOQUEGUA,2017,MASCULINO,DE 13 A 18 AÑOS,30
MOQUEGUA,2017,MASCULINO,DE 19 A 25 AÑOS,88
MOQUEGUA,2017,MASCULINO,DE 26 A 60 AÑOS,175
MOQUEGUA,2017,MASCULINO,DE 60 A MÁS AÑOS,25
MOQUEGUA,2017,FEMENINO,DE 0 A 5 AÑOS,17
MOQUEGUA,2017,FEMENINO,DE 6 A 12 AÑOS,23
MOQUEGUA,2017,FEMENINO,DE 13 A 18 AÑOS,8
MOQUEGUA,2017,FEMENINO,DE 19 A 25 AÑOS,45
MOQUEGUA,2017,FEMENINO,DE 26 A 60 AÑOS,83
MOQUEGUA,2017,FEMENINO,DE 60 A MÁS AÑOS,17
MOQUEGUA,2018,MASCULINO,DE 0 A 5 AÑOS,4
MOQUEGUA,2018,MASCULINO,DE 6 A 11 AÑOS,19
MOQUEGUA,2018,MASCULINO,DE 12 A 17 AÑOS,19
MOQUEGUA,2018,MASCULINO,DE 18 A 29 AÑOS,82
MOQUEGUA,2018,MASCULINO,DE 30 A 59 AÑOS,137
MOQUEGUA,2018,MASCULINO,DE 60 A MÁS AÑOS,22
MOQUEGUA,2018,FEMENINO,DE 0 A 5 AÑOS,4
MOQUEGUA,2018,FEMENINO,DE 6 A 11 AÑOS,15
MOQUEGUA,2018,FEMENINO,DE 12 A 17 AÑOS,0
MOQUEGUA,2018,FEMENINO,DE 18 A 29 AÑOS,65
MOQUEGUA,2018,FEMENINO,DE 30 A 59 AÑOS,88
MOQUEGUA,2018,FEMENINO,DE 60 A MÁS AÑOS,21
MOQUEGUA,2019,MASCULINO,DE 0 A 5 AÑOS,5
MOQUEGUA,2019,MASCULINO,DE 6 A 11 AÑOS,7
MOQUEGUA,2019,MASCULINO,DE 12 A 17 AÑOS,4
MOQUEGUA,2019,MASCULINO,DE 18 A 29 AÑOS,92
MOQUEGUA,2019,MASCULINO,DE 30 A 59 AÑOS,110
MOQUEGUA,2019,MASCULINO,DE 60 A MÁS AÑOS,13
MOQUEGUA,2019,FEMENINO,DE 0 A 5 AÑOS,10
MOQUEGUA,2019,FEMENINO,DE 6 A 11 AÑOS,8
MOQUEGUA,2019,FEMENINO,DE 12 A 17 AÑOS,4
MOQUEGUA,2019,FEMENINO,DE 18 A 29 AÑOS,44
MOQUEGUA,2019,FEMENINO,DE 30 A 59 AÑOS,67
MOQUEGUA,2019,FEMENINO,DE 60 A MÁS AÑOS,5
MOQUEGUA,2020,MASCULINO,DE 0 A 5 AÑOS,0
MOQUEGUA,2020,MASCULINO,DE 6 A 11 AÑOS,5
MOQUEGUA,2020,MASCULINO,DE 12 A 17 AÑOS,2
MOQUEGUA,2020,MASCULINO,DE 18 A 29 AÑOS,107
MOQUEGUA,2020,MASCULINO,DE 30 A 59 AÑOS,61
MOQUEGUA,2020,MASCULINO,DE 60 A MÁS AÑOS,7
MOQUEGUA,2020,FEMENINO,DE 0 A 5 AÑOS,0
MOQUEGUA,2020,FEMENINO,DE 6 A 11 AÑOS,2
MOQUEGUA,2020,FEMENINO,DE 12 A 17 AÑOS,1
MOQUEGUA,2020,FEMENINO,DE 18 A 29 AÑOS,12
MOQUEGUA,2020,FEMENINO,DE 30 A 59 AÑOS,17
MOQUEGUA,2020,FEMENINO,DE 60 A MÁS AÑOS,8
MOQUEGUA,2021,MASCULINO,DE 0 A 5 AÑOS,5
MOQUEGUA,2021,MASCULINO,DE 6 A 11 AÑOS,4
MOQUEGUA,2021,MASCULINO,DE 12 A 17 AÑOS,11
MOQUEGUA,2021,MASCULINO,DE 18 A 29 AÑOS,85
MOQUEGUA,2021,MASCULINO,DE 30 A 59 AÑOS,132
MOQUEGUA,2021,MASCULINO,DE 60 A MÁS AÑOS,13
MOQUEGUA,2021,FEMENINO,DE 0 A 5 AÑOS,2
MOQUEGUA,2021,FEMENINO,DE 6 A 11 AÑOS,2
MOQUEGUA,2021,FEMENINO,DE 12 A 17 AÑOS,5
MOQUEGUA,2021,FEMENINO,DE 18 A 29 AÑOS,30
MOQUEGUA,2021,FEMENINO,DE 30 A 59 AÑOS,62
MOQUEGUA,2021,FEMENINO,DE 60 A MÁS AÑOS,5
MOQUEGUA,2022,MASCULINO,DE 0 A 5 AÑOS,10
MOQUEGUA,2022,MASCULINO,DE 6 A 11 AÑOS,19
MOQUEGUA,2022,MASCULINO,DE 12 A 17 AÑOS,35
MOQUEGUA,2022,MASCULINO,DE 18 A 29 AÑOS,96
MOQUEGUA,2022,MASCULINO,DE 30 A 59 AÑOS,123
MOQUEGUA,2022,MASCULINO,DE 60 A MÁS AÑOS,26
MOQUEGUA,2022,FEMENINO,DE 0 A 5 AÑOS,6
MOQUEGUA,2022,FEMENINO,DE 6 A 11 AÑOS,6
MOQUEGUA,2022,FEMENINO,DE 12 A 17 AÑOS,11
MOQUEGUA,2022,FEMENINO,DE 18 A 29 AÑOS,42
MOQUEGUA,2022,FEMENINO,DE 30 A 59 AÑOS,66
MOQUEGUA,2022,FEMENINO,DE 60 A MÁS AÑOS,10
MOQUEGUA,2023,MASCULINO,DE 0 A 5 AÑOS,5
MOQUEGUA,2023,MASCULINO,DE 6 A 11 AÑOS,13
MOQUEGUA,2023,MASCULINO,DE 12 A 17 AÑOS,14
MOQUEGUA,2023,MASCULINO,DE 18 A 29 AÑOS,90
MOQUEGUA,2023,MASCULINO,DE 30 A 59 AÑOS,142
MOQUEGUA,2023,MASCULINO,DE 60 A MÁS AÑOS,18
MOQUEGUA,2023,FEMENINO,DE 0 A 5 AÑOS,0
MOQUEGUA,2023,FEMENINO,DE 6 A 11 AÑOS,5
MOQUEGUA,2023,FEMENINO,DE 12 A 17 AÑOS,25
MOQUEGUA,2023,FEMENINO,DE 18 A 29 AÑOS,36
MOQUEGUA,2023,FEMENINO,DE 30 A 59 AÑOS,37
MOQUEGUA,2023,FEMENINO,DE 60 A MÁS AÑOS,8
MOQUEGUA,2024,MASCULINO,DE 0 A 5 AÑOS,6
MOQUEGUA,2024,MASCULINO,DE 6 A 11 AÑOS,4
MOQUEGUA,2024,MASCULINO,DE 12 A 17 AÑOS,6
MOQUEGUA,2024,MASCULINO,DE 18 A 29 AÑOS,62
MOQUEGUA,2024,MASCULINO,DE 30 A 59 AÑOS,156
MOQUEGUA,2024,MASCULINO,DE 60 A MÁS AÑOS,10
MOQUEGUA,2024,FEMENINO,DE 0 A 5 AÑOS,3
MOQUEGUA,2024,FEMENINO,DE 6 A 11 AÑOS,6
MOQUEGUA,2024,FEMENINO,DE 12 A 17 AÑOS,1
MOQUEGUA,2024,FEMENINO,DE 18 A 29 AÑOS,19
MOQUEGUA,2024,FEMENINO,DE 30 A 59 AÑOS,59
MOQUEGUA,2024,FEMENINO,DE 60 A MÁS AÑOS,6
PASCO,2008,MASCULINO,MENOR DE 18 AÑOS,4
PASCO,2008,MASCULINO,MAYOR DE 18 AÑOS,27
PASCO,2008,FEMENINO,MENOR DE 18 AÑOS,5
PASCO,2008,FEMENINO,MAYOR DE 18 AÑOS,6
PASCO,2009,MASCULINO,MENOR DE 18 AÑOS,14
PASCO,2009,MASCULINO,MAYOR DE 18 AÑOS,53
PASCO,2009,FEMENINO,MENOR DE 18 AÑOS,9
PASCO,2009,FEMENINO,MAYOR DE 18 AÑOS,45
PASCO,2010,MASCULINO,DE 0 A 5 AÑOS,0
PASCO,2010,MASCULINO,DE 6 A 12 AÑOS,2
PASCO,2010,MASCULINO,DE 13 A 18 AÑOS,11
PASCO,2010,MASCULINO,DE 19 A 25 AÑOS,28
PASCO,2010,MASCULINO,DE 26 A 60 AÑOS,11
PASCO,2010,MASCULINO,DE 60 A MÁS AÑOS,0
PASCO,2010,FEMENINO,DE 0 A 5 AÑOS,0
PASCO,2010,FEMENINO,DE 6 A 12 AÑOS,1
PASCO,2010,FEMENINO,DE 13 A 18 AÑOS,4
PASCO,2010,FEMENINO,DE 19 A 25 AÑOS,13
PASCO,2010,FEMENINO,DE 26 A 60 AÑOS,0
PASCO,2010,FEMENINO,DE 60 A MÁS AÑOS,0
PASCO,2011,MASCULINO,DE 0 A 5 AÑOS,0
PASCO,2011,MASCULINO,DE 6 A 12 AÑOS,8
PASCO,2011,MASCULINO,DE 13 A 18 AÑOS,15
PASCO,2011,MASCULINO,DE 19 A 25 AÑOS,49
PASCO,2011,MASCULINO,DE 26 A 60 AÑOS,38
PASCO,2011,MASCULINO,DE 60 A MÁS AÑOS,0
PASCO,2011,FEMENINO,DE 0 A 5 AÑOS,0
PASCO,2011,FEMENINO,DE 6 A 12 AÑOS,0
PASCO,2011,FEMENINO,DE 13 A 18 AÑOS,0
PASCO,2011,FEMENINO,DE 19 A 25 AÑOS,22
PASCO,2011,FEMENINO,DE 26 A 60 AÑOS,12
PASCO,2011,FEMENINO,DE 60 A MÁS AÑOS,0
PASCO,2012,MASCULINO,DE 0 A 5 AÑOS,1
PASCO,2012,MASCULINO,DE 6 A 12 AÑOS,2
PASCO,2012,MASCULINO,DE 13 A 18 AÑOS,11
PASCO,2012,MASCULINO,DE 19 A 25 AÑOS,32
PASCO,2012,MASCULINO,DE 26 A 60 AÑOS,9
PASCO,2012,MASCULINO,DE 60 A MÁS AÑOS,0
PASCO,2012,FEMENINO,DE 0 A 5 AÑOS,0
PASCO,2012,FEMENINO,DE 6 A 12 AÑOS,5
PASCO,2012,FEMENINO,DE 13 A 18 AÑOS,0
PASCO,2012,FEMENINO,DE 19 A 25 AÑOS,25
PASCO,2012,FEMENINO,DE 26 A 60 AÑOS,6
PASCO,2012,FEMENINO,DE 60 A MÁS AÑOS,0
PASCO,2013,MASCULINO,DE 0 A 5 AÑOS,0
PASCO,2013,MASCULINO,DE 6 A 12 AÑOS,4
PASCO,2013,MASCULINO,DE 13 A 18 AÑOS,0
PASCO,2013,MASCULINO,DE 19 A 25 AÑOS,8
PASCO,2013,MASCULINO,DE 26 A 60 AÑOS,12
PASCO,2013,MASCULINO,DE 60 A MÁS AÑOS,3
PASCO,2013,FEMENINO,DE 0 A 5 AÑOS,1
PASCO,2013,FEMENINO,DE 6 A 12 AÑOS,0
PASCO,2013,FEMENINO,DE 13 A 18 AÑOS,2
PASCO,2013,FEMENINO,DE 19 A 25 AÑOS,6
PASCO,2013,FEMENINO,DE 26 A 60 AÑOS,4
PASCO,2013,FEMENINO,DE 60 A MÁS AÑOS,3
PASCO,2014,MASCULINO,DE 0 A 5 AÑOS,1
PASCO,2014,MASCULINO,DE 6 A 12 AÑOS,5
PASCO,2014,MASCULINO,DE 13 A 18 AÑOS,1
PASCO,2014,MASCULINO,DE 19 A 25 AÑOS,4
PASCO,2014,MASCULINO,DE 26 A 60 AÑOS,12
PASCO,2014,MASCULINO,DE 60 A MÁS AÑOS,5
PASCO,2014,FEMENINO,DE 0 A 5 AÑOS,2
PASCO,2014,FEMENINO,DE 6 A 12 AÑOS,0
PASCO,2014,FEMENINO,DE 13 A 18 AÑOS,1
PASCO,2014,FEMENINO,DE 19 A 25 AÑOS,2
PASCO,2014,FEMENINO,DE 26 A 60 AÑOS,7
PASCO,2014,FEMENINO,DE 60 A MÁS AÑOS,0
PASCO,2015,MASCULINO,DE 0 A 5 AÑOS,2
PASCO,2015,MASCULINO,DE 6 A 12 AÑOS,4
PASCO,2015,MASCULINO,DE 13 A 18 AÑOS,3
PASCO,2015,MASCULINO,DE 19 A 25 AÑOS,20
PASCO,2015,MASCULINO,DE 26 A 60 AÑOS,38
PASCO,2015,MASCULINO,DE 60 A MÁS AÑOS,1
PASCO,2015,FEMENINO,DE 0 A 5 AÑOS,0
PASCO,2015,FEMENINO,DE 6 A 12 AÑOS,0
PASCO,2015,FEMENINO,DE 13 A 18 AÑOS,2
PASCO,2015,FEMENINO,DE 19 A 25 AÑOS,10
PASCO,2015,FEMENINO,DE 26 A 60 AÑOS,22
PASCO,2015,FEMENINO,DE 60 A MÁS AÑOS,1
PASCO,2016,MASCULINO,DE 0 A 5 AÑOS,0
PASCO,2016,MASCULINO,DE 6 A 12 AÑOS,1
PASCO,2016,MASCULINO,DE 13 A 18 AÑOS,2
PASCO,2016,MASCULINO,DE 19 A 25 AÑOS,4
PASCO,2016,MASCULINO,DE 26 A 60 AÑOS,24
PASCO,2016,MASCULINO,DE 60 A MÁS AÑOS,1
PASCO,2016,FEMENINO,DE 0 A 5 AÑOS,0
PASCO,2016,FEMENINO,DE 6 A 12 AÑOS,4
PASCO,2016,FEMENINO,DE 13 A 18 AÑOS,2
PASCO,2016,FEMENINO,DE 19 A 25 AÑOS,1
PASCO,2016,FEMENINO,DE 26 A 60 AÑOS,0
PASCO,2016,FEMENINO,DE 60 A MÁS AÑOS,1
PASCO,2017,MASCULINO,DE 0 A 5 AÑOS,6
PASCO,2017,MASCULINO,DE 6 A 12 AÑOS,1
PASCO,2017,MASCULINO,DE 13 A 18 AÑOS,1
PASCO,2017,MASCULINO,DE 19 A 25 AÑOS,24
PASCO,2017,MASCULINO,DE 26 A 60 AÑOS,38
PASCO,2017,MASCULINO,DE 60 A MÁS AÑOS,2
PASCO,2017,FEMENINO,DE 0 A 5 AÑOS,0
PASCO,2017,FEMENINO,DE 6 A 12 AÑOS,3
PASCO,2017,FEMENINO,DE 13 A 18 AÑOS,2
PASCO,2017,FEMENINO,DE 19 A 25 AÑOS,8
PASCO,2017,FEMENINO,DE 26 A 60 AÑOS,23
PASCO,2017,FEMENINO,DE 60 A MÁS AÑOS,2
PASCO,2018,MASCULINO,DE 0 A 5 AÑOS,2
PASCO,2018,MASCULINO,DE 6 A 11 AÑOS,4
PASCO,2018,MASCULINO,DE 12 A 17 AÑOS,14
PASCO,2018,MASCULINO,DE 18 A 29 AÑOS,89
PASCO,2018,MASCULINO,DE 30 A 59 AÑOS,64
PASCO,2018,MASCULINO,DE 60 A MÁS AÑOS,10
PASCO,2018,FEMENINO,DE 0 A 5 AÑOS,0
PASCO,2018,FEMENINO,DE 6 A 11 AÑOS,7
PASCO,2018,FEMENINO,DE 12 A 17 AÑOS,6
PASCO,2018,FEMENINO,DE 18 A 29 AÑOS,29
PASCO,2018,FEMENINO,DE 30 A 59 AÑOS,30
PASCO,2018,FEMENINO,DE 60 A MÁS AÑOS,2
PASCO,2019,MASCULINO,DE 0 A 5 AÑOS,5
PASCO,2019,MASCULINO,DE 6 A 11 AÑOS,9
PASCO,2019,MASCULINO,DE 12 A 17 AÑOS,38
PASCO,2019,MASCULINO,DE 18 A 29 AÑOS,124
PASCO,2019,MASCULINO,DE 30 A 59 AÑOS,138
PASCO,2019,MASCULINO,DE 60 A MÁS AÑOS,8
PASCO,2019,FEMENINO,DE 0 A 5 AÑOS,3
PASCO,2019,FEMENINO,DE 6 A 11 AÑOS,3
PASCO,2019,FEMENINO,DE 12 A 17 AÑOS,29
PASCO,2019,FEMENINO,DE 18 A 29 AÑOS,59
PASCO,2019,FEMENINO,DE 30 A 59 AÑOS,33
PASCO,2019,FEMENINO,DE 60 A MÁS AÑOS,3
PASCO,2020,MASCULINO,DE 0 A 5 AÑOS,1
PASCO,2020,MASCULINO,DE 6 A 11 AÑOS,6
PASCO,2020,MASCULINO,DE 12 A 17 AÑOS,10
PASCO,2020,MASCULINO,DE 18 A 29 AÑOS,68
PASCO,2020,MASCULINO,DE 30 A 59 AÑOS,116
PASCO,2020,MASCULINO,DE 60 A MÁS AÑOS,13
PASCO,2020,FEMENINO,DE 0 A 5 AÑOS,3
PASCO,2020,FEMENINO,DE 6 A 11 AÑOS,2
PASCO,2020,FEMENINO,DE 12 A 17 AÑOS,1
PASCO,2020,FEMENINO,DE 18 A 29 AÑOS,26
PASCO,2020,FEMENINO,DE 30 A 59 AÑOS,33
PASCO,2020,FEMENINO,DE 60 A MÁS AÑOS,1
PASCO,2021,MASCULINO,DE 0 A 5 AÑOS,17
PASCO,2021,MASCULINO,DE 6 A 11 AÑOS,5
PASCO,2021,MASCULINO,DE 12 A 17 AÑOS,14
PASCO,2021,MASCULINO,DE 18 A 29 AÑOS,78
PASCO,2021,MASCULINO,DE 30 A 59 AÑOS,96
PASCO,2021,MASCULINO,DE 60 A MÁS AÑOS,18
PASCO,2021,FEMENINO,DE 0 A 5 AÑOS,2
PASCO,2021,FEMENINO,DE 6 A 11 AÑOS,7
PASCO,2021,FEMENINO,DE 12 A 17 AÑOS,8
PASCO,2021,FEMENINO,DE 18 A 29 AÑOS,28
PASCO,2021,FEMENINO,DE 30 A 59 AÑOS,33
PASCO,2021,FEMENINO,DE 60 A MÁS AÑOS,1
PASCO,2022,MASCULINO,DE 0 A 5 AÑOS,3
PASCO,2022,MASCULINO,DE 6 A 11 AÑOS,17
PASCO,2022,MASCULINO,DE 12 A 17 AÑOS,23
PASCO,2022,MASCULINO,DE 18 A 29 AÑOS,87
PASCO,2022,MASCULINO,DE 30 A 59 AÑOS,76
PASCO,2022,MASCULINO,DE 60 A MÁS AÑOS,8
PASCO,2022,FEMENINO,DE 0 A 5 AÑOS,5
PASCO,2022,FEMENINO,DE 6 A 11 AÑOS,5
PASCO,2022,FEMENINO,DE 12 A 17 AÑOS,13
PASCO,2022,FEMENINO,DE 18 A 29 AÑOS,36
PASCO,2022,FEMENINO,DE 30 A 59 AÑOS,46
PASCO,2022,FEMENINO,DE 60 A MÁS AÑOS,6
PASCO,2023,MASCULINO,DE 0 A 5 AÑOS,3
PASCO,2023,MASCULINO,DE 6 A 11 AÑOS,3
PASCO,2023,MASCULINO,DE 12 A 17 AÑOS,17
PASCO,2023,MASCULINO,DE 18 A 29 AÑOS,62
PASCO,2023,MASCULINO,DE 30 A 59 AÑOS,95
PASCO,2023,MASCULINO,DE 60 A MÁS AÑOS,13
PASCO,2023,FEMENINO,DE 0 A 5 AÑOS,3
PASCO,2023,FEMENINO,DE 6 A 11 AÑOS,3
PASCO,2023,FEMENINO,DE 12 A 17 AÑOS,8
PASCO,2023,FEMENINO,DE 18 A 29 AÑOS,21
PASCO,2023,FEMENINO,DE 30 A 59 AÑOS,33
PASCO,2023,FEMENINO,DE 60 A MÁS AÑOS,8
PASCO,2024,MASCULINO,DE 0 A 5 AÑOS,9
PASCO,2024,MASCULINO,DE 6 A 11 AÑOS,17
PASCO,2024,MASCULINO,DE 12 A 17 AÑOS,20
PASCO,2024,MASCULINO,DE 18 A 29 AÑOS,104
PASCO,2024,MASCULINO,DE 30 A 59 AÑOS,141
PASCO,2024,MASCULINO,DE 60 A MÁS AÑOS,14
PASCO,2024,FEMENINO,DE 0 A 5 AÑOS,5
PASCO,2024,FEMENINO,DE 6 A 11 AÑOS,7
PASCO,2024,FEMENINO,DE 12 A 17 AÑOS,30
PASCO,2024,FEMENINO,DE 18 A 29 AÑOS,42
PASCO,2024,FEMENINO,DE 30 A 59 AÑOS,93
PASCO,2024,FEMENINO,DE 60 A MÁS AÑOS,7
PIURA,2008,MASCULINO,MENOR DE 18 AÑOS,311
PIURA,2008,MASCULINO,MAYOR DE 18 AÑOS,420
PIURA,2008,FEMENINO,MENOR DE 18 AÑOS,67
PIURA,2008,FEMENINO,MAYOR DE 18 AÑOS,180
PIURA,2009,MASCULINO,MENOR DE 18 AÑOS,260
PIURA,2009,MASCULINO,MAYOR DE 18 AÑOS,651
PIURA,2009,FEMENINO,MENOR DE 18 AÑOS,39
PIURA,2009,FEMENINO,MAYOR DE 18 AÑOS,201
PIURA,2010,MASCULINO,DE 0 A 5 AÑOS,2
PIURA,2010,MASCULINO,DE 6 A 12 AÑOS,74
PIURA,2010,MASCULINO,DE 13 A 18 AÑOS,159
PIURA,2010,MASCULINO,DE 19 A 25 AÑOS,401
PIURA,2010,MASCULINO,DE 26 A 60 AÑOS,220
PIURA,2010,MASCULINO,DE 60 A MÁS AÑOS,13
PIURA,2010,FEMENINO,DE 0 A 5 AÑOS,0
PIURA,2010,FEMENINO,DE 6 A 12 AÑOS,18
PIURA,2010,FEMENINO,DE 13 A 18 AÑOS,129
PIURA,2010,FEMENINO,DE 19 A 25 AÑOS,205
PIURA,2010,FEMENINO,DE 26 A 60 AÑOS,92
PIURA,2010,FEMENINO,DE 60 A MÁS AÑOS,15
PIURA,2011,MASCULINO,DE 0 A 5 AÑOS,39
PIURA,2011,MASCULINO,DE 6 A 12 AÑOS,87
PIURA,2011,MASCULINO,DE 13 A 18 AÑOS,145
PIURA,2011,MASCULINO,DE 19 A 25 AÑOS,406
PIURA,2011,MASCULINO,DE 26 A 60 AÑOS,203
PIURA,2011,MASCULINO,DE 60 A MÁS AÑOS,14
PIURA,2011,FEMENINO,DE 0 A 5 AÑOS,8
PIURA,2011,FEMENINO,DE 6 A 12 AÑOS,15
PIURA,2011,FEMENINO,DE 13 A 18 AÑOS,110
PIURA,2011,FEMENINO,DE 19 A 25 AÑOS,218
PIURA,2011,FEMENINO,DE 26 A 60 AÑOS,54
PIURA,2011,FEMENINO,DE 60 A MÁS AÑOS,20
PIURA,2012,MASCULINO,DE 0 A 5 AÑOS,120
PIURA,2012,MASCULINO,DE 6 A 12 AÑOS,148
PIURA,2012,MASCULINO,DE 13 A 18 AÑOS,140
PIURA,2012,MASCULINO,DE 19 A 25 AÑOS,557
PIURA,2012,MASCULINO,DE 26 A 60 AÑOS,400
PIURA,2012,MASCULINO,DE 60 A MÁS AÑOS,76
PIURA,2012,FEMENINO,DE 0 A 5 AÑOS,20
PIURA,2012,FEMENINO,DE 6 A 12 AÑOS,55
PIURA,2012,FEMENINO,DE 13 A 18 AÑOS,103
PIURA,2012,FEMENINO,DE 19 A 25 AÑOS,207
PIURA,2012,FEMENINO,DE 26 A 60 AÑOS,176
PIURA,2012,FEMENINO,DE 60 A MÁS AÑOS,16
PIURA,2013,MASCULINO,DE 0 A 5 AÑOS,76
PIURA,2013,MASCULINO,DE 6 A 12 AÑOS,108
PIURA,2013,MASCULINO,DE 13 A 18 AÑOS,292
PIURA,2013,MASCULINO,DE 19 A 25 AÑOS,559
PIURA,2013,MASCULINO,DE 26 A 60 AÑOS,588
PIURA,2013,MASCULINO,DE 60 A MÁS AÑOS,113
PIURA,2013,FEMENINO,DE 0 A 5 AÑOS,30
PIURA,2013,FEMENINO,DE 6 A 12 AÑOS,57
PIURA,2013,FEMENINO,DE 13 A 18 AÑOS,129
PIURA,2013,FEMENINO,DE 19 A 25 AÑOS,196
PIURA,2013,FEMENINO,DE 26 A 60 AÑOS,206
PIURA,2013,FEMENINO,DE 60 A MÁS AÑOS,28
PIURA,2014,MASCULINO,DE 0 A 5 AÑOS,66
PIURA,2014,MASCULINO,DE 6 A 12 AÑOS,184
PIURA,2014,MASCULINO,DE 13 A 18 AÑOS,214
PIURA,2014,MASCULINO,DE 19 A 25 AÑOS,494
PIURA,2014,MASCULINO,DE 26 A 60 AÑOS,753
PIURA,2014,MASCULINO,DE 60 A MÁS AÑOS,76
PIURA,2014,FEMENINO,DE 0 A 5 AÑOS,40
PIURA,2014,FEMENINO,DE 6 A 12 AÑOS,74
PIURA,2014,FEMENINO,DE 13 A 18 AÑOS,141
PIURA,2014,FEMENINO,DE 19 A 25 AÑOS,254
PIURA,2014,FEMENINO,DE 26 A 60 AÑOS,220
PIURA,2014,FEMENINO,DE 60 A MÁS AÑOS,16
PIURA,2015,MASCULINO,DE 0 A 5 AÑOS,31
PIURA,2015,MASCULINO,DE 6 A 12 AÑOS,69
PIURA,2015,MASCULINO,DE 13 A 18 AÑOS,220
PIURA,2015,MASCULINO,DE 19 A 25 AÑOS,697
PIURA,2015,MASCULINO,DE 26 A 60 AÑOS,810
PIURA,2015,MASCULINO,DE 60 A MÁS AÑOS,308
PIURA,2015,FEMENINO,DE 0 A 5 AÑOS,25
PIURA,2015,FEMENINO,DE 6 A 12 AÑOS,118
PIURA,2015,FEMENINO,DE 13 A 18 AÑOS,188
PIURA,2015,FEMENINO,DE 19 A 25 AÑOS,278
PIURA,2015,FEMENINO,DE 26 A 60 AÑOS,285
PIURA,2015,FEMENINO,DE 60 A MÁS AÑOS,31
PIURA,2016,MASCULINO,DE 0 A 5 AÑOS,37
PIURA,2016,MASCULINO,DE 6 A 12 AÑOS,42
PIURA,2016,MASCULINO,DE 13 A 18 AÑOS,131
PIURA,2016,MASCULINO,DE 19 A 25 AÑOS,616
PIURA,2016,MASCULINO,DE 26 A 60 AÑOS,934
PIURA,2016,MASCULINO,DE 60 A MÁS AÑOS,600
PIURA,2016,FEMENINO,DE 0 A 5 AÑOS,15
PIURA,2016,FEMENINO,DE 6 A 12 AÑOS,38
PIURA,2016,FEMENINO,DE 13 A 18 AÑOS,51
PIURA,2016,FEMENINO,DE 19 A 25 AÑOS,214
PIURA,2016,FEMENINO,DE 26 A 60 AÑOS,518
PIURA,2016,FEMENINO,DE 60 A MÁS AÑOS,10
PIURA,2017,MASCULINO,DE 0 A 5 AÑOS,15
PIURA,2017,MASCULINO,DE 6 A 12 AÑOS,63
PIURA,2017,MASCULINO,DE 13 A 18 AÑOS,69
PIURA,2017,MASCULINO,DE 19 A 25 AÑOS,540
PIURA,2017,MASCULINO,DE 26 A 60 AÑOS,621
PIURA,2017,MASCULINO,DE 60 A MÁS AÑOS,209
PIURA,2017,FEMENINO,DE 0 A 5 AÑOS,11
PIURA,2017,FEMENINO,DE 6 A 12 AÑOS,9
PIURA,2017,FEMENINO,DE 13 A 18 AÑOS,106
PIURA,2017,FEMENINO,DE 19 A 25 AÑOS,220
PIURA,2017,FEMENINO,DE 26 A 60 AÑOS,293
PIURA,2017,FEMENINO,DE 60 A MÁS AÑOS,14
PIURA,2018,MASCULINO,DE 0 A 5 AÑOS,27
PIURA,2018,MASCULINO,DE 6 A 11 AÑOS,39
PIURA,2018,MASCULINO,DE 12 A 17 AÑOS,84
PIURA,2018,MASCULINO,DE 18 A 29 AÑOS,671
PIURA,2018,MASCULINO,DE 30 A 59 AÑOS,658
PIURA,2018,MASCULINO,DE 60 A MÁS AÑOS,51
PIURA,2018,FEMENINO,DE 0 A 5 AÑOS,27
PIURA,2018,FEMENINO,DE 6 A 11 AÑOS,22
PIURA,2018,FEMENINO,DE 12 A 17 AÑOS,56
PIURA,2018,FEMENINO,DE 18 A 29 AÑOS,261
PIURA,2018,FEMENINO,DE 30 A 59 AÑOS,210
PIURA,2018,FEMENINO,DE 60 A MÁS AÑOS,21
PIURA,2019,MASCULINO,DE 0 A 5 AÑOS,25
PIURA,2019,MASCULINO,DE 6 A 11 AÑOS,59
PIURA,2019,MASCULINO,DE 12 A 17 AÑOS,73
PIURA,2019,MASCULINO,DE 18 A 29 AÑOS,885
PIURA,2019,MASCULINO,DE 30 A 59 AÑOS,1082
PIURA,2019,MASCULINO,DE 60 A MÁS AÑOS,86
PIURA,2019,FEMENINO,DE 0 A 5 AÑOS,24
PIURA,2019,FEMENINO,DE 6 A 11 AÑOS,33
PIURA,2019,FEMENINO,DE 12 A 17 AÑOS,38
PIURA,2019,FEMENINO,DE 18 A 29 AÑOS,306
PIURA,2019,FEMENINO,DE 30 A 59 AÑOS,351
PIURA,2019,FEMENINO,DE 60 A MÁS AÑOS,48
PIURA,2020,MASCULINO,DE 0 A 5 AÑOS,23
PIURA,2020,MASCULINO,DE 6 A 11 AÑOS,18
PIURA,2020,MASCULINO,DE 12 A 17 AÑOS,70
PIURA,2020,MASCULINO,DE 18 A 29 AÑOS,668
PIURA,2020,MASCULINO,DE 30 A 59 AÑOS,672
PIURA,2020,MASCULINO,DE 60 A MÁS AÑOS,84
PIURA,2020,FEMENINO,DE 0 A 5 AÑOS,35
PIURA,2020,FEMENINO,DE 6 A 11 AÑOS,23
PIURA,2020,FEMENINO,DE 12 A 17 AÑOS,40
PIURA,2020,FEMENINO,DE 18 A 29 AÑOS,230
PIURA,2020,FEMENINO,DE 30 A 59 AÑOS,245
PIURA,2020,FEMENINO,DE 60 A MÁS AÑOS,37
PIURA,2021,MASCULINO,DE 0 A 5 AÑOS,18
PIURA,2021,MASCULINO,DE 6 A 11 AÑOS,29
PIURA,2021,MASCULINO,DE 12 A 17 AÑOS,34
PIURA,2021,MASCULINO,DE 18 A 29 AÑOS,937
PIURA,2021,MASCULINO,DE 30 A 59 AÑOS,967
PIURA,2021,MASCULINO,DE 60 A MÁS AÑOS,124
PIURA,2021,FEMENINO,DE 0 A 5 AÑOS,20
PIURA,2021,FEMENINO,DE 6 A 11 AÑOS,19
PIURA,2021,FEMENINO,DE 12 A 17 AÑOS,33
PIURA,2021,FEMENINO,DE 18 A 29 AÑOS,277
PIURA,2021,FEMENINO,DE 30 A 59 AÑOS,301
PIURA,2021,FEMENINO,DE 60 A MÁS AÑOS,52
PIURA,2022,MASCULINO,DE 0 A 5 AÑOS,27
PIURA,2022,MASCULINO,DE 6 A 11 AÑOS,38
PIURA,2022,MASCULINO,DE 12 A 17 AÑOS,58
PIURA,2022,MASCULINO,DE 18 A 29 AÑOS,844
PIURA,2022,MASCULINO,DE 30 A 59 AÑOS,972
PIURA,2022,MASCULINO,DE 60 A MÁS AÑOS,147
PIURA,2022,FEMENINO,DE 0 A 5 AÑOS,20
PIURA,2022,FEMENINO,DE 6 A 11 AÑOS,22
PIURA,2022,FEMENINO,DE 12 A 17 AÑOS,35
PIURA,2022,FEMENINO,DE 18 A 29 AÑOS,319
PIURA,2022,FEMENINO,DE 30 A 59 AÑOS,299
PIURA,2022,FEMENINO,DE 60 A MÁS AÑOS,77
PIURA,2023,MASCULINO,DE 0 A 5 AÑOS,23
PIURA,2023,MASCULINO,DE 6 A 11 AÑOS,41
PIURA,2023,MASCULINO,DE 12 A 17 AÑOS,72
PIURA,2023,MASCULINO,DE 18 A 29 AÑOS,787
PIURA,2023,MASCULINO,DE 30 A 59 AÑOS,892
PIURA,2023,MASCULINO,DE 60 A MÁS AÑOS,84
PIURA,2023,FEMENINO,DE 0 A 5 AÑOS,14
PIURA,2023,FEMENINO,DE 6 A 11 AÑOS,16
PIURA,2023,FEMENINO,DE 12 A 17 AÑOS,48
PIURA,2023,FEMENINO,DE 18 A 29 AÑOS,361
PIURA,2023,FEMENINO,DE 30 A 59 AÑOS,258
PIURA,2023,FEMENINO,DE 60 A MÁS AÑOS,24
PIURA,2024,MASCULINO,DE 0 A 5 AÑOS,18
PIURA,2024,MASCULINO,DE 6 A 11 AÑOS,42
PIURA,2024,MASCULINO,DE 12 A 17 AÑOS,81
PIURA,2024,MASCULINO,DE 18 A 29 AÑOS,622
PIURA,2024,MASCULINO,DE 30 A 59 AÑOS,619
PIURA,2024,MASCULINO,DE 60 A MÁS AÑOS,66
PIURA,2024,FEMENINO,DE 0 A 5 AÑOS,11
PIURA,2024,FEMENINO,DE 6 A 11 AÑOS,27
PIURA,2024,FEMENINO,DE 12 A 17 AÑOS,37
PIURA,2024,FEMENINO,DE 18 A 29 AÑOS,267
PIURA,2024,FEMENINO,DE 30 A 59 AÑOS,243
PIURA,2024,FEMENINO,DE 60 A MÁS AÑOS,33
PUNO,2008,MASCULINO,MENOR DE 18 AÑOS,46
PUNO,2008,MASCULINO,MAYOR DE 18 AÑOS,376
PUNO,2008,FEMENINO,MENOR DE 18 AÑOS,31
PUNO,2008,FEMENINO,MAYOR DE 18 AÑOS,204
PUNO,2009,MASCULINO,MENOR DE 18 AÑOS,150
PUNO,2009,MASCULINO,MAYOR DE 18 AÑOS,394
PUNO,2009,FEMENINO,MENOR DE 18 AÑOS,76
PUNO,2009,FEMENINO,MAYOR DE 18 AÑOS,198
PUNO,2010,MASCULINO,DE 0 A 5 AÑOS,7
PUNO,2010,MASCULINO,DE 6 A 12 AÑOS,20
PUNO,2010,MASCULINO,DE 13 A 18 AÑOS,97
PUNO,2010,MASCULINO,DE 19 A 25 AÑOS,183
PUNO,2010,MASCULINO,DE 26 A 60 AÑOS,56
PUNO,2010,MASCULINO,DE 60 A MÁS AÑOS,11
PUNO,2010,FEMENINO,DE 0 A 5 AÑOS,0
PUNO,2010,FEMENINO,DE 6 A 12 AÑOS,21
PUNO,2010,FEMENINO,DE 13 A 18 AÑOS,47
PUNO,2010,FEMENINO,DE 19 A 25 AÑOS,86
PUNO,2010,FEMENINO,DE 26 A 60 AÑOS,5
PUNO,2010,FEMENINO,DE 60 A MÁS AÑOS,0
PUNO,2011,MASCULINO,DE 0 A 5 AÑOS,11
PUNO,2011,MASCULINO,DE 6 A 12 AÑOS,9
PUNO,2011,MASCULINO,DE 13 A 18 AÑOS,54
PUNO,2011,MASCULINO,DE 19 A 25 AÑOS,327
PUNO,2011,MASCULINO,DE 26 A 60 AÑOS,539
PUNO,2011,MASCULINO,DE 60 A MÁS AÑOS,89
PUNO,2011,FEMENINO,DE 0 A 5 AÑOS,20
PUNO,2011,FEMENINO,DE 6 A 12 AÑOS,33
PUNO,2011,FEMENINO,DE 13 A 18 AÑOS,37
PUNO,2011,FEMENINO,DE 19 A 25 AÑOS,63
PUNO,2011,FEMENINO,DE 26 A 60 AÑOS,67
PUNO,2011,FEMENINO,DE 60 A MÁS AÑOS,5
PUNO,2012,MASCULINO,DE 0 A 5 AÑOS,55
PUNO,2012,MASCULINO,DE 6 A 12 AÑOS,15
PUNO,2012,MASCULINO,DE 13 A 18 AÑOS,51
PUNO,2012,MASCULINO,DE 19 A 25 AÑOS,328
PUNO,2012,MASCULINO,DE 26 A 60 AÑOS,81
PUNO,2012,MASCULINO,DE 60 A MÁS AÑOS,26
PUNO,2012,FEMENINO,DE 0 A 5 AÑOS,9
PUNO,2012,FEMENINO,DE 6 A 12 AÑOS,11
PUNO,2012,FEMENINO,DE 13 A 18 AÑOS,97
PUNO,2012,FEMENINO,DE 19 A 25 AÑOS,98
PUNO,2012,FEMENINO,DE 26 A 60 AÑOS,19
PUNO,2012,FEMENINO,DE 60 A MÁS AÑOS,12
PUNO,2013,MASCULINO,DE 0 A 5 AÑOS,3
PUNO,2013,MASCULINO,DE 6 A 12 AÑOS,13
PUNO,2013,MASCULINO,DE 13 A 18 AÑOS,67
PUNO,2013,MASCULINO,DE 19 A 25 AÑOS,347
PUNO,2013,MASCULINO,DE 26 A 60 AÑOS,140
PUNO,2013,MASCULINO,DE 60 A MÁS AÑOS,31
PUNO,2013,FEMENINO,DE 0 A 5 AÑOS,4
PUNO,2013,FEMENINO,DE 6 A 12 AÑOS,13
PUNO,2013,FEMENINO,DE 13 A 18 AÑOS,20
PUNO,2013,FEMENINO,DE 19 A 25 AÑOS,50
PUNO,2013,FEMENINO,DE 26 A 60 AÑOS,30
PUNO,2013,FEMENINO,DE 60 A MÁS AÑOS,4
PUNO,2014,MASCULINO,DE 0 A 5 AÑOS,21
PUNO,2014,MASCULINO,DE 6 A 12 AÑOS,43
PUNO,2014,MASCULINO,DE 13 A 18 AÑOS,70
PUNO,2014,MASCULINO,DE 19 A 25 AÑOS,149
PUNO,2014,MASCULINO,DE 26 A 60 AÑOS,302
PUNO,2014,MASCULINO,DE 60 A MÁS AÑOS,22
PUNO,2014,FEMENINO,DE 0 A 5 AÑOS,32
PUNO,2014,FEMENINO,DE 6 A 12 AÑOS,29
PUNO,2014,FEMENINO,DE 13 A 18 AÑOS,54
PUNO,2014,FEMENINO,DE 19 A 25 AÑOS,53
PUNO,2014,FEMENINO,DE 26 A 60 AÑOS,142
PUNO,2014,FEMENINO,DE 60 A MÁS AÑOS,24
PUNO,2015,MASCULINO,DE 0 A 5 AÑOS,21
PUNO,2015,MASCULINO,DE 6 A 12 AÑOS,52
PUNO,2015,MASCULINO,DE 13 A 18 AÑOS,62
PUNO,2015,MASCULINO,DE 19 A 25 AÑOS,238
PUNO,2015,MASCULINO,DE 26 A 60 AÑOS,392
PUNO,2015,MASCULINO,DE 60 A MÁS AÑOS,33
PUNO,2015,FEMENINO,DE 0 A 5 AÑOS,28
PUNO,2015,FEMENINO,DE 6 A 12 AÑOS,32
PUNO,2015,FEMENINO,DE 13 A 18 AÑOS,48
PUNO,2015,FEMENINO,DE 19 A 25 AÑOS,84
PUNO,2015,FEMENINO,DE 26 A 60 AÑOS,179
PUNO,2015,FEMENINO,DE 60 A MÁS AÑOS,19
PUNO,2016,MASCULINO,DE 0 A 5 AÑOS,30
PUNO,2016,MASCULINO,DE 6 A 12 AÑOS,40
PUNO,2016,MASCULINO,DE 13 A 18 AÑOS,60
PUNO,2016,MASCULINO,DE 19 A 25 AÑOS,285
PUNO,2016,MASCULINO,DE 26 A 60 AÑOS,303
PUNO,2016,MASCULINO,DE 60 A MÁS AÑOS,27
PUNO,2016,FEMENINO,DE 0 A 5 AÑOS,30
PUNO,2016,FEMENINO,DE 6 A 12 AÑOS,63
PUNO,2016,FEMENINO,DE 13 A 18 AÑOS,62
PUNO,2016,FEMENINO,DE 19 A 25 AÑOS,69
PUNO,2016,FEMENINO,DE 26 A 60 AÑOS,119
PUNO,2016,FEMENINO,DE 60 A MÁS AÑOS,10
PUNO,2017,MASCULINO,DE 0 A 5 AÑOS,22
PUNO,2017,MASCULINO,DE 6 A 12 AÑOS,20
PUNO,2017,MASCULINO,DE 13 A 18 AÑOS,27
PUNO,2017,MASCULINO,DE 19 A 25 AÑOS,190
PUNO,2017,MASCULINO,DE 26 A 60 AÑOS,363
PUNO,2017,MASCULINO,DE 60 A MÁS AÑOS,31
PUNO,2017,FEMENINO,DE 0 A 5 AÑOS,15
PUNO,2017,FEMENINO,DE 6 A 12 AÑOS,23
PUNO,2017,FEMENINO,DE 13 A 18 AÑOS,25
PUNO,2017,FEMENINO,DE 19 A 25 AÑOS,68
PUNO,2017,FEMENINO,DE 26 A 60 AÑOS,133
PUNO,2017,FEMENINO,DE 60 A MÁS AÑOS,30
PUNO,2018,MASCULINO,DE 0 A 5 AÑOS,12
PUNO,2018,MASCULINO,DE 6 A 11 AÑOS,21
PUNO,2018,MASCULINO,DE 12 A 17 AÑOS,71
PUNO,2018,MASCULINO,DE 18 A 29 AÑOS,245
PUNO,2018,MASCULINO,DE 30 A 59 AÑOS,269
PUNO,2018,MASCULINO,DE 60 A MÁS AÑOS,37
PUNO,2018,FEMENINO,DE 0 A 5 AÑOS,16
PUNO,2018,FEMENINO,DE 6 A 11 AÑOS,35
PUNO,2018,FEMENINO,DE 12 A 17 AÑOS,46
PUNO,2018,FEMENINO,DE 18 A 29 AÑOS,160
PUNO,2018,FEMENINO,DE 30 A 59 AÑOS,153
PUNO,2018,FEMENINO,DE 60 A MÁS AÑOS,21
PUNO,2019,MASCULINO,DE 0 A 5 AÑOS,16
PUNO,2019,MASCULINO,DE 6 A 11 AÑOS,34
PUNO,2019,MASCULINO,DE 12 A 17 AÑOS,87
PUNO,2019,MASCULINO,DE 18 A 29 AÑOS,248
PUNO,2019,MASCULINO,DE 30 A 59 AÑOS,333
PUNO,2019,MASCULINO,DE 60 A MÁS AÑOS,34
PUNO,2019,FEMENINO,DE 0 A 5 AÑOS,12
PUNO,2019,FEMENINO,DE 6 A 11 AÑOS,38
PUNO,2019,FEMENINO,DE 12 A 17 AÑOS,54
PUNO,2019,FEMENINO,DE 18 A 29 AÑOS,169
PUNO,2019,FEMENINO,DE 30 A 59 AÑOS,140
PUNO,2019,FEMENINO,DE 60 A MÁS AÑOS,11
PUNO,2020,MASCULINO,DE 0 A 5 AÑOS,4
PUNO,2020,MASCULINO,DE 6 A 11 AÑOS,13
PUNO,2020,MASCULINO,DE 12 A 17 AÑOS,29
PUNO,2020,MASCULINO,DE 18 A 29 AÑOS,132
PUNO,2020,MASCULINO,DE 30 A 59 AÑOS,149
PUNO,2020,MASCULINO,DE 60 A MÁS AÑOS,12
PUNO,2020,FEMENINO,DE 0 A 5 AÑOS,1
PUNO,2020,FEMENINO,DE 6 A 11 AÑOS,3
PUNO,2020,FEMENINO,DE 12 A 17 AÑOS,22
PUNO,2020,FEMENINO,DE 18 A 29 AÑOS,39
PUNO,2020,FEMENINO,DE 30 A 59 AÑOS,61
PUNO,2020,FEMENINO,DE 60 A MÁS AÑOS,6
PUNO,2021,MASCULINO,DE 0 A 5 AÑOS,4
PUNO,2021,MASCULINO,DE 6 A 11 AÑOS,14
PUNO,2021,MASCULINO,DE 12 A 17 AÑOS,42
PUNO,2021,MASCULINO,DE 18 A 29 AÑOS,227
PUNO,2021,MASCULINO,DE 30 A 59 AÑOS,260
PUNO,2021,MASCULINO,DE 60 A MÁS AÑOS,27
PUNO,2021,FEMENINO,DE 0 A 5 AÑOS,6
PUNO,2021,FEMENINO,DE 6 A 11 AÑOS,12
PUNO,2021,FEMENINO,DE 12 A 17 AÑOS,25
PUNO,2021,FEMENINO,DE 18 A 29 AÑOS,85
PUNO,2021,FEMENINO,DE 30 A 59 AÑOS,99
PUNO,2021,FEMENINO,DE 60 A MÁS AÑOS,7
PUNO,2022,MASCULINO,DE 0 A 5 AÑOS,11
PUNO,2022,MASCULINO,DE 6 A 11 AÑOS,21
PUNO,2022,MASCULINO,DE 12 A 17 AÑOS,66
PUNO,2022,MASCULINO,DE 18 A 29 AÑOS,202
PUNO,2022,MASCULINO,DE 30 A 59 AÑOS,294
PUNO,2022,MASCULINO,DE 60 A MÁS AÑOS,63
PUNO,2022,FEMENINO,DE 0 A 5 AÑOS,10
PUNO,2022,FEMENINO,DE 6 A 11 AÑOS,15
PUNO,2022,FEMENINO,DE 12 A 17 AÑOS,42
PUNO,2022,FEMENINO,DE 18 A 29 AÑOS,94
PUNO,2022,FEMENINO,DE 30 A 59 AÑOS,111
PUNO,2022,FEMENINO,DE 60 A MÁS AÑOS,17
PUNO,2023,MASCULINO,DE 0 A 5 AÑOS,9
PUNO,2023,MASCULINO,DE 6 A 11 AÑOS,19
PUNO,2023,MASCULINO,DE 12 A 17 AÑOS,62
PUNO,2023,MASCULINO,DE 18 A 29 AÑOS,191
PUNO,2023,MASCULINO,DE 30 A 59 AÑOS,296
PUNO,2023,MASCULINO,DE 60 A MÁS AÑOS,19
PUNO,2023,FEMENINO,DE 0 A 5 AÑOS,14
PUNO,2023,FEMENINO,DE 6 A 11 AÑOS,11
PUNO,2023,FEMENINO,DE 12 A 17 AÑOS,19
PUNO,2023,FEMENINO,DE 18 A 29 AÑOS,98
PUNO,2023,FEMENINO,DE 30 A 59 AÑOS,105
PUNO,2023,FEMENINO,DE 60 A MÁS AÑOS,21
PUNO,2024,MASCULINO,DE 0 A 5 AÑOS,8
PUNO,2024,MASCULINO,DE 6 A 11 AÑOS,12
PUNO,2024,MASCULINO,DE 12 A 17 AÑOS,40
PUNO,2024,MASCULINO,DE 18 A 29 AÑOS,250
PUNO,2024,MASCULINO,DE 30 A 59 AÑOS,354
PUNO,2024,MASCULINO,DE 60 A MÁS AÑOS,32
PUNO,2024,FEMENINO,DE 0 A 5 AÑOS,11
PUNO,2024,FEMENINO,DE 6 A 11 AÑOS,9
PUNO,2024,FEMENINO,DE 12 A 17 AÑOS,34
PUNO,2024,FEMENINO,DE 18 A 29 AÑOS,79
PUNO,2024,FEMENINO,DE 30 A 59 AÑOS,142
PUNO,2024,FEMENINO,DE 60 A MÁS AÑOS,26
SAN MARTIN,2008,MASCULINO,MENOR DE 18 AÑOS,60
SAN MARTIN,2008,MASCULINO,MAYOR DE 18 AÑOS,389
SAN MARTIN,2008,FEMENINO,MENOR DE 18 AÑOS,26
SAN MARTIN,2008,FEMENINO,MAYOR DE 18 AÑOS,127
SAN MARTIN,2009,MASCULINO,MENOR DE 18 AÑOS,68
SAN MARTIN,2009,MASCULINO,MAYOR DE 18 AÑOS,327
SAN MARTIN,2009,FEMENINO,MENOR DE 18 AÑOS,36
SAN MARTIN,2009,FEMENINO,MAYOR DE 18 AÑOS,137
SAN MARTIN,2010,MASCULINO,DE 0 A 5 AÑOS,11
SAN MARTIN,2010,MASCULINO,DE 6 A 12 AÑOS,24
SAN MARTIN,2010,MASCULINO,DE 13 A 18 AÑOS,87
SAN MARTIN,2010,MASCULINO,DE 19 A 25 AÑOS,300
SAN MARTIN,2010,MASCULINO,DE 26 A 60 AÑOS,279
SAN MARTIN,2010,MASCULINO,DE 60 A MÁS AÑOS,24
SAN MARTIN,2010,FEMENINO,DE 0 A 5 AÑOS,8
SAN MARTIN,2010,FEMENINO,DE 6 A 12 AÑOS,13
SAN MARTIN,2010,FEMENINO,DE 13 A 18 AÑOS,44
SAN MARTIN,2010,FEMENINO,DE 19 A 25 AÑOS,97
SAN MARTIN,2010,FEMENINO,DE 26 A 60 AÑOS,82
SAN MARTIN,2010,FEMENINO,DE 60 A MÁS AÑOS,8
SAN MARTIN,2011,MASCULINO,DE 0 A 5 AÑOS,26
SAN MARTIN,2011,MASCULINO,DE 6 A 12 AÑOS,24
SAN MARTIN,2011,MASCULINO,DE 13 A 18 AÑOS,105
SAN MARTIN,2011,MASCULINO,DE 19 A 25 AÑOS,437
SAN MARTIN,2011,MASCULINO,DE 26 A 60 AÑOS,247
SAN MARTIN,2011,MASCULINO,DE 60 A MÁS AÑOS,27
SAN MARTIN,2011,FEMENINO,DE 0 A 5 AÑOS,3
SAN MARTIN,2011,FEMENINO,DE 6 A 12 AÑOS,13
SAN MARTIN,2011,FEMENINO,DE 13 A 18 AÑOS,52
SAN MARTIN,2011,FEMENINO,DE 19 A 25 AÑOS,135
SAN MARTIN,2011,FEMENINO,DE 26 A 60 AÑOS,98
SAN MARTIN,2011,FEMENINO,DE 60 A MÁS AÑOS,7
SAN MARTIN,2012,MASCULINO,DE 0 A 5 AÑOS,32
SAN MARTIN,2012,MASCULINO,DE 6 A 12 AÑOS,16
SAN MARTIN,2012,MASCULINO,DE 13 A 18 AÑOS,96
SAN MARTIN,2012,MASCULINO,DE 19 A 25 AÑOS,411
SAN MARTIN,2012,MASCULINO,DE 26 A 60 AÑOS,367
SAN MARTIN,2012,MASCULINO,DE 60 A MÁS AÑOS,22
SAN MARTIN,2012,FEMENINO,DE 0 A 5 AÑOS,11
SAN MARTIN,2012,FEMENINO,DE 6 A 12 AÑOS,22
SAN MARTIN,2012,FEMENINO,DE 13 A 18 AÑOS,55
SAN MARTIN,2012,FEMENINO,DE 19 A 25 AÑOS,134
SAN MARTIN,2012,FEMENINO,DE 26 A 60 AÑOS,101
SAN MARTIN,2012,FEMENINO,DE 60 A MÁS AÑOS,10
SAN MARTIN,2013,MASCULINO,DE 0 A 5 AÑOS,25
SAN MARTIN,2013,MASCULINO,DE 6 A 12 AÑOS,41
SAN MARTIN,2013,MASCULINO,DE 13 A 18 AÑOS,159
SAN MARTIN,2013,MASCULINO,DE 19 A 25 AÑOS,465
SAN MARTIN,2013,MASCULINO,DE 26 A 60 AÑOS,342
SAN MARTIN,2013,MASCULINO,DE 60 A MÁS AÑOS,45
SAN MARTIN,2013,FEMENINO,DE 0 A 5 AÑOS,6
SAN MARTIN,2013,FEMENINO,DE 6 A 12 AÑOS,36
SAN MARTIN,2013,FEMENINO,DE 13 A 18 AÑOS,77
SAN MARTIN,2013,FEMENINO,DE 19 A 25 AÑOS,219
SAN MARTIN,2013,FEMENINO,DE 26 A 60 AÑOS,76
SAN MARTIN,2013,FEMENINO,DE 60 A MÁS AÑOS,15
SAN MARTIN,2014,MASCULINO,DE 0 A 5 AÑOS,39
SAN MARTIN,2014,MASCULINO,DE 6 A 12 AÑOS,27
SAN MARTIN,2014,MASCULINO,DE 13 A 18 AÑOS,75
SAN MARTIN,2014,MASCULINO,DE 19 A 25 AÑOS,365
SAN MARTIN,2014,MASCULINO,DE 26 A 60 AÑOS,601
SAN MARTIN,2014,MASCULINO,DE 60 A MÁS AÑOS,39
SAN MARTIN,2014,FEMENINO,DE 0 A 5 AÑOS,27
SAN MARTIN,2014,FEMENINO,DE 6 A 12 AÑOS,11
SAN MARTIN,2014,FEMENINO,DE 13 A 18 AÑOS,39
SAN MARTIN,2014,FEMENINO,DE 19 A 25 AÑOS,139
SAN MARTIN,2014,FEMENINO,DE 26 A 60 AÑOS,161
SAN MARTIN,2014,FEMENINO,DE 60 A MÁS AÑOS,12
SAN MARTIN,2015,MASCULINO,DE 0 A 5 AÑOS,47
SAN MARTIN,2015,MASCULINO,DE 6 A 12 AÑOS,36
SAN MARTIN,2015,MASCULINO,DE 13 A 18 AÑOS,93
SAN MARTIN,2015,MASCULINO,DE 19 A 25 AÑOS,350
SAN MARTIN,2015,MASCULINO,DE 26 A 60 AÑOS,521
SAN MARTIN,2015,MASCULINO,DE 60 A MÁS AÑOS,26
SAN MARTIN,2015,FEMENINO,DE 0 A 5 AÑOS,12
SAN MARTIN,2015,FEMENINO,DE 6 A 12 AÑOS,21
SAN MARTIN,2015,FEMENINO,DE 13 A 18 AÑOS,56
SAN MARTIN,2015,FEMENINO,DE 19 A 25 AÑOS,106
SAN MARTIN,2015,FEMENINO,DE 26 A 60 AÑOS,117
SAN MARTIN,2015,FEMENINO,DE 60 A MÁS AÑOS,10
SAN MARTIN,2016,MASCULINO,DE 0 A 5 AÑOS,45
SAN MARTIN,2016,MASCULINO,DE 6 A 12 AÑOS,52
SAN MARTIN,2016,MASCULINO,DE 13 A 18 AÑOS,112
SAN MARTIN,2016,MASCULINO,DE 19 A 25 AÑOS,411
SAN MARTIN,2016,MASCULINO,DE 26 A 60 AÑOS,841
SAN MARTIN,2016,MASCULINO,DE 60 A MÁS AÑOS,91
SAN MARTIN,2016,FEMENINO,DE 0 A 5 AÑOS,18
SAN MARTIN,2016,FEMENINO,DE 6 A 12 AÑOS,38
SAN MARTIN,2016,FEMENINO,DE 13 A 18 AÑOS,79
SAN MARTIN,2016,FEMENINO,DE 19 A 25 AÑOS,132
SAN MARTIN,2016,FEMENINO,DE 26 A 60 AÑOS,241
SAN MARTIN,2016,FEMENINO,DE 60 A MÁS AÑOS,52
SAN MARTIN,2017,MASCULINO,DE 0 A 5 AÑOS,42
SAN MARTIN,2017,MASCULINO,DE 6 A 12 AÑOS,40
SAN MARTIN,2017,MASCULINO,DE 13 A 18 AÑOS,100
SAN MARTIN,2017,MASCULINO,DE 19 A 25 AÑOS,288
SAN MARTIN,2017,MASCULINO,DE 26 A 60 AÑOS,675
SAN MARTIN,2017,MASCULINO,DE 60 A MÁS AÑOS,131
SAN MARTIN,2017,FEMENINO,DE 0 A 5 AÑOS,24
SAN MARTIN,2017,FEMENINO,DE 6 A 12 AÑOS,22
SAN MARTIN,2017,FEMENINO,DE 13 A 18 AÑOS,74
SAN MARTIN,2017,FEMENINO,DE 19 A 25 AÑOS,116
SAN MARTIN,2017,FEMENINO,DE 26 A 60 AÑOS,254
SAN MARTIN,2017,FEMENINO,DE 60 A MÁS AÑOS,43
SAN MARTIN,2018,MASCULINO,DE 0 A 5 AÑOS,31
SAN MARTIN,2018,MASCULINO,DE 6 A 11 AÑOS,35
SAN MARTIN,2018,MASCULINO,DE 12 A 17 AÑOS,62
SAN MARTIN,2018,MASCULINO,DE 18 A 29 AÑOS,404
SAN MARTIN,2018,MASCULINO,DE 30 A 59 AÑOS,545
SAN MARTIN,2018,MASCULINO,DE 60 A MÁS AÑOS,102
SAN MARTIN,2018,FEMENINO,DE 0 A 5 AÑOS,16
SAN MARTIN,2018,FEMENINO,DE 6 A 11 AÑOS,19
SAN MARTIN,2018,FEMENINO,DE 12 A 17 AÑOS,34
SAN MARTIN,2018,FEMENINO,DE 18 A 29 AÑOS,170
SAN MARTIN,2018,FEMENINO,DE 30 A 59 AÑOS,172
SAN MARTIN,2018,FEMENINO,DE 60 A MÁS AÑOS,35
SAN MARTIN,2019,MASCULINO,DE 0 A 5 AÑOS,30
SAN MARTIN,2019,MASCULINO,DE 6 A 11 AÑOS,31
SAN MARTIN,2019,MASCULINO,DE 12 A 17 AÑOS,61
SAN MARTIN,2019,MASCULINO,DE 18 A 29 AÑOS,305
SAN MARTIN,2019,MASCULINO,DE 30 A 59 AÑOS,445
SAN MARTIN,2019,MASCULINO,DE 60 A MÁS AÑOS,100
SAN MARTIN,2019,FEMENINO,DE 0 A 5 AÑOS,21
SAN MARTIN,2019,FEMENINO,DE 6 A 11 AÑOS,25
SAN MARTIN,2019,FEMENINO,DE 12 A 17 AÑOS,37
SAN MARTIN,2019,FEMENINO,DE 18 A 29 AÑOS,136
SAN MARTIN,2019,FEMENINO,DE 30 A 59 AÑOS,175
SAN MARTIN,2019,FEMENINO,DE 60 A MÁS AÑOS,51
SAN MARTIN,2020,MASCULINO,DE 0 A 5 AÑOS,12
SAN MARTIN,2020,MASCULINO,DE 6 A 11 AÑOS,22
SAN MARTIN,2020,MASCULINO,DE 12 A 17 AÑOS,23
SAN MARTIN,2020,MASCULINO,DE 18 A 29 AÑOS,214
SAN MARTIN,2020,MASCULINO,DE 30 A 59 AÑOS,325
SAN MARTIN,2020,MASCULINO,DE 60 A MÁS AÑOS,64
SAN MARTIN,2020,FEMENINO,DE 0 A 5 AÑOS,17
SAN MARTIN,2020,FEMENINO,DE 6 A 11 AÑOS,7
SAN MARTIN,2020,FEMENINO,DE 12 A 17 AÑOS,15
SAN MARTIN,2020,FEMENINO,DE 18 A 29 AÑOS,105
SAN MARTIN,2020,FEMENINO,DE 30 A 59 AÑOS,115
SAN MARTIN,2020,FEMENINO,DE 60 A MÁS AÑOS,18
SAN MARTIN,2021,MASCULINO,DE 0 A 5 AÑOS,19
SAN MARTIN,2021,MASCULINO,DE 6 A 11 AÑOS,20
SAN MARTIN,2021,MASCULINO,DE 12 A 17 AÑOS,61
SAN MARTIN,2021,MASCULINO,DE 18 A 29 AÑOS,318
SAN MARTIN,2021,MASCULINO,DE 30 A 59 AÑOS,360
SAN MARTIN,2021,MASCULINO,DE 60 A MÁS AÑOS,67
SAN MARTIN,2021,FEMENINO,DE 0 A 5 AÑOS,14
SAN MARTIN,2021,FEMENINO,DE 6 A 11 AÑOS,24
SAN MARTIN,2021,FEMENINO,DE 12 A 17 AÑOS,17
SAN MARTIN,2021,FEMENINO,DE 18 A 29 AÑOS,163
SAN MARTIN,2021,FEMENINO,DE 30 A 59 AÑOS,156
SAN MARTIN,2021,FEMENINO,DE 60 A MÁS AÑOS,29
SAN MARTIN,2022,MASCULINO,DE 0 A 5 AÑOS,25
SAN MARTIN,2022,MASCULINO,DE 6 A 11 AÑOS,33
SAN MARTIN,2022,MASCULINO,DE 12 A 17 AÑOS,63
SAN MARTIN,2022,MASCULINO,DE 18 A 29 AÑOS,309
SAN MARTIN,2022,MASCULINO,DE 30 A 59 AÑOS,420
SAN MARTIN,2022,MASCULINO,DE 60 A MÁS AÑOS,99
SAN MARTIN,2022,FEMENINO,DE 0 A 5 AÑOS,16
SAN MARTIN,2022,FEMENINO,DE 6 A 11 AÑOS,11
SAN MARTIN,2022,FEMENINO,DE 12 A 17 AÑOS,41
SAN MARTIN,2022,FEMENINO,DE 18 A 29 AÑOS,145
SAN MARTIN,2022,FEMENINO,DE 30 A 59 AÑOS,195
SAN MARTIN,2022,FEMENINO,DE 60 A MÁS AÑOS,32
SAN MARTIN,2023,MASCULINO,DE 0 A 5 AÑOS,18
SAN MARTIN,2023,MASCULINO,DE 6 A 11 AÑOS,38
SAN MARTIN,2023,MASCULINO,DE 12 A 17 AÑOS,84
SAN MARTIN,2023,MASCULINO,DE 18 A 29 AÑOS,371
SAN MARTIN,2023,MASCULINO,DE 30 A 59 AÑOS,502
SAN MARTIN,2023,MASCULINO,DE 60 A MÁS AÑOS,86
SAN MARTIN,2023,FEMENINO,DE 0 A 5 AÑOS,12
SAN MARTIN,2023,FEMENINO,DE 6 A 11 AÑOS,25
SAN MARTIN,2023,FEMENINO,DE 12 A 17 AÑOS,58
SAN MARTIN,2023,FEMENINO,DE 18 A 29 AÑOS,177
SAN MARTIN,2023,FEMENINO,DE 30 A 59 AÑOS,173
SAN MARTIN,2023,FEMENINO,DE 60 A MÁS AÑOS,29
SAN MARTIN,2024,MASCULINO,DE 0 A 5 AÑOS,25
SAN MARTIN,2024,MASCULINO,DE 6 A 11 AÑOS,57
SAN MARTIN,2024,MASCULINO,DE 12 A 17 AÑOS,115
SAN MARTIN,2024,MASCULINO,DE 18 A 29 AÑOS,527
SAN MARTIN,2024,MASCULINO,DE 30 A 59 AÑOS,665
SAN MARTIN,2024,MASCULINO,DE 60 A MÁS AÑOS,137
SAN MARTIN,2024,FEMENINO,DE 0 A 5 AÑOS,12
SAN MARTIN,2024,FEMENINO,DE 6 A 11 AÑOS,31
SAN MARTIN,2024,FEMENINO,DE 12 A 17 AÑOS,83
SAN MARTIN,2024,FEMENINO,DE 18 A 29 AÑOS,212
SAN MARTIN,2024,FEMENINO,DE 30 A 59 AÑOS,233
SAN MARTIN,2024,FEMENINO,DE 60 A MÁS AÑOS,48
TACNA,2008,MASCULINO,MENOR DE 18 AÑOS,33
TACNA,2008,MASCULINO,MAYOR DE 18 AÑOS,74
TACNA,2008,FEMENINO,MENOR DE 18 AÑOS,18
TACNA,2008,FEMENINO,MAYOR DE 18 AÑOS,27
TACNA,2009,MASCULINO,MENOR DE 18 AÑOS,89
TACNA,2009,MASCULINO,MAYOR DE 18 AÑOS,285
TACNA,2009,FEMENINO,MENOR DE 18 AÑOS,54
TACNA,2009,FEMENINO,MAYOR DE 18 AÑOS,147
TACNA,2010,MASCULINO,DE 0 A 5 AÑOS,0
TACNA,2010,MASCULINO,DE 6 A 12 AÑOS,20
TACNA,2010,MASCULINO,DE 13 A 18 AÑOS,46
TACNA,2010,MASCULINO,DE 19 A 25 AÑOS,161
TACNA,2010,MASCULINO,DE 26 A 60 AÑOS,194
TACNA,2010,MASCULINO,DE 60 A MÁS AÑOS,11
TACNA,2010,FEMENINO,DE 0 A 5 AÑOS,2
TACNA,2010,FEMENINO,DE 6 A 12 AÑOS,6
TACNA,2010,FEMENINO,DE 13 A 18 AÑOS,14
TACNA,2010,FEMENINO,DE 19 A 25 AÑOS,81
TACNA,2010,FEMENINO,DE 26 A 60 AÑOS,101
TACNA,2010,FEMENINO,DE 60 A MÁS AÑOS,8
TACNA,2011,MASCULINO,DE 0 A 5 AÑOS,11
TACNA,2011,MASCULINO,DE 6 A 12 AÑOS,41
TACNA,2011,MASCULINO,DE 13 A 18 AÑOS,118
TACNA,2011,MASCULINO,DE 19 A 25 AÑOS,317
TACNA,2011,MASCULINO,DE 26 A 60 AÑOS,277
TACNA,2011,MASCULINO,DE 60 A MÁS AÑOS,17
TACNA,2011,FEMENINO,DE 0 A 5 AÑOS,7
TACNA,2011,FEMENINO,DE 6 A 12 AÑOS,16
TACNA,2011,FEMENINO,DE 13 A 18 AÑOS,46
TACNA,2011,FEMENINO,DE 19 A 25 AÑOS,115
TACNA,2011,FEMENINO,DE 26 A 60 AÑOS,95
TACNA,2011,FEMENINO,DE 60 A MÁS AÑOS,10
TACNA,2012,MASCULINO,DE 0 A 5 AÑOS,2
TACNA,2012,MASCULINO,DE 6 A 12 AÑOS,31
TACNA,2012,MASCULINO,DE 13 A 18 AÑOS,77
TACNA,2012,MASCULINO,DE 19 A 25 AÑOS,238
TACNA,2012,MASCULINO,DE 26 A 60 AÑOS,411
TACNA,2012,MASCULINO,DE 60 A MÁS AÑOS,30
TACNA,2012,FEMENINO,DE 0 A 5 AÑOS,16
TACNA,2012,FEMENINO,DE 6 A 12 AÑOS,15
TACNA,2012,FEMENINO,DE 13 A 18 AÑOS,37
TACNA,2012,FEMENINO,DE 19 A 25 AÑOS,134
TACNA,2012,FEMENINO,DE 26 A 60 AÑOS,125
TACNA,2012,FEMENINO,DE 60 A MÁS AÑOS,12
TACNA,2013,MASCULINO,DE 0 A 5 AÑOS,3
TACNA,2013,MASCULINO,DE 6 A 12 AÑOS,35
TACNA,2013,MASCULINO,DE 13 A 18 AÑOS,41
TACNA,2013,MASCULINO,DE 19 A 25 AÑOS,333
TACNA,2013,MASCULINO,DE 26 A 60 AÑOS,454
TACNA,2013,MASCULINO,DE 60 A MÁS AÑOS,19
TACNA,2013,FEMENINO,DE 0 A 5 AÑOS,9
TACNA,2013,FEMENINO,DE 6 A 12 AÑOS,27
TACNA,2013,FEMENINO,DE 13 A 18 AÑOS,23
TACNA,2013,FEMENINO,DE 19 A 25 AÑOS,116
TACNA,2013,FEMENINO,DE 26 A 60 AÑOS,139
TACNA,2013,FEMENINO,DE 60 A MÁS AÑOS,11
TACNA,2014,MASCULINO,DE 0 A 5 AÑOS,5
TACNA,2014,MASCULINO,DE 6 A 12 AÑOS,17
TACNA,2014,MASCULINO,DE 13 A 18 AÑOS,50
TACNA,2014,MASCULINO,DE 19 A 25 AÑOS,426
TACNA,2014,MASCULINO,DE 26 A 60 AÑOS,470
TACNA,2014,MASCULINO,DE 60 A MÁS AÑOS,32
TACNA,2014,FEMENINO,DE 0 A 5 AÑOS,6
TACNA,2014,FEMENINO,DE 6 A 12 AÑOS,9
TACNA,2014,FEMENINO,DE 13 A 18 AÑOS,34
TACNA,2014,FEMENINO,DE 19 A 25 AÑOS,192
TACNA,2014,FEMENINO,DE 26 A 60 AÑOS,129
TACNA,2014,FEMENINO,DE 60 A MÁS AÑOS,18
TACNA,2015,MASCULINO,DE 0 A 5 AÑOS,0
TACNA,2015,MASCULINO,DE 6 A 12 AÑOS,11
TACNA,2015,MASCULINO,DE 13 A 18 AÑOS,57
TACNA,2015,MASCULINO,DE 19 A 25 AÑOS,392
TACNA,2015,MASCULINO,DE 26 A 60 AÑOS,352
TACNA,2015,MASCULINO,DE 60 A MÁS AÑOS,57
TACNA,2015,FEMENINO,DE 0 A 5 AÑOS,4
TACNA,2015,FEMENINO,DE 6 A 12 AÑOS,7
TACNA,2015,FEMENINO,DE 13 A 18 AÑOS,26
TACNA,2015,FEMENINO,DE 19 A 25 AÑOS,74
TACNA,2015,FEMENINO,DE 26 A 60 AÑOS,117
TACNA,2015,FEMENINO,DE 60 A MÁS AÑOS,5
TACNA,2016,MASCULINO,DE 0 A 5 AÑOS,7
TACNA,2016,MASCULINO,DE 6 A 12 AÑOS,15
TACNA,2016,MASCULINO,DE 13 A 18 AÑOS,12
TACNA,2016,MASCULINO,DE 19 A 25 AÑOS,60
TACNA,2016,MASCULINO,DE 26 A 60 AÑOS,152
TACNA,2016,MASCULINO,DE 60 A MÁS AÑOS,33
TACNA,2016,FEMENINO,DE 0 A 5 AÑOS,5
TACNA,2016,FEMENINO,DE 6 A 12 AÑOS,13
TACNA,2016,FEMENINO,DE 13 A 18 AÑOS,5
TACNA,2016,FEMENINO,DE 19 A 25 AÑOS,31
TACNA,2016,FEMENINO,DE 26 A 60 AÑOS,50
TACNA,2016,FEMENINO,DE 60 A MÁS AÑOS,5
TACNA,2017,MASCULINO,DE 0 A 5 AÑOS,11
TACNA,2017,MASCULINO,DE 6 A 12 AÑOS,22
TACNA,2017,MASCULINO,DE 13 A 18 AÑOS,14
TACNA,2017,MASCULINO,DE 19 A 25 AÑOS,103
TACNA,2017,MASCULINO,DE 26 A 60 AÑOS,117
TACNA,2017,MASCULINO,DE 60 A MÁS AÑOS,2
TACNA,2017,FEMENINO,DE 0 A 5 AÑOS,8
TACNA,2017,FEMENINO,DE 6 A 12 AÑOS,8
TACNA,2017,FEMENINO,DE 13 A 18 AÑOS,10
TACNA,2017,FEMENINO,DE 19 A 25 AÑOS,28
TACNA,2017,FEMENINO,DE 26 A 60 AÑOS,52
TACNA,2017,FEMENINO,DE 60 A MÁS AÑOS,2
TACNA,2018,MASCULINO,DE 0 A 5 AÑOS,9
TACNA,2018,MASCULINO,DE 6 A 11 AÑOS,12
TACNA,2018,MASCULINO,DE 12 A 17 AÑOS,11
TACNA,2018,MASCULINO,DE 18 A 29 AÑOS,130
TACNA,2018,MASCULINO,DE 30 A 59 AÑOS,142
TACNA,2018,MASCULINO,DE 60 A MÁS AÑOS,13
TACNA,2018,FEMENINO,DE 0 A 5 AÑOS,9
TACNA,2018,FEMENINO,DE 6 A 11 AÑOS,3
TACNA,2018,FEMENINO,DE 12 A 17 AÑOS,17
TACNA,2018,FEMENINO,DE 18 A 29 AÑOS,57
TACNA,2018,FEMENINO,DE 30 A 59 AÑOS,84
TACNA,2018,FEMENINO,DE 60 A MÁS AÑOS,15
TACNA,2019,MASCULINO,DE 0 A 5 AÑOS,6
TACNA,2019,MASCULINO,DE 6 A 11 AÑOS,12
TACNA,2019,MASCULINO,DE 12 A 17 AÑOS,14
TACNA,2019,MASCULINO,DE 18 A 29 AÑOS,173
TACNA,2019,MASCULINO,DE 30 A 59 AÑOS,208
TACNA,2019,MASCULINO,DE 60 A MÁS AÑOS,16
TACNA,2019,FEMENINO,DE 0 A 5 AÑOS,9
TACNA,2019,FEMENINO,DE 6 A 11 AÑOS,9
TACNA,2019,FEMENINO,DE 12 A 17 AÑOS,1
TACNA,2019,FEMENINO,DE 18 A 29 AÑOS,85
TACNA,2019,FEMENINO,DE 30 A 59 AÑOS,104
TACNA,2019,FEMENINO,DE 60 A MÁS AÑOS,7
TACNA,2020,MASCULINO,DE 0 A 5 AÑOS,3
TACNA,2020,MASCULINO,DE 6 A 11 AÑOS,7
TACNA,2020,MASCULINO,DE 12 A 17 AÑOS,9
TACNA,2020,MASCULINO,DE 18 A 29 AÑOS,112
TACNA,2020,MASCULINO,DE 30 A 59 AÑOS,134
TACNA,2020,MASCULINO,DE 60 A MÁS AÑOS,3
TACNA,2020,FEMENINO,DE 0 A 5 AÑOS,1
TACNA,2020,FEMENINO,DE 6 A 11 AÑOS,5
TACNA,2020,FEMENINO,DE 12 A 17 AÑOS,6
TACNA,2020,FEMENINO,DE 18 A 29 AÑOS,42
TACNA,2020,FEMENINO,DE 30 A 59 AÑOS,67
TACNA,2020,FEMENINO,DE 60 A MÁS AÑOS,4
TACNA,2021,MASCULINO,DE 0 A 5 AÑOS,4
TACNA,2021,MASCULINO,DE 6 A 11 AÑOS,5
TACNA,2021,MASCULINO,DE 12 A 17 AÑOS,9
TACNA,2021,MASCULINO,DE 18 A 29 AÑOS,81
TACNA,2021,MASCULINO,DE 30 A 59 AÑOS,182
TACNA,2021,MASCULINO,DE 60 A MÁS AÑOS,13
TACNA,2021,FEMENINO,DE 0 A 5 AÑOS,3
TACNA,2021,FEMENINO,DE 6 A 11 AÑOS,2
TACNA,2021,FEMENINO,DE 12 A 17 AÑOS,9
TACNA,2021,FEMENINO,DE 18 A 29 AÑOS,42
TACNA,2021,FEMENINO,DE 30 A 59 AÑOS,77
TACNA,2021,FEMENINO,DE 60 A MÁS AÑOS,10
TACNA,2022,MASCULINO,DE 0 A 5 AÑOS,4
TACNA,2022,MASCULINO,DE 6 A 11 AÑOS,4
TACNA,2022,MASCULINO,DE 12 A 17 AÑOS,20
TACNA,2022,MASCULINO,DE 18 A 29 AÑOS,139
TACNA,2022,MASCULINO,DE 30 A 59 AÑOS,209
TACNA,2022,MASCULINO,DE 60 A MÁS AÑOS,22
TACNA,2022,FEMENINO,DE 0 A 5 AÑOS,5
TACNA,2022,FEMENINO,DE 6 A 11 AÑOS,4
TACNA,2022,FEMENINO,DE 12 A 17 AÑOS,20
TACNA,2022,FEMENINO,DE 18 A 29 AÑOS,62
TACNA,2022,FEMENINO,DE 30 A 59 AÑOS,90
TACNA,2022,FEMENINO,DE 60 A MÁS AÑOS,18
TACNA,2023,MASCULINO,DE 0 A 5 AÑOS,5
TACNA,2023,MASCULINO,DE 6 A 11 AÑOS,12
TACNA,2023,MASCULINO,DE 12 A 17 AÑOS,17
TACNA,2023,MASCULINO,DE 18 A 29 AÑOS,161
TACNA,2023,MASCULINO,DE 30 A 59 AÑOS,259
TACNA,2023,MASCULINO,DE 60 A MÁS AÑOS,24
TACNA,2023,FEMENINO,DE 0 A 5 AÑOS,4
TACNA,2023,FEMENINO,DE 6 A 11 AÑOS,15
TACNA,2023,FEMENINO,DE 12 A 17 AÑOS,9
TACNA,2023,FEMENINO,DE 18 A 29 AÑOS,62
TACNA,2023,FEMENINO,DE 30 A 59 AÑOS,88
TACNA,2023,FEMENINO,DE 60 A MÁS AÑOS,10
TACNA,2024,MASCULINO,DE 0 A 5 AÑOS,8
TACNA,2024,MASCULINO,DE 6 A 11 AÑOS,13
TACNA,2024,MASCULINO,DE 12 A 17 AÑOS,9
TACNA,2024,MASCULINO,DE 18 A 29 AÑOS,131
TACNA,2024,MASCULINO,DE 30 A 59 AÑOS,254
TACNA,2024,MASCULINO,DE 60 A MÁS AÑOS,31
TACNA,2024,FEMENINO,DE 0 A 5 AÑOS,10
TACNA,2024,FEMENINO,DE 6 A 11 AÑOS,12
TACNA,2024,FEMENINO,DE 12 A 17 AÑOS,26
TACNA,2024,FEMENINO,DE 18 A 29 AÑOS,69
TACNA,2024,FEMENINO,DE 30 A 59 AÑOS,99
TACNA,2024,FEMENINO,DE 60 A MÁS AÑOS,12
TUMBES,2008,MASCULINO,MENOR DE 18 AÑOS,31
TUMBES,2008,MASCULINO,MAYOR DE 18 AÑOS,184
TUMBES,2008,FEMENINO,MENOR DE 18 AÑOS,15
TUMBES,2008,FEMENINO,MAYOR DE 18 AÑOS,36
TUMBES,2009,MASCULINO,MENOR DE 18 AÑOS,26
TUMBES,2009,MASCULINO,MAYOR DE 18 AÑOS,201
TUMBES,2009,FEMENINO,MENOR DE 18 AÑOS,13
TUMBES,2009,FEMENINO,MAYOR DE 18 AÑOS,27
TUMBES,2010,MASCULINO,DE 0 A 5 AÑOS,8
TUMBES,2010,MASCULINO,DE 6 A 12 AÑOS,15
TUMBES,2010,MASCULINO,DE 13 A 18 AÑOS,17
TUMBES,2010,MASCULINO,DE 19 A 25 AÑOS,109
TUMBES,2010,MASCULINO,DE 26 A 60 AÑOS,82
TUMBES,2010,MASCULINO,DE 60 A MÁS AÑOS,3
TUMBES,2010,FEMENINO,DE 0 A 5 AÑOS,2
TUMBES,2010,FEMENINO,DE 6 A 12 AÑOS,6
TUMBES,2010,FEMENINO,DE 13 A 18 AÑOS,3
TUMBES,2010,FEMENINO,DE 19 A 25 AÑOS,15
TUMBES,2010,FEMENINO,DE 26 A 60 AÑOS,13
TUMBES,2010,FEMENINO,DE 60 A MÁS AÑOS,0
TUMBES,2011,MASCULINO,DE 0 A 5 AÑOS,10
TUMBES,2011,MASCULINO,DE 6 A 12 AÑOS,11
TUMBES,2011,MASCULINO,DE 13 A 18 AÑOS,34
TUMBES,2011,MASCULINO,DE 19 A 25 AÑOS,94
TUMBES,2011,MASCULINO,DE 26 A 60 AÑOS,57
TUMBES,2011,MASCULINO,DE 60 A MÁS AÑOS,5
TUMBES,2011,FEMENINO,DE 0 A 5 AÑOS,14
TUMBES,2011,FEMENINO,DE 6 A 12 AÑOS,11
TUMBES,2011,FEMENINO,DE 13 A 18 AÑOS,3
TUMBES,2011,FEMENINO,DE 19 A 25 AÑOS,12
TUMBES,2011,FEMENINO,DE 26 A 60 AÑOS,27
TUMBES,2011,FEMENINO,DE 60 A MÁS AÑOS,2
TUMBES,2012,MASCULINO,DE 0 A 5 AÑOS,28
TUMBES,2012,MASCULINO,DE 6 A 12 AÑOS,8
TUMBES,2012,MASCULINO,DE 13 A 18 AÑOS,33
TUMBES,2012,MASCULINO,DE 19 A 25 AÑOS,134
TUMBES,2012,MASCULINO,DE 26 A 60 AÑOS,94
TUMBES,2012,MASCULINO,DE 60 A MÁS AÑOS,10
TUMBES,2012,FEMENINO,DE 0 A 5 AÑOS,1
TUMBES,2012,FEMENINO,DE 6 A 12 AÑOS,11
TUMBES,2012,FEMENINO,DE 13 A 18 AÑOS,10
TUMBES,2012,FEMENINO,DE 19 A 25 AÑOS,39
TUMBES,2012,FEMENINO,DE 26 A 60 AÑOS,38
TUMBES,2012,FEMENINO,DE 60 A MÁS AÑOS,5
TUMBES,2013,MASCULINO,DE 0 A 5 AÑOS,8
TUMBES,2013,MASCULINO,DE 6 A 12 AÑOS,17
TUMBES,2013,MASCULINO,DE 13 A 18 AÑOS,23
TUMBES,2013,MASCULINO,DE 19 A 25 AÑOS,100
TUMBES,2013,MASCULINO,DE 26 A 60 AÑOS,99
TUMBES,2013,MASCULINO,DE 60 A MÁS AÑOS,19
TUMBES,2013,FEMENINO,DE 0 A 5 AÑOS,10
TUMBES,2013,FEMENINO,DE 6 A 12 AÑOS,8
TUMBES,2013,FEMENINO,DE 13 A 18 AÑOS,8
TUMBES,2013,FEMENINO,DE 19 A 25 AÑOS,16
TUMBES,2013,FEMENINO,DE 26 A 60 AÑOS,36
TUMBES,2013,FEMENINO,DE 60 A MÁS AÑOS,4
TUMBES,2014,MASCULINO,DE 0 A 5 AÑOS,21
TUMBES,2014,MASCULINO,DE 6 A 12 AÑOS,15
TUMBES,2014,MASCULINO,DE 13 A 18 AÑOS,34
TUMBES,2014,MASCULINO,DE 19 A 25 AÑOS,94
TUMBES,2014,MASCULINO,DE 26 A 60 AÑOS,133
TUMBES,2014,MASCULINO,DE 60 A MÁS AÑOS,10
TUMBES,2014,FEMENINO,DE 0 A 5 AÑOS,7
TUMBES,2014,FEMENINO,DE 6 A 12 AÑOS,8
TUMBES,2014,FEMENINO,DE 13 A 18 AÑOS,8
TUMBES,2014,FEMENINO,DE 19 A 25 AÑOS,15
TUMBES,2014,FEMENINO,DE 26 A 60 AÑOS,34
TUMBES,2014,FEMENINO,DE 60 A MÁS AÑOS,4
TUMBES,2015,MASCULINO,DE 0 A 5 AÑOS,13
TUMBES,2015,MASCULINO,DE 6 A 12 AÑOS,14
TUMBES,2015,MASCULINO,DE 13 A 18 AÑOS,19
TUMBES,2015,MASCULINO,DE 19 A 25 AÑOS,67
TUMBES,2015,MASCULINO,DE 26 A 60 AÑOS,194
TUMBES,2015,MASCULINO,DE 60 A MÁS AÑOS,13
TUMBES,2015,FEMENINO,DE 0 A 5 AÑOS,6
TUMBES,2015,FEMENINO,DE 6 A 12 AÑOS,5
TUMBES,2015,FEMENINO,DE 13 A 18 AÑOS,6
TUMBES,2015,FEMENINO,DE 19 A 25 AÑOS,27
TUMBES,2015,FEMENINO,DE 26 A 60 AÑOS,35
TUMBES,2015,FEMENINO,DE 60 A MÁS AÑOS,0
TUMBES,2016,MASCULINO,DE 0 A 5 AÑOS,13
TUMBES,2016,MASCULINO,DE 6 A 12 AÑOS,13
TUMBES,2016,MASCULINO,DE 13 A 18 AÑOS,22
TUMBES,2016,MASCULINO,DE 19 A 25 AÑOS,98
TUMBES,2016,MASCULINO,DE 26 A 60 AÑOS,179
TUMBES,2016,MASCULINO,DE 60 A MÁS AÑOS,13
TUMBES,2016,FEMENINO,DE 0 A 5 AÑOS,5
TUMBES,2016,FEMENINO,DE 6 A 12 AÑOS,15
TUMBES,2016,FEMENINO,DE 13 A 18 AÑOS,8
TUMBES,2016,FEMENINO,DE 19 A 25 AÑOS,37
TUMBES,2016,FEMENINO,DE 26 A 60 AÑOS,52
TUMBES,2016,FEMENINO,DE 60 A MÁS AÑOS,3
TUMBES,2017,MASCULINO,DE 0 A 5 AÑOS,19
TUMBES,2017,MASCULINO,DE 6 A 12 AÑOS,16
TUMBES,2017,MASCULINO,DE 13 A 18 AÑOS,15
TUMBES,2017,MASCULINO,DE 19 A 25 AÑOS,71
TUMBES,2017,MASCULINO,DE 26 A 60 AÑOS,197
TUMBES,2017,MASCULINO,DE 60 A MÁS AÑOS,17
TUMBES,2017,FEMENINO,DE 0 A 5 AÑOS,6
TUMBES,2017,FEMENINO,DE 6 A 12 AÑOS,17
TUMBES,2017,FEMENINO,DE 13 A 18 AÑOS,14
TUMBES,2017,FEMENINO,DE 19 A 25 AÑOS,16
TUMBES,2017,FEMENINO,DE 26 A 60 AÑOS,66
TUMBES,2017,FEMENINO,DE 60 A MÁS AÑOS,4
TUMBES,2018,MASCULINO,DE 0 A 5 AÑOS,15
TUMBES,2018,MASCULINO,DE 6 A 11 AÑOS,13
TUMBES,2018,MASCULINO,DE 12 A 17 AÑOS,15
TUMBES,2018,MASCULINO,DE 18 A 29 AÑOS,157
TUMBES,2018,MASCULINO,DE 30 A 59 AÑOS,160
TUMBES,2018,MASCULINO,DE 60 A MÁS AÑOS,21
TUMBES,2018,FEMENINO,DE 0 A 5 AÑOS,7
TUMBES,2018,FEMENINO,DE 6 A 11 AÑOS,12
TUMBES,2018,FEMENINO,DE 12 A 17 AÑOS,14
TUMBES,2018,FEMENINO,DE 18 A 29 AÑOS,44
TUMBES,2018,FEMENINO,DE 30 A 59 AÑOS,53
TUMBES,2018,FEMENINO,DE 60 A MÁS AÑOS,9
TUMBES,2019,MASCULINO,DE 0 A 5 AÑOS,12
TUMBES,2019,MASCULINO,DE 6 A 11 AÑOS,22
TUMBES,2019,MASCULINO,DE 12 A 17 AÑOS,8
TUMBES,2019,MASCULINO,DE 18 A 29 AÑOS,133
TUMBES,2019,MASCULINO,DE 30 A 59 AÑOS,134
TUMBES,2019,MASCULINO,DE 60 A MÁS AÑOS,12
TUMBES,2019,FEMENINO,DE 0 A 5 AÑOS,5
TUMBES,2019,FEMENINO,DE 6 A 11 AÑOS,8
TUMBES,2019,FEMENINO,DE 12 A 17 AÑOS,7
TUMBES,2019,FEMENINO,DE 18 A 29 AÑOS,35
TUMBES,2019,FEMENINO,DE 30 A 59 AÑOS,55
TUMBES,2019,FEMENINO,DE 60 A MÁS AÑOS,14
TUMBES,2020,MASCULINO,DE 0 A 5 AÑOS,3
TUMBES,2020,MASCULINO,DE 6 A 11 AÑOS,11
TUMBES,2020,MASCULINO,DE 12 A 17 AÑOS,7
TUMBES,2020,MASCULINO,DE 18 A 29 AÑOS,69
TUMBES,2020,MASCULINO,DE 30 A 59 AÑOS,73
TUMBES,2020,MASCULINO,DE 60 A MÁS AÑOS,15
TUMBES,2020,FEMENINO,DE 0 A 5 AÑOS,4
TUMBES,2020,FEMENINO,DE 6 A 11 AÑOS,7
TUMBES,2020,FEMENINO,DE 12 A 17 AÑOS,5
TUMBES,2020,FEMENINO,DE 18 A 29 AÑOS,24
TUMBES,2020,FEMENINO,DE 30 A 59 AÑOS,26
TUMBES,2020,FEMENINO,DE 60 A MÁS AÑOS,2
TUMBES,2021,MASCULINO,DE 0 A 5 AÑOS,5
TUMBES,2021,MASCULINO,DE 6 A 11 AÑOS,6
TUMBES,2021,MASCULINO,DE 12 A 17 AÑOS,20
TUMBES,2021,MASCULINO,DE 18 A 29 AÑOS,131
TUMBES,2021,MASCULINO,DE 30 A 59 AÑOS,133
TUMBES,2021,MASCULINO,DE 60 A MÁS AÑOS,17
TUMBES,2021,FEMENINO,DE 0 A 5 AÑOS,9
TUMBES,2021,FEMENINO,DE 6 A 11 AÑOS,2
TUMBES,2021,FEMENINO,DE 12 A 17 AÑOS,4
TUMBES,2021,FEMENINO,DE 18 A 29 AÑOS,53
TUMBES,2021,FEMENINO,DE 30 A 59 AÑOS,35
TUMBES,2021,FEMENINO,DE 60 A MÁS AÑOS,5
TUMBES,2022,MASCULINO,DE 0 A 5 AÑOS,5
TUMBES,2022,MASCULINO,DE 6 A 11 AÑOS,2
TUMBES,2022,MASCULINO,DE 12 A 17 AÑOS,12
TUMBES,2022,MASCULINO,DE 18 A 29 AÑOS,113
TUMBES,2022,MASCULINO,DE 30 A 59 AÑOS,112
TUMBES,2022,MASCULINO,DE 60 A MÁS AÑOS,24
TUMBES,2022,FEMENINO,DE 0 A 5 AÑOS,8
TUMBES,2022,FEMENINO,DE 6 A 11 AÑOS,12
TUMBES,2022,FEMENINO,DE 12 A 17 AÑOS,7
TUMBES,2022,FEMENINO,DE 18 A 29 AÑOS,48
TUMBES,2022,FEMENINO,DE 30 A 59 AÑOS,37
TUMBES,2022,FEMENINO,DE 60 A MÁS AÑOS,3
TUMBES,2023,MASCULINO,DE 0 A 5 AÑOS,5
TUMBES,2023,MASCULINO,DE 6 A 11 AÑOS,2
TUMBES,2023,MASCULINO,DE 12 A 17 AÑOS,9
TUMBES,2023,MASCULINO,DE 18 A 29 AÑOS,63
TUMBES,2023,MASCULINO,DE 30 A 59 AÑOS,89
TUMBES,2023,MASCULINO,DE 60 A MÁS AÑOS,18
TUMBES,2023,FEMENINO,DE 0 A 5 AÑOS,7
TUMBES,2023,FEMENINO,DE 6 A 11 AÑOS,4
TUMBES,2023,FEMENINO,DE 12 A 17 AÑOS,6
TUMBES,2023,FEMENINO,DE 18 A 29 AÑOS,27
TUMBES,2023,FEMENINO,DE 30 A 59 AÑOS,45
TUMBES,2023,FEMENINO,DE 60 A MÁS AÑOS,6
TUMBES,2024,MASCULINO,DE 0 A 5 AÑOS,4
TUMBES,2024,MASCULINO,DE 6 A 11 AÑOS,5
TUMBES,2024,MASCULINO,DE 12 A 17 AÑOS,9
TUMBES,2024,MASCULINO,DE 18 A 29 AÑOS,56
TUMBES,2024,MASCULINO,DE 30 A 59 AÑOS,96
TUMBES,2024,MASCULINO,DE 60 A MÁS AÑOS,14
TUMBES,2024,FEMENINO,DE 0 A 5 AÑOS,4
TUMBES,2024,FEMENINO,DE 6 A 11 AÑOS,7
TUMBES,2024,FEMENINO,DE 12 A 17 AÑOS,7
TUMBES,2024,FEMENINO,DE 18 A 29 AÑOS,22
TUMBES,2024,FEMENINO,DE 30 A 59 AÑOS,33
TUMBES,2024,FEMENINO,DE 60 A MÁS AÑOS,4
UCAYALI,2008,MASCULINO,MENOR DE 18 AÑOS,265
UCAYALI,2008,MASCULINO,MAYOR DE 18 AÑOS,283
UCAYALI,2008,FEMENINO,MENOR DE 18 AÑOS,187
UCAYALI,2008,FEMENINO,MAYOR DE 18 AÑOS,161
UCAYALI,2009,MASCULINO,MENOR DE 18 AÑOS,237
UCAYALI,2009,MASCULINO,MAYOR DE 18 AÑOS,374
UCAYALI,2009,FEMENINO,MENOR DE 18 AÑOS,164
UCAYALI,2009,FEMENINO,MAYOR DE 18 AÑOS,179
UCAYALI,2010,MASCULINO,DE 0 A 5 AÑOS,40
UCAYALI,2010,MASCULINO,DE 6 A 12 AÑOS,33
UCAYALI,2010,MASCULINO,DE 13 A 18 AÑOS,198
UCAYALI,2010,MASCULINO,DE 19 A 25 AÑOS,326
UCAYALI,2010,MASCULINO,DE 26 A 60 AÑOS,41
UCAYALI,2010,MASCULINO,DE 60 A MÁS AÑOS,12
UCAYALI,2010,FEMENINO,DE 0 A 5 AÑOS,0
UCAYALI,2010,FEMENINO,DE 6 A 12 AÑOS,8
UCAYALI,2010,FEMENINO,DE 13 A 18 AÑOS,88
UCAYALI,2010,FEMENINO,DE 19 A 25 AÑOS,183
UCAYALI,2010,FEMENINO,DE 26 A 60 AÑOS,16
UCAYALI,2010,FEMENINO,DE 60 A MÁS AÑOS,5
UCAYALI,2011,MASCULINO,DE 0 A 5 AÑOS,21
UCAYALI,2011,MASCULINO,DE 6 A 12 AÑOS,104
UCAYALI,2011,MASCULINO,DE 13 A 18 AÑOS,95
UCAYALI,2011,MASCULINO,DE 19 A 25 AÑOS,237
UCAYALI,2011,MASCULINO,DE 26 A 60 AÑOS,72
UCAYALI,2011,MASCULINO,DE 60 A MÁS AÑOS,3
UCAYALI,2011,FEMENINO,DE 0 A 5 AÑOS,0
UCAYALI,2011,FEMENINO,DE 6 A 12 AÑOS,28
UCAYALI,2011,FEMENINO,DE 13 A 18 AÑOS,62
UCAYALI,2011,FEMENINO,DE 19 A 25 AÑOS,138
UCAYALI,2011,FEMENINO,DE 26 A 60 AÑOS,26
UCAYALI,2011,FEMENINO,DE 60 A MÁS AÑOS,0
UCAYALI,2012,MASCULINO,DE 0 A 5 AÑOS,12
UCAYALI,2012,MASCULINO,DE 6 A 12 AÑOS,34
UCAYALI,2012,MASCULINO,DE 13 A 18 AÑOS,151
UCAYALI,2012,MASCULINO,DE 19 A 25 AÑOS,253
UCAYALI,2012,MASCULINO,DE 26 A 60 AÑOS,163
UCAYALI,2012,MASCULINO,DE 60 A MÁS AÑOS,25
UCAYALI,2012,FEMENINO,DE 0 A 5 AÑOS,18
UCAYALI,2012,FEMENINO,DE 6 A 12 AÑOS,14
UCAYALI,2012,FEMENINO,DE 13 A 18 AÑOS,38
UCAYALI,2012,FEMENINO,DE 19 A 25 AÑOS,81
UCAYALI,2012,FEMENINO,DE 26 A 60 AÑOS,52
UCAYALI,2012,FEMENINO,DE 60 A MÁS AÑOS,6
UCAYALI,2013,MASCULINO,DE 0 A 5 AÑOS,27
UCAYALI,2013,MASCULINO,DE 6 A 12 AÑOS,40
UCAYALI,2013,MASCULINO,DE 13 A 18 AÑOS,124
UCAYALI,2013,MASCULINO,DE 19 A 25 AÑOS,275
UCAYALI,2013,MASCULINO,DE 26 A 60 AÑOS,160
UCAYALI,2013,MASCULINO,DE 60 A MÁS AÑOS,23
UCAYALI,2013,FEMENINO,DE 0 A 5 AÑOS,7
UCAYALI,2013,FEMENINO,DE 6 A 12 AÑOS,32
UCAYALI,2013,FEMENINO,DE 13 A 18 AÑOS,48
UCAYALI,2013,FEMENINO,DE 19 A 25 AÑOS,68
UCAYALI,2013,FEMENINO,DE 26 A 60 AÑOS,55
UCAYALI,2013,FEMENINO,DE 60 A MÁS AÑOS,6
UCAYALI,2014,MASCULINO,DE 0 A 5 AÑOS,54
UCAYALI,2014,MASCULINO,DE 6 A 12 AÑOS,41
UCAYALI,2014,MASCULINO,DE 13 A 18 AÑOS,51
UCAYALI,2014,MASCULINO,DE 19 A 25 AÑOS,175
UCAYALI,2014,MASCULINO,DE 26 A 60 AÑOS,182
UCAYALI,2014,MASCULINO,DE 60 A MÁS AÑOS,37
UCAYALI,2014,FEMENINO,DE 0 A 5 AÑOS,21
UCAYALI,2014,FEMENINO,DE 6 A 12 AÑOS,12
UCAYALI,2014,FEMENINO,DE 13 A 18 AÑOS,46
UCAYALI,2014,FEMENINO,DE 19 A 25 AÑOS,74
UCAYALI,2014,FEMENINO,DE 26 A 60 AÑOS,51
UCAYALI,2014,FEMENINO,DE 60 A MÁS AÑOS,10
UCAYALI,2015,MASCULINO,DE 0 A 5 AÑOS,52
UCAYALI,2015,MASCULINO,DE 6 A 12 AÑOS,56
UCAYALI,2015,MASCULINO,DE 13 A 18 AÑOS,60
UCAYALI,2015,MASCULINO,DE 19 A 25 AÑOS,104
UCAYALI,2015,MASCULINO,DE 26 A 60 AÑOS,150
UCAYALI,2015,MASCULINO,DE 60 A MÁS AÑOS,26
UCAYALI,2015,FEMENINO,DE 0 A 5 AÑOS,5
UCAYALI,2015,FEMENINO,DE 6 A 12 AÑOS,15
UCAYALI,2015,FEMENINO,DE 13 A 18 AÑOS,26
UCAYALI,2015,FEMENINO,DE 19 A 25 AÑOS,17
UCAYALI,2015,FEMENINO,DE 26 A 60 AÑOS,39
UCAYALI,2015,FEMENINO,DE 60 A MÁS AÑOS,12
UCAYALI,2016,MASCULINO,DE 0 A 5 AÑOS,14
UCAYALI,2016,MASCULINO,DE 6 A 12 AÑOS,13
UCAYALI,2016,MASCULINO,DE 13 A 18 AÑOS,44
UCAYALI,2016,MASCULINO,DE 19 A 25 AÑOS,57
UCAYALI,2016,MASCULINO,DE 26 A 60 AÑOS,126
UCAYALI,2016,MASCULINO,DE 60 A MÁS AÑOS,18
UCAYALI,2016,FEMENINO,DE 0 A 5 AÑOS,7
UCAYALI,2016,FEMENINO,DE 6 A 12 AÑOS,12
UCAYALI,2016,FEMENINO,DE 13 A 18 AÑOS,9
UCAYALI,2016,FEMENINO,DE 19 A 25 AÑOS,20
UCAYALI,2016,FEMENINO,DE 26 A 60 AÑOS,47
UCAYALI,2016,FEMENINO,DE 60 A MÁS AÑOS,9
UCAYALI,2017,MASCULINO,DE 0 A 5 AÑOS,4
UCAYALI,2017,MASCULINO,DE 6 A 12 AÑOS,6
UCAYALI,2017,MASCULINO,DE 13 A 18 AÑOS,11
UCAYALI,2017,MASCULINO,DE 19 A 25 AÑOS,96
UCAYALI,2017,MASCULINO,DE 26 A 60 AÑOS,102
UCAYALI,2017,MASCULINO,DE 60 A MÁS AÑOS,15
UCAYALI,2017,FEMENINO,DE 0 A 5 AÑOS,6
UCAYALI,2017,FEMENINO,DE 6 A 12 AÑOS,10
UCAYALI,2017,FEMENINO,DE 13 A 18 AÑOS,13
UCAYALI,2017,FEMENINO,DE 19 A 25 AÑOS,24
UCAYALI,2017,FEMENINO,DE 26 A 60 AÑOS,46
UCAYALI,2017,FEMENINO,DE 60 A MÁS AÑOS,3
UCAYALI,2018,MASCULINO,DE 0 A 5 AÑOS,10
UCAYALI,2018,MASCULINO,DE 6 A 11 AÑOS,9
UCAYALI,2018,MASCULINO,DE 12 A 17 AÑOS,30
UCAYALI,2018,MASCULINO,DE 18 A 29 AÑOS,237
UCAYALI,2018,MASCULINO,DE 30 A 59 AÑOS,246
UCAYALI,2018,MASCULINO,DE 60 A MÁS AÑOS,40
UCAYALI,2018,FEMENINO,DE 0 A 5 AÑOS,4
UCAYALI,2018,FEMENINO,DE 6 A 11 AÑOS,7
UCAYALI,2018,FEMENINO,DE 12 A 17 AÑOS,8
UCAYALI,2018,FEMENINO,DE 18 A 29 AÑOS,74
UCAYALI,2018,FEMENINO,DE 30 A 59 AÑOS,66
UCAYALI,2018,FEMENINO,DE 60 A MÁS AÑOS,15
UCAYALI,2019,MASCULINO,DE 0 A 5 AÑOS,3
UCAYALI,2019,MASCULINO,DE 6 A 11 AÑOS,11
UCAYALI,2019,MASCULINO,DE 12 A 17 AÑOS,28
UCAYALI,2019,MASCULINO,DE 18 A 29 AÑOS,209
UCAYALI,2019,MASCULINO,DE 30 A 59 AÑOS,214
UCAYALI,2019,MASCULINO,DE 60 A MÁS AÑOS,16
UCAYALI,2019,FEMENINO,DE 0 A 5 AÑOS,2
UCAYALI,2019,FEMENINO,DE 6 A 11 AÑOS,7
UCAYALI,2019,FEMENINO,DE 12 A 17 AÑOS,17
UCAYALI,2019,FEMENINO,DE 18 A 29 AÑOS,67
UCAYALI,2019,FEMENINO,DE 30 A 59 AÑOS,66
UCAYALI,2019,FEMENINO,DE 60 A MÁS AÑOS,3
UCAYALI,2020,MASCULINO,DE 0 A 5 AÑOS,3
UCAYALI,2020,MASCULINO,DE 6 A 11 AÑOS,10
UCAYALI,2020,MASCULINO,DE 12 A 17 AÑOS,21
UCAYALI,2020,MASCULINO,DE 18 A 29 AÑOS,182
UCAYALI,2020,MASCULINO,DE 30 A 59 AÑOS,176
UCAYALI,2020,MASCULINO,DE 60 A MÁS AÑOS,23
UCAYALI,2020,FEMENINO,DE 0 A 5 AÑOS,4
UCAYALI,2020,FEMENINO,DE 6 A 11 AÑOS,4
UCAYALI,2020,FEMENINO,DE 12 A 17 AÑOS,24
UCAYALI,2020,FEMENINO,DE 18 A 29 AÑOS,58
UCAYALI,2020,FEMENINO,DE 30 A 59 AÑOS,33
UCAYALI,2020,FEMENINO,DE 60 A MÁS AÑOS,5
UCAYALI,2021,MASCULINO,DE 0 A 5 AÑOS,3
UCAYALI,2021,MASCULINO,DE 6 A 11 AÑOS,6
UCAYALI,2021,MASCULINO,DE 12 A 17 AÑOS,22
UCAYALI,2021,MASCULINO,DE 18 A 29 AÑOS,184
UCAYALI,2021,MASCULINO,DE 30 A 59 AÑOS,177
UCAYALI,2021,MASCULINO,DE 60 A MÁS AÑOS,27
UCAYALI,2021,FEMENINO,DE 0 A 5 AÑOS,3
UCAYALI,2021,FEMENINO,DE 6 A 11 AÑOS,8
UCAYALI,2021,FEMENINO,DE 12 A 17 AÑOS,16
UCAYALI,2021,FEMENINO,DE 18 A 29 AÑOS,61
UCAYALI,2021,FEMENINO,DE 30 A 59 AÑOS,45
UCAYALI,2021,FEMENINO,DE 60 A MÁS AÑOS,3
UCAYALI,2022,MASCULINO,DE 0 A 5 AÑOS,4
UCAYALI,2022,MASCULINO,DE 6 A 11 AÑOS,2
UCAYALI,2022,MASCULINO,DE 12 A 17 AÑOS,16
UCAYALI,2022,MASCULINO,DE 18 A 29 AÑOS,173
UCAYALI,2022,MASCULINO,DE 30 A 59 AÑOS,211
UCAYALI,2022,MASCULINO,DE 60 A MÁS AÑOS,33
UCAYALI,2022,FEMENINO,DE 0 A 5 AÑOS,5
UCAYALI,2022,FEMENINO,DE 6 A 11 AÑOS,7
UCAYALI,2022,FEMENINO,DE 12 A 17 AÑOS,10
UCAYALI,2022,FEMENINO,DE 18 A 29 AÑOS,47
UCAYALI,2022,FEMENINO,DE 30 A 59 AÑOS,67
UCAYALI,2022,FEMENINO,DE 60 A MÁS AÑOS,11
UCAYALI,2023,MASCULINO,DE 0 A 5 AÑOS,5
UCAYALI,2023,MASCULINO,DE 6 A 11 AÑOS,6
UCAYALI,2023,MASCULINO,DE 12 A 17 AÑOS,12
UCAYALI,2023,MASCULINO,DE 18 A 29 AÑOS,187
UCAYALI,2023,MASCULINO,DE 30 A 59 AÑOS,266
UCAYALI,2023,MASCULINO,DE 60 A MÁS AÑOS,52
UCAYALI,2023,FEMENINO,DE 0 A 5 AÑOS,7
UCAYALI,2023,FEMENINO,DE 6 A 11 AÑOS,8
UCAYALI,2023,FEMENINO,DE 12 A 17 AÑOS,26
UCAYALI,2023,FEMENINO,DE 18 A 29 AÑOS,88
UCAYALI,2023,FEMENINO,DE 30 A 59 AÑOS,64
UCAYALI,2023,FEMENINO,DE 60 A MÁS AÑOS,19
UCAYALI,2024,MASCULINO,DE 0 A 5 AÑOS,7
UCAYALI,2024,MASCULINO,DE 6 A 11 AÑOS,15
UCAYALI,2024,MASCULINO,DE 12 A 17 AÑOS,38
UCAYALI,2024,MASCULINO,DE 18 A 29 AÑOS,269
UCAYALI,2024,MASCULINO,DE 30 A 59 AÑOS,291
UCAYALI,2024,MASCULINO,DE 60 A MÁS AÑOS,39
UCAYALI,2024,FEMENINO,DE 0 A 5 AÑOS,5
UCAYALI,2024,FEMENINO,DE 6 A 11 AÑOS,21
UCAYALI,2024,FEMENINO,DE 12 A 17 AÑOS,43
UCAYALI,2024,FEMENINO,DE 18 A 29 AÑOS,111
UCAYALI,2024,FEMENINO,DE 30 A 59 AÑOS,99
UCAYALI,2024,FEMENINO,DE 60 A MÁS AÑOS,12
