departamento,anio,tipo_siniestro,siniestros
AMAZONAS,2008,ATROPELLO,59
AMAZONAS,2008,ATROPELLO Y FUGA,11
AMAZONAS,2008,CHOQUE,61
AMAZONAS,2008,CHOQUE Y FUGA,21
AMAZONAS,2008,VOLCADURA,9
AMAZONAS,2008,CAIDA DE PASAJERO,3
AMAZONAS,2008,INCENDIO,7
AMAZONAS,2008,OTRO,100
AMAZONAS,2009,ATROPELLO,47
AMAZONAS,2009,ATROPELLO Y FUGA,7
AMAZONAS,2009,CHOQUE,64
AMAZONAS,2009,CHOQUE Y FUGA,23
AMAZONAS,2009,VOLCADURA,29
AMAZONAS,2009,CAIDA DE PASAJERO,2
AMAZONAS,2009,INCENDIO,7
AMAZONAS,2009,OTRO,41
AMAZONAS,2010,ATROPELLO,4
AMAZONAS,2010,ATROPELLO Y FUGA,1
AMAZONAS,2010,CHOQUE,43
AMAZONAS,2010,CHOQUE Y FUGA,1
AMAZONAS,2010,VOLCADURA,20
AMAZONAS,2010,CAIDA DE PASAJERO,1
AMAZONAS,2010,INCENDIO,0
AMAZONAS,2010,DESPISTE,25
AMAZONAS,2010,OTRO,0
AMAZONAS,2011,ATROPELLO,38
AMAZONAS,2011,ATROPELLO Y FUGA,8
AMAZONAS,2011,CHOQUE,116
AMAZONAS,2011,CHOQUE Y FUGA,8
AMAZONAS,2011,VOLCADURA,30
AMAZONAS,2011,CAIDA DE PASAJERO,6
AMAZONAS,2011,INCENDIO,0
AMAZONAS,2011,DESPISTE,17
AMAZONAS,2011,OTRO,16
AMAZONAS,2012,ATROPELLO,61
AMAZONAS,2012,ATROPELLO Y FUGA,42
AMAZONAS,2012,CHOQUE,191
AMAZONAS,2012,CHOQUE Y FUGA,57
AMAZONAS,2012,VOLCADURA,38
AMAZONAS,2012,CAIDA DE PASAJERO,5
AMAZONAS,2012,INCENDIO,1
AMAZONAS,2012,DESPISTE,77
AMAZONAS,2012,OTRO,15
AMAZONAS,2013,ATROPELLO,84
AMAZONAS,2013,ATROPELLO Y FUGA,21
AMAZONAS,2013,CHOQUE,233
AMAZONAS,2013,CHOQUE Y FUGA,69
AMAZONAS,2013,VOLCADURA,30
AMAZONAS,2013,CAIDA DE PASAJERO,17
AMAZONAS,2013,INCENDIO,1
AMAZONAS,2013,DESPISTE,68
AMAZONAS,2013,OTRO,19
AMAZONAS,2014,ATROPELLO,73
AMAZONAS,2014,ATROPELLO Y FUGA,17
AMAZONAS,2014,CHOQUE,172
AMAZONAS,2014,CHOQUE Y FUGA,42
AMAZONAS,2014,VOLCADURA,19
AMAZONAS,2014,CAIDA DE PASAJERO,10
AMAZONAS,2014,INCENDIO,2
AMAZONAS,2014,DESPISTE,112
AMAZONAS,2014,OTRO,16
AMAZONAS,2015,ATROPELLO,49
AMAZONAS,2015,ATROPELLO Y FUGA,15
AMAZONAS,2015,CHOQUE,166
AMAZONAS,2015,CHOQUE Y FUGA,24
AMAZONAS,2015,VOLCADURA,11
AMAZONAS,2015,CAIDA DE PASAJERO,5
AMAZONAS,2015,INCENDIO,0
AMAZONAS,2015,DESPISTE,84
AMAZONAS,2015,DESPISTE Y VOLCADURA,9
AMAZONAS,2015,COLISION,1
AMAZONAS,2015,CHOQUE Y ATROPELLO,7
AMAZONAS,2015,OTRO,10
AMAZONAS,2016,ATROPELLO,88
AMAZONAS,2016,ATROPELLO Y FUGA,7
AMAZONAS,2016,CHOQUE,261
AMAZONAS,2016,CHOQUE Y FUGA,57
AMAZONAS,2016,VOLCADURA,43
AMAZONAS,2016,CAIDA DE PASAJERO,6
AMAZONAS,2016,INCENDIO,1
AMAZONAS,2016,DESPISTE,114
AMAZONAS,2016,CHOQUE Y ATROPELLO,5
AMAZONAS,2016,DESPISTE Y VOLCADURA,18
AMAZONAS,2016,COLISION,9
AMAZONAS,2016,OTRO,19
AMAZONAS,2017,ATROPELLO,53
AMAZONAS,2017,ATROPELLO Y FUGA,12
AMAZONAS,2017,CHOQUE,180
AMAZONAS,2017,CHOQUE Y FUGA,27
AMAZONAS,2017,VOLCADURA,19
AMAZONAS,2017,CAIDA DE PASAJERO,6
AMAZONAS,2017,INCENDIO,1
AMAZONAS,2017,DESPISTE,90
AMAZONAS,2017,CHOQUE Y ATROPELLO,2
AMAZONAS,2017,DESPISTE Y VOLCADURA,18
AMAZONAS,2017,COLISIÓN,0
AMAZONAS,2017,OTRO,15
AMAZONAS,2018,ATROPELLO,42
AMAZONAS,2018,ATROPELLO Y FUGA,2
AMAZONAS,2018,CHOQUE,144
AMAZONAS,2018,CHOQUE Y FUGA,5
AMAZONAS,2018,VOLCADURA,3
AMAZONAS,2018,CAIDA DE PASAJERO,1
AMAZONAS,2018,INCENDIO,0
AMAZONAS,2018,DESPISTE,94
AMAZONAS,2018,CHOQUE Y ATROPELLO,1
AMAZONAS,2018,DESPISTE Y VOLCADURA,23
AMAZONAS,2018,COLISIÓN Y FUGA,1
AMAZONAS,2018,COLISIÓN,1
AMAZONAS,2018,OTRO,45
AMAZONAS,2019,ATROPELLO,73
AMAZONAS,2019,ATROPELLO Y FUGA,10
AMAZONAS,2019,CHOQUE,223
AMAZONAS,2019,CHOQUE Y FUGA,24
AMAZONAS,2019,VOLCADURA,12
AMAZONAS,2019,CAIDA DE PASAJERO,6
AMAZONAS,2019,INCENDIO,0
AMAZONAS,2019,DESPISTE,112
AMAZONAS,2019,CHOQUE Y ATROPELLO,2
AMAZONAS,2019,DESPISTE Y VOLCADURA,21
AMAZONAS,2019,COLISIÓN Y FUGA,2
AMAZONAS,2019,COLISIÓN,2
AMAZONAS,2019,OTRO,14
AMAZONAS,2020,ATROPELLO,37
AMAZONAS,2020,ATROPELLO Y FUGA,5
AMAZONAS,2020,CHOQUE,148
AMAZONAS,2020,CHOQUE Y FUGA,26
AMAZONAS,2020,VOLCADURA,12
AMAZONAS,2020,CAIDA DE PASAJERO,7
AMAZONAS,2020,INCENDIO,0
AMAZONAS,2020,DESPISTE,100
AMAZONAS,2020,CHOQUE Y ATROPELLO,4
AMAZONAS,2020,DESPISTE Y VOLCADURA,25
AMAZONAS,2020,COLISIÓN Y FUGA,4
AMAZONAS,2020,COLISIÓN,1
AMAZONAS,2020,OTRO,18
AMAZONAS,2021,ATROPELLO,37
AMAZONAS,2021,ATROPELLO Y FUGA,12
AMAZONAS,2021,CHOQUE,231
AMAZONAS,2021,CHOQUE Y FUGA,30
AMAZONAS,2021,VOLCADURA,13
AMAZONAS,2021,CAIDA DE PASAJERO,7
AMAZONAS,2021,INCENDIO,0
AMAZONAS,2021,DESPISTE,112
AMAZONAS,2021,CHOQUE Y ATROPELLO,1
AMAZONAS,2021,DESPISTE Y VOLCADURA,12
AMAZONAS,2021,COLISIÓN Y FUGA,1
AMAZONAS,2021,COLISIÓN,1
AMAZONAS,2021,OTRO,16
AMAZONAS,2022,ATROPELLO,46
AMAZONAS,2022,ATROPELLO Y FUGA,11
AMAZONAS,2022,CHOQUE,260
AMAZONAS,2022,CHOQUE Y FUGA,18
AMAZONAS,2022,VOLCADURA,10
AMAZONAS,2022,CAIDA DE PASAJERO,3
AMAZONAS,2022,INCENDIO,2
AMAZONAS,2022,DESPISTE,127
AMAZONAS,2022,CHOQUE Y ATROPELLO,3
AMAZONAS,2022,DESPISTE Y VOLCADURA,13
AMAZONAS,2022,COLISIÓN Y FUGA,3
AMAZONAS,2022,COLISIÓN,1
AMAZONAS,2022,OTRO,17
AMAZONAS,2023,ATROPELLO,34
AMAZONAS,2023,ATROPELLO Y FUGA,17
AMAZONAS,2023,CHOQUE,251
AMAZONAS,2023,CHOQUE Y FUGA,27
AMAZONAS,2023,VOLCADURA,14
AMAZONAS,2023,CAIDA DE PASAJERO,3
AMAZONAS,2023,INCENDIO,0
AMAZONAS,2023,DESPISTE,157
AMAZONAS,2023,CHOQUE Y ATROPELLO,1
AMAZONAS,2023,DESPISTE Y VOLCADURA,6
AMAZONAS,2023,COLISIÓN Y FUGA,0
AMAZONAS,2023,COLISIÓN,0
AMAZONAS,2023,OTRO,4
AMAZONAS,2024,ATROPELLO,31
AMAZONAS,2024,ATROPELLO Y FUGA,11
AMAZONAS,2024,CHOQUE,249
AMAZONAS,2024,CHOQUE Y FUGA,19
AMAZONAS,2024,VOLCADURA,16
AMAZONAS,2024,CAIDA DE PASAJERO,11
AMAZONAS,2024,INCENDIO,1
AMAZONAS,2024,DESPISTE,142
AMAZONAS,2024,CHOQUE Y ATROPELLO,1
AMAZONAS,2024,DESPISTE Y VOLCADURA,17
AMAZONAS,2024,COLISIÓN Y FUGA,3
AMAZONAS,2024,COLISIÓN,4
AMAZONAS,2024,OTRO,8
ANCASH,2008,ATROPELLO,214
ANCASH,2008,ATROPELLO Y FUGA,248
ANCASH,2008,CHOQUE,755
ANCASH,2008,CHOQUE Y FUGA,113
ANCASH,2008,VOLCADURA,146
ANCASH,2008,CAIDA DE PASAJERO,76
ANCASH,2008,INCENDIO,4
ANCASH,2008,OTRO,60
ANCASH,2009,ATROPELLO,434
ANCASH,2009,ATROPELLO Y FUGA,124
ANCASH,2009,CHOQUE,1138
ANCASH,2009,CHOQUE Y FUGA,224
ANCASH,2009,VOLCADURA,148
ANCASH,2009,CAIDA DE PASAJERO,30
ANCASH,2009,INCENDIO,6
ANCASH,2009,OTRO,159
ANCASH,2010,ATROPELLO,376
ANCASH,2010,ATROPELLO Y FUGA,89
ANCASH,2010,CHOQUE,869
ANCASH,2010,CHOQUE Y FUGA,282
ANCASH,2010,VOLCADURA,98
ANCASH,2010,CAIDA DE PASAJERO,40
ANCASH,2010,INCENDIO,3
ANCASH,2010,DESPISTE,9
ANCASH,2010,OTRO,180
ANCASH,2011,ATROPELLO,444
ANCASH,2011,ATROPELLO Y FUGA,70
ANCASH,2011,CHOQUE,971
ANCASH,2011,CHOQUE Y FUGA,285
ANCASH,2011,VOLCADURA,146
ANCASH,2011,CAIDA DE PASAJERO,73
ANCASH,2011,INCENDIO,5
ANCASH,2011,DESPISTE,0
ANCASH,2011,OTRO,273
ANCASH,2012,ATROPELLO,415
ANCASH,2012,ATROPELLO Y FUGA,84
ANCASH,2012,CHOQUE,1011
ANCASH,2012,CHOQUE Y FUGA,299
ANCASH,2012,VOLCADURA,126
ANCASH,2012,CAIDA DE PASAJERO,85
ANCASH,2012,INCENDIO,11
ANCASH,2012,DESPISTE,0
ANCASH,2012,OTRO,267
ANCASH,2013,ATROPELLO,514
ANCASH,2013,ATROPELLO Y FUGA,157
ANCASH,2013,CHOQUE,993
ANCASH,2013,CHOQUE Y FUGA,393
ANCASH,2013,VOLCADURA,73
ANCASH,2013,CAIDA DE PASAJERO,34
ANCASH,2013,INCENDIO,2
ANCASH,2013,DESPISTE,11
ANCASH,2013,OTRO,299
ANCASH,2014,ATROPELLO,344
ANCASH,2014,ATROPELLO Y FUGA,105
ANCASH,2014,CHOQUE,993
ANCASH,2014,CHOQUE Y FUGA,307
ANCASH,2014,VOLCADURA,64
ANCASH,2014,CAIDA DE PASAJERO,45
ANCASH,2014,INCENDIO,11
ANCASH,2014,DESPISTE,73
ANCASH,2014,OTRO,535
ANCASH,2015,ATROPELLO,201
ANCASH,2015,ATROPELLO Y FUGA,46
ANCASH,2015,CHOQUE,772
ANCASH,2015,CHOQUE Y FUGA,198
ANCASH,2015,VOLCADURA,41
ANCASH,2015,CAIDA DE PASAJERO,14
ANCASH,2015,INCENDIO,2
ANCASH,2015,DESPISTE,221
ANCASH,2015,DESPISTE Y VOLCADURA,49
ANCASH,2015,COLISION,3
ANCASH,2015,CHOQUE Y ATROPELLO,52
ANCASH,2015,OTRO,98
ANCASH,2016,ATROPELLO,219
ANCASH,2016,ATROPELLO Y FUGA,52
ANCASH,2016,CHOQUE,662
ANCASH,2016,CHOQUE Y FUGA,175
ANCASH,2016,VOLCADURA,26
ANCASH,2016,CAIDA DE PASAJERO,26
ANCASH,2016,INCENDIO,0
ANCASH,2016,DESPISTE,152
ANCASH,2016,CHOQUE Y ATROPELLO,19
ANCASH,2016,DESPISTE Y VOLCADURA,31
ANCASH,2016,COLISION,1
ANCASH,2016,OTRO,168
ANCASH,2017,ATROPELLO,340
ANCASH,2017,ATROPELLO Y FUGA,36
ANCASH,2017,CHOQUE,924
ANCASH,2017,CHOQUE Y FUGA,218
ANCASH,2017,VOLCADURA,43
ANCASH,2017,CAIDA DE PASAJERO,16
ANCASH,2017,INCENDIO,6
ANCASH,2017,DESPISTE,167
ANCASH,2017,CHOQUE Y ATROPELLO,11
ANCASH,2017,DESPISTE Y VOLCADURA,90
ANCASH,2017,COLISIÓN,5
ANCASH,2017,OTRO,117
ANCASH,2018,ATROPELLO,370
ANCASH,2018,ATROPELLO Y FUGA,51
ANCASH,2018,CHOQUE,841
ANCASH,2018,CHOQUE Y FUGA,228
ANCASH,2018,VOLCADURA,45
ANCASH,2018,CAIDA DE PASAJERO,29
ANCASH,2018,INCENDIO,1
ANCASH,2018,DESPISTE,284
ANCASH,2018,CHOQUE Y ATROPELLO,9
ANCASH,2018,DESPISTE Y VOLCADURA,59
ANCASH,2018,COLISIÓN Y FUGA,0
ANCASH,2018,COLISIÓN,4
ANCASH,2018,OTRO,140
ANCASH,2019,ATROPELLO,310
ANCASH,2019,ATROPELLO Y FUGA,36
ANCASH,2019,CHOQUE,966
ANCASH,2019,CHOQUE Y FUGA,173
ANCASH,2019,VOLCADURA,27
ANCASH,2019,CAIDA DE PASAJERO,33
ANCASH,2019,INCENDIO,3
ANCASH,2019,DESPISTE,211
ANCASH,2019,CHOQUE Y ATROPELLO,23
ANCASH,2019,DESPISTE Y VOLCADURA,42
ANCASH,2019,COLISIÓN Y FUGA,0
ANCASH,2019,COLISIÓN,1
ANCASH,2019,OTRO,504
ANCASH,2020,ATROPELLO,147
ANCASH,2020,ATROPELLO Y FUGA,32
ANCASH,2020,CHOQUE,544
ANCASH,2020,CHOQUE Y FUGA,106
ANCASH,2020,VOLCADURA,17
ANCASH,2020,CAIDA DE PASAJERO,10
ANCASH,2020,INCENDIO,0
ANCASH,2020,DESPISTE,144
ANCASH,2020,CHOQUE Y ATROPELLO,23
ANCASH,2020,DESPISTE Y VOLCADURA,28
ANCASH,2020,COLISIÓN Y FUGA,3
ANCASH,2020,COLISIÓN,0
ANCASH,2020,OTRO,225
ANCASH,2021,ATROPELLO,230
ANCASH,2021,ATROPELLO Y FUGA,33
ANCASH,2021,CHOQUE,788
ANCASH,2021,CHOQUE Y FUGA,203
ANCASH,2021,VOLCADURA,46
ANCASH,2021,CAIDA DE PASAJERO,5
ANCASH,2021,INCENDIO,5
ANCASH,2021,DESPISTE,341
ANCASH,2021,CHOQUE Y ATROPELLO,14
ANCASH,2021,DESPISTE Y VOLCADURA,54
ANCASH,2021,COLISIÓN Y FUGA,1
ANCASH,2021,COLISIÓN,0
ANCASH,2021,OTRO,376
ANCASH,2022,ATROPELLO,295
ANCASH,2022,ATROPELLO Y FUGA,34
ANCASH,2022,CHOQUE,1042
ANCASH,2022,CHOQUE Y FUGA,242
ANCASH,2022,VOLCADURA,78
ANCASH,2022,CAIDA DE PASAJERO,15
ANCASH,2022,INCENDIO,3
ANCASH,2022,DESPISTE,329
ANCASH,2022,CHOQUE Y ATROPELLO,81
ANCASH,2022,DESPISTE Y VOLCADURA,58
ANCASH,2022,COLISIÓN Y FUGA,5
ANCASH,2022,COLISIÓN,6
ANCASH,2022,OTRO,265
ANCASH,2023,ATROPELLO,252
ANCASH,2023,ATROPELLO Y FUGA,67
ANCASH,2023,CHOQUE,1188
ANCASH,2023,CHOQUE Y FUGA,248
ANCASH,2023,VOLCADURA,75
ANCASH,2023,CAIDA DE PASAJERO,17
ANCASH,2023,INCENDIO,2
ANCASH,2023,DESPISTE,353
ANCASH,2023,CHOQUE Y ATROPELLO,96
ANCASH,2023,DESPISTE Y VOLCADURA,39
ANCASH,2023,COLISIÓN Y FUGA,1
ANCASH,2023,COLISIÓN,4
ANCASH,2023,OTRO,215
ANCASH,2024,ATROPELLO,257
ANCASH,2024,ATROPELLO Y FUGA,53
ANCASH,2024,CHOQUE,995
ANCASH,2024,CHOQUE Y FUGA,184
ANCASH,2024,VOLCADURA,68
ANCASH,2024,CAIDA DE PASAJERO,25
ANCASH,2024,INCENDIO,0
ANCASH,2024,DESPISTE,307
ANCASH,2024,CHOQUE Y ATROPELLO,62
ANCASH,2024,DESPISTE Y VOLCADURA,51
ANCASH,2024,COLISIÓN Y FUGA,1
ANCASH,2024,COLISIÓN,6
ANCASH,2024,OTRO,209
APURIMAC,2008,ATROPELLO,232
APURIMAC,2008,ATROPELLO Y FUGA,13
APURIMAC,2008,CHOQUE,137
APURIMAC,2008,CHOQUE Y FUGA,13
APURIMAC,2008,VOLCADURA,24
APURIMAC,2008,CAIDA DE PASAJERO,6
APURIMAC,2008,INCENDIO,0
APURIMAC,2008,OTRO,3
APURIMAC,2009,ATROPELLO,59
APURIMAC,2009,ATROPELLO Y FUGA,4
APURIMAC,2009,CHOQUE,70
APURIMAC,2009,CHOQUE Y FUGA,8
APURIMAC,2009,VOLCADURA,25
APURIMAC,2009,CAIDA DE PASAJERO,8
APURIMAC,2009,INCENDIO,0
APURIMAC,2009,OTRO,9
APURIMAC,2010,ATROPELLO,31
APURIMAC,2010,ATROPELLO Y FUGA,1
APURIMAC,2010,CHOQUE,39
APURIMAC,2010,CHOQUE Y FUGA,4
APURIMAC,2010,VOLCADURA,35
APURIMAC,2010,CAIDA DE PASAJERO,3
APURIMAC,2010,INCENDIO,0
APURIMAC,2010,DESPISTE,0
APURIMAC,2010,OTRO,16
APURIMAC,2011,ATROPELLO,33
APURIMAC,2011,ATROPELLO Y FUGA,5
APURIMAC,2011,CHOQUE,73
APURIMAC,2011,CHOQUE Y FUGA,13
APURIMAC,2011,VOLCADURA,34
APURIMAC,2011,CAIDA DE PASAJERO,3
APURIMAC,2011,INCENDIO,0
APURIMAC,2011,DESPISTE,0
APURIMAC,2011,OTRO,24
APURIMAC,2012,ATROPELLO,136
APURIMAC,2012,ATROPELLO Y FUGA,40
APURIMAC,2012,CHOQUE,282
APURIMAC,2012,CHOQUE Y FUGA,87
APURIMAC,2012,VOLCADURA,43
APURIMAC,2012,CAIDA DE PASAJERO,9
APURIMAC,2012,INCENDIO,0
APURIMAC,2012,DESPISTE,0
APURIMAC,2012,OTRO,19
APURIMAC,2013,ATROPELLO,84
APURIMAC,2013,ATROPELLO Y FUGA,26
APURIMAC,2013,CHOQUE,213
APURIMAC,2013,CHOQUE Y FUGA,70
APURIMAC,2013,VOLCADURA,57
APURIMAC,2013,CAIDA DE PASAJERO,13
APURIMAC,2013,INCENDIO,9
APURIMAC,2013,DESPISTE,0
APURIMAC,2013,OTRO,53
APURIMAC,2014,ATROPELLO,127
APURIMAC,2014,ATROPELLO Y FUGA,11
APURIMAC,2014,CHOQUE,238
APURIMAC,2014,CHOQUE Y FUGA,53
APURIMAC,2014,VOLCADURA,42
APURIMAC,2014,CAIDA DE PASAJERO,15
APURIMAC,2014,INCENDIO,47
APURIMAC,2014,DESPISTE,21
APURIMAC,2014,OTRO,89
APURIMAC,2015,ATROPELLO,123
APURIMAC,2015,ATROPELLO Y FUGA,14
APURIMAC,2015,CHOQUE,218
APURIMAC,2015,CHOQUE Y FUGA,25
APURIMAC,2015,VOLCADURA,28
APURIMAC,2015,CAIDA DE PASAJERO,5
APURIMAC,2015,INCENDIO,0
APURIMAC,2015,DESPISTE,41
APURIMAC,2015,DESPISTE Y VOLCADURA,18
APURIMAC,2015,COLISION,4
APURIMAC,2015,CHOQUE Y ATROPELLO,8
APURIMAC,2015,OTRO,47
APURIMAC,2016,ATROPELLO,78
APURIMAC,2016,ATROPELLO Y FUGA,3
APURIMAC,2016,CHOQUE,168
APURIMAC,2016,CHOQUE Y FUGA,7
APURIMAC,2016,VOLCADURA,17
APURIMAC,2016,CAIDA DE PASAJERO,5
APURIMAC,2016,INCENDIO,1
APURIMAC,2016,DESPISTE,35
APURIMAC,2016,CHOQUE Y ATROPELLO,10
APURIMAC,2016,DESPISTE Y VOLCADURA,27
APURIMAC,2016,COLISION,2
APURIMAC,2016,OTRO,10
APURIMAC,2017,ATROPELLO,96
APURIMAC,2017,ATROPELLO Y FUGA,5
APURIMAC,2017,CHOQUE,212
APURIMAC,2017,CHOQUE Y FUGA,14
APURIMAC,2017,VOLCADURA,10
APURIMAC,2017,CAIDA DE PASAJERO,12
APURIMAC,2017,INCENDIO,0
APURIMAC,2017,DESPISTE,57
APURIMAC,2017,CHOQUE Y ATROPELLO,15
APURIMAC,2017,DESPISTE Y VOLCADURA,36
APURIMAC,2017,COLISIÓN,1
APURIMAC,2017,OTRO,15
APURIMAC,2018,ATROPELLO,172
APURIMAC,2018,ATROPELLO Y FUGA,8
APURIMAC,2018,CHOQUE,348
APURIMAC,2018,CHOQUE Y FUGA,25
APURIMAC,2018,VOLCADURA,26
APURIMAC,2018,CAIDA DE PASAJERO,19
APURIMAC,2018,INCENDIO,1
APURIMAC,2018,DESPISTE,130
APURIMAC,2018,CHOQUE Y ATROPELLO,8
APURIMAC,2018,DESPISTE Y VOLCADURA,58
APURIMAC,2018,COLISIÓN Y FUGA,3
APURIMAC,2018,COLISIÓN,2
APURIMAC,2018,OTRO,18
APURIMAC,2019,ATROPELLO,167
APURIMAC,2019,ATROPELLO Y FUGA,21
APURIMAC,2019,CHOQUE,292
APURIMAC,2019,CHOQUE Y FUGA,25
APURIMAC,2019,VOLCADURA,35
APURIMAC,2019,CAIDA DE PASAJERO,12
APURIMAC,2019,INCENDIO,0
APURIMAC,2019,DESPISTE,164
APURIMAC,2019,CHOQUE Y ATROPELLO,6
APURIMAC,2019,DESPISTE Y VOLCADURA,61
APURIMAC,2019,COLISIÓN Y FUGA,1
APURIMAC,2019,COLISIÓN,8
APURIMAC,2019,OTRO,16
APURIMAC,2020,ATROPELLO,89
APURIMAC,2020,ATROPELLO Y FUGA,13
APURIMAC,2020,CHOQUE,255
APURIMAC,2020,CHOQUE Y FUGA,16
APURIMAC,2020,VOLCADURA,44
APURIMAC,2020,CAIDA DE PASAJERO,6
APURIMAC,2020,INCENDIO,3
APURIMAC,2020,DESPISTE,132
APURIMAC,2020,CHOQUE Y ATROPELLO,3
APURIMAC,2020,DESPISTE Y VOLCADURA,55
APURIMAC,2020,COLISIÓN Y FUGA,0
APURIMAC,2020,COLISIÓN,4
APURIMAC,2020,OTRO,17
APURIMAC,2021,ATROPELLO,119
APURIMAC,2021,ATROPELLO Y FUGA,6
APURIMAC,2021,CHOQUE,429
APURIMAC,2021,CHOQUE Y FUGA,23
APURIMAC,2021,VOLCADURA,37
APURIMAC,2021,CAIDA DE PASAJERO,5
APURIMAC,2021,INCENDIO,0
APURIMAC,2021,DESPISTE,218
APURIMAC,2021,CHOQUE Y ATROPELLO,8
APURIMAC,2021,DESPISTE Y VOLCADURA,56
APURIMAC,2021,COLISIÓN Y FUGA,1
APURIMAC,2021,COLISIÓN,1
APURIMAC,2021,OTRO,21
APURIMAC,2022,ATROPELLO,130
APURIMAC,2022,ATROPELLO Y FUGA,14
APURIMAC,2022,CHOQUE,369
APURIMAC,2022,CHOQUE Y FUGA,24
APURIMAC,2022,VOLCADURA,56
APURIMAC,2022,CAIDA DE PASAJERO,3
APURIMAC,2022,INCENDIO,0
APURIMAC,2022,DESPISTE,163
APURIMAC,2022,CHOQUE Y ATROPELLO,6
APURIMAC,2022,DESPISTE Y VOLCADURA,66
APURIMAC,2022,COLISIÓN Y FUGA,0
APURIMAC,2022,COLISIÓN,5
APURIMAC,2022,OTRO,24
APURIMAC,2023,ATROPELLO,123
APURIMAC,2023,ATROPELLO Y FUGA,5
APURIMAC,2023,CHOQUE,317
APURIMAC,2023,CHOQUE Y FUGA,30
APURIMAC,2023,VOLCADURA,39
APURIMAC,2023,CAIDA DE PASAJERO,8
APURIMAC,2023,INCENDIO,1
APURIMAC,2023,DESPISTE,118
APURIMAC,2023,CHOQUE Y ATROPELLO,5
APURIMAC,2023,DESPISTE Y VOLCADURA,24
APURIMAC,2023,COLISIÓN Y FUGA,0
APURIMAC,2023,COLISIÓN,1
APURIMAC,2023,OTRO,49
APURIMAC,2024,ATROPELLO,113
APURIMAC,2024,ATROPELLO Y FUGA,14
APURIMAC,2024,CHOQUE,293
APURIMAC,2024,CHOQUE Y FUGA,21
APURIMAC,2024,VOLCADURA,39
APURIMAC,2024,CAIDA DE PASAJERO,6
APURIMAC,2024,INCENDIO,2
APURIMAC,2024,DESPISTE,141
APURIMAC,2024,CHOQUE Y ATROPELLO,5
APURIMAC,2024,DESPISTE Y VOLCADURA,36
APURIMAC,2024,COLISIÓN Y FUGA,4
APURIMAC,2024,COLISIÓN,6
APURIMAC,2024,OTRO,23
AREQUIPA,2008,ATROPELLO,1354
AREQUIPA,2008,ATROPELLO Y FUGA,218
AREQUIPA,2008,CHOQUE,2502
AREQUIPA,2008,CHOQUE Y FUGA,508
AREQUIPA,2008,VOLCADURA,142
AREQUIPA,2008,CAIDA DE PASAJERO,332
AREQUIPA,2008,INCENDIO,31
AREQUIPA,2008,OTRO,507
AREQUIPA,2009,ATROPELLO,1248
AREQUIPA,2009,ATROPELLO Y FUGA,165
AREQUIPA,2009,CHOQUE,2332
AREQUIPA,2009,CHOQUE Y FUGA,557
AREQUIPA,2009,VOLCADURA,118
AREQUIPA,2009,CAIDA DE PASAJERO,302
AREQUIPA,2009,INCENDIO,14
AREQUIPA,2009,OTRO,557
AREQUIPA,2010,ATROPELLO,1074
AREQUIPA,2010,ATROPELLO Y FUGA,166
AREQUIPA,2010,CHOQUE,2329
AREQUIPA,2010,CHOQUE Y FUGA,457
AREQUIPA,2010,VOLCADURA,122
AREQUIPA,2010,CAIDA DE PASAJERO,229
AREQUIPA,2010,INCENDIO,17
AREQUIPA,2010,DESPISTE,2
AREQUIPA,2010,OTRO,413
AREQUIPA,2011,ATROPELLO,1128
AREQUIPA,2011,ATROPELLO Y FUGA,167
AREQUIPA,2011,CHOQUE,2832
AREQUIPA,2011,CHOQUE Y FUGA,554
AREQUIPA,2011,VOLCADURA,120
AREQUIPA,2011,CAIDA DE PASAJERO,269
AREQUIPA,2011,INCENDIO,136
AREQUIPA,2011,DESPISTE,104
AREQUIPA,2011,OTRO,327
AREQUIPA,2012,ATROPELLO,975
AREQUIPA,2012,ATROPELLO Y FUGA,151
AREQUIPA,2012,CHOQUE,2932
AREQUIPA,2012,CHOQUE Y FUGA,578
AREQUIPA,2012,VOLCADURA,151
AREQUIPA,2012,CAIDA DE PASAJERO,231
AREQUIPA,2012,INCENDIO,159
AREQUIPA,2012,DESPISTE,13
AREQUIPA,2012,OTRO,514
AREQUIPA,2013,ATROPELLO,1058
AREQUIPA,2013,ATROPELLO Y FUGA,193
AREQUIPA,2013,CHOQUE,3384
AREQUIPA,2013,CHOQUE Y FUGA,720
AREQUIPA,2013,VOLCADURA,165
AREQUIPA,2013,CAIDA DE PASAJERO,236
AREQUIPA,2013,INCENDIO,105
AREQUIPA,2013,DESPISTE,70
AREQUIPA,2013,OTRO,507
AREQUIPA,2014,ATROPELLO,765
AREQUIPA,2014,ATROPELLO Y FUGA,135
AREQUIPA,2014,CHOQUE,2859
AREQUIPA,2014,CHOQUE Y FUGA,462
AREQUIPA,2014,VOLCADURA,113
AREQUIPA,2014,CAIDA DE PASAJERO,180
AREQUIPA,2014,INCENDIO,16
AREQUIPA,2014,DESPISTE,328
AREQUIPA,2014,OTRO,772
AREQUIPA,2015,ATROPELLO,711
AREQUIPA,2015,ATROPELLO Y FUGA,111
AREQUIPA,2015,CHOQUE,2483
AREQUIPA,2015,CHOQUE Y FUGA,445
AREQUIPA,2015,VOLCADURA,84
AREQUIPA,2015,CAIDA DE PASAJERO,143
AREQUIPA,2015,INCENDIO,14
AREQUIPA,2015,DESPISTE,419
AREQUIPA,2015,DESPISTE Y VOLCADURA,224
AREQUIPA,2015,COLISION,69
AREQUIPA,2015,CHOQUE Y ATROPELLO,156
AREQUIPA,2015,OTRO,323
AREQUIPA,2016,ATROPELLO,766
AREQUIPA,2016,ATROPELLO Y FUGA,94
AREQUIPA,2016,CHOQUE,2692
AREQUIPA,2016,CHOQUE Y FUGA,411
AREQUIPA,2016,VOLCADURA,92
AREQUIPA,2016,CAIDA DE PASAJERO,175
AREQUIPA,2016,INCENDIO,8
AREQUIPA,2016,DESPISTE,531
AREQUIPA,2016,CHOQUE Y ATROPELLO,60
AREQUIPA,2016,DESPISTE Y VOLCADURA,220
AREQUIPA,2016,COLISION,38
AREQUIPA,2016,OTRO,323
AREQUIPA,2017,ATROPELLO,751
AREQUIPA,2017,ATROPELLO Y FUGA,115
AREQUIPA,2017,CHOQUE,2526
AREQUIPA,2017,CHOQUE Y FUGA,415
AREQUIPA,2017,VOLCADURA,107
AREQUIPA,2017,CAIDA DE PASAJERO,144
AREQUIPA,2017,INCENDIO,8
AREQUIPA,2017,DESPISTE,470
AREQUIPA,2017,CHOQUE Y ATROPELLO,36
AREQUIPA,2017,DESPISTE Y VOLCADURA,197
AREQUIPA,2017,COLISIÓN,15
AREQUIPA,2017,OTRO,373
AREQUIPA,2018,ATROPELLO,919
AREQUIPA,2018,ATROPELLO Y FUGA,63
AREQUIPA,2018,CHOQUE,2394
AREQUIPA,2018,CHOQUE Y FUGA,316
AREQUIPA,2018,VOLCADURA,81
AREQUIPA,2018,CAIDA DE PASAJERO,142
AREQUIPA,2018,INCENDIO,11
AREQUIPA,2018,DESPISTE,523
AREQUIPA,2018,CHOQUE Y ATROPELLO,54
AREQUIPA,2018,DESPISTE Y VOLCADURA,127
AREQUIPA,2018,COLISIÓN Y FUGA,11
AREQUIPA,2018,COLISIÓN,21
AREQUIPA,2018,OTRO,439
AREQUIPA,2019,ATROPELLO,791
AREQUIPA,2019,ATROPELLO Y FUGA,103
AREQUIPA,2019,CHOQUE,2582
AREQUIPA,2019,CHOQUE Y FUGA,377
AREQUIPA,2019,VOLCADURA,83
AREQUIPA,2019,CAIDA DE PASAJERO,161
AREQUIPA,2019,INCENDIO,5
AREQUIPA,2019,DESPISTE,465
AREQUIPA,2019,CHOQUE Y ATROPELLO,30
AREQUIPA,2019,DESPISTE Y VOLCADURA,124
AREQUIPA,2019,COLISIÓN Y FUGA,8
AREQUIPA,2019,COLISIÓN,12
AREQUIPA,2019,OTRO,401
AREQUIPA,2020,ATROPELLO,338
AREQUIPA,2020,ATROPELLO Y FUGA,41
AREQUIPA,2020,CHOQUE,1624
AREQUIPA,2020,CHOQUE Y FUGA,206
AREQUIPA,2020,VOLCADURA,48
AREQUIPA,2020,CAIDA DE PASAJERO,56
AREQUIPA,2020,INCENDIO,4
AREQUIPA,2020,DESPISTE,364
AREQUIPA,2020,CHOQUE Y ATROPELLO,23
AREQUIPA,2020,DESPISTE Y VOLCADURA,89
AREQUIPA,2020,COLISIÓN Y FUGA,4
AREQUIPA,2020,COLISIÓN,2
AREQUIPA,2020,OTRO,211
AREQUIPA,2021,ATROPELLO,378
AREQUIPA,2021,ATROPELLO Y FUGA,99
AREQUIPA,2021,CHOQUE,2466
AREQUIPA,2021,CHOQUE Y FUGA,414
AREQUIPA,2021,VOLCADURA,123
AREQUIPA,2021,CAIDA DE PASAJERO,67
AREQUIPA,2021,INCENDIO,3
AREQUIPA,2021,DESPISTE,531
AREQUIPA,2021,CHOQUE Y ATROPELLO,58
AREQUIPA,2021,DESPISTE Y VOLCADURA,153
AREQUIPA,2021,COLISIÓN Y FUGA,7
AREQUIPA,2021,COLISIÓN,9
AREQUIPA,2021,OTRO,293
AREQUIPA,2022,ATROPELLO,563
AREQUIPA,2022,ATROPELLO Y FUGA,106
AREQUIPA,2022,CHOQUE,2637
AREQUIPA,2022,CHOQUE Y FUGA,440
AREQUIPA,2022,VOLCADURA,146
AREQUIPA,2022,CAIDA DE PASAJERO,102
AREQUIPA,2022,INCENDIO,3
AREQUIPA,2022,DESPISTE,497
AREQUIPA,2022,CHOQUE Y ATROPELLO,38
AREQUIPA,2022,DESPISTE Y VOLCADURA,96
AREQUIPA,2022,COLISIÓN Y FUGA,10
AREQUIPA,2022,COLISIÓN,0
AREQUIPA,2022,OTRO,379
AREQUIPA,2023,ATROPELLO,627
AREQUIPA,2023,ATROPELLO Y FUGA,130
AREQUIPA,2023,CHOQUE,2672
AREQUIPA,2023,CHOQUE Y FUGA,346
AREQUIPA,2023,VOLCADURA,121
AREQUIPA,2023,CAIDA DE PASAJERO,107
AREQUIPA,2023,INCENDIO,2
AREQUIPA,2023,DESPISTE,527
AREQUIPA,2023,CHOQUE Y ATROPELLO,51
AREQUIPA,2023,DESPISTE Y VOLCADURA,140
AREQUIPA,2023,COLISIÓN Y FUGA,24
AREQUIPA,2023,COLISIÓN,5
AREQUIPA,2023,OTRO,442
AREQUIPA,2024,ATROPELLO,711
AREQUIPA,2024,ATROPELLO Y FUGA,140
AREQUIPA,2024,CHOQUE,3058
AREQUIPA,2024,CHOQUE Y FUGA,432
AREQUIPA,2024,VOLCADURA,93
AREQUIPA,2024,CAIDA DE PASAJERO,151
AREQUIPA,2024,INCENDIO,8
AREQUIPA,2024,DESPISTE,630
AREQUIPA,2024,CHOQUE Y ATROPELLO,60
AREQUIPA,2024,DESPISTE Y VOLCADURA,118
AREQUIPA,2024,COLISIÓN Y FUGA,11
AREQUIPA,2024,COLISIÓN,15
AREQUIPA,2024,OTRO,177
AYACUCHO,2008,ATROPELLO,164
AYACUCHO,2008,ATROPELLO Y FUGA,45
AYACUCHO,2008,CHOQUE,157
AYACUCHO,2008,CHOQUE Y FUGA,239
AYACUCHO,2008,VOLCADURA,42
AYACUCHO,2008,CAIDA DE PASAJERO,25
AYACUCHO,2008,INCENDIO,1
AYACUCHO,2008,OTRO,79
AYACUCHO,2009,ATROPELLO,119
AYACUCHO,2009,ATROPELLO Y FUGA,37
AYACUCHO,2009,CHOQUE,204
AYACUCHO,2009,CHOQUE Y FUGA,83
AYACUCHO,2009,VOLCADURA,46
AYACUCHO,2009,CAIDA DE PASAJERO,13
AYACUCHO,2009,INCENDIO,3
AYACUCHO,2009,OTRO,108
AYACUCHO,2010,ATROPELLO,221
AYACUCHO,2010,ATROPELLO Y FUGA,47
AYACUCHO,2010,CHOQUE,286
AYACUCHO,2010,CHOQUE Y FUGA,599
AYACUCHO,2010,VOLCADURA,68
AYACUCHO,2010,CAIDA DE PASAJERO,44
AYACUCHO,2010,INCENDIO,0
AYACUCHO,2010,DESPISTE,0
AYACUCHO,2010,OTRO,215
AYACUCHO,2011,ATROPELLO,148
AYACUCHO,2011,ATROPELLO Y FUGA,24
AYACUCHO,2011,CHOQUE,211
AYACUCHO,2011,CHOQUE Y FUGA,242
AYACUCHO,2011,VOLCADURA,54
AYACUCHO,2011,CAIDA DE PASAJERO,26
AYACUCHO,2011,INCENDIO,1
AYACUCHO,2011,DESPISTE,0
AYACUCHO,2011,OTRO,300
AYACUCHO,2012,ATROPELLO,143
AYACUCHO,2012,ATROPELLO Y FUGA,13
AYACUCHO,2012,CHOQUE,287
AYACUCHO,2012,CHOQUE Y FUGA,50
AYACUCHO,2012,VOLCADURA,72
AYACUCHO,2012,CAIDA DE PASAJERO,16
AYACUCHO,2012,INCENDIO,2
AYACUCHO,2012,DESPISTE,8
AYACUCHO,2012,OTRO,319
AYACUCHO,2013,ATROPELLO,174
AYACUCHO,2013,ATROPELLO Y FUGA,37
AYACUCHO,2013,CHOQUE,335
AYACUCHO,2013,CHOQUE Y FUGA,104
AYACUCHO,2013,VOLCADURA,101
AYACUCHO,2013,CAIDA DE PASAJERO,15
AYACUCHO,2013,INCENDIO,6
AYACUCHO,2013,DESPISTE,21
AYACUCHO,2013,OTRO,268
AYACUCHO,2014,ATROPELLO,158
AYACUCHO,2014,ATROPELLO Y FUGA,47
AYACUCHO,2014,CHOQUE,335
AYACUCHO,2014,CHOQUE Y FUGA,129
AYACUCHO,2014,VOLCADURA,48
AYACUCHO,2014,CAIDA DE PASAJERO,17
AYACUCHO,2014,INCENDIO,8
AYACUCHO,2014,DESPISTE,81
AYACUCHO,2014,OTRO,278
AYACUCHO,2015,ATROPELLO,141
AYACUCHO,2015,ATROPELLO Y FUGA,59
AYACUCHO,2015,CHOQUE,420
AYACUCHO,2015,CHOQUE Y FUGA,174
AYACUCHO,2015,VOLCADURA,65
AYACUCHO,2015,CAIDA DE PASAJERO,28
AYACUCHO,2015,INCENDIO,3
AYACUCHO,2015,DESPISTE,106
AYACUCHO,2015,DESPISTE Y VOLCADURA,31
AYACUCHO,2015,COLISION,3
AYACUCHO,2015,CHOQUE Y ATROPELLO,11
AYACUCHO,2015,OTRO,375
AYACUCHO,2016,ATROPELLO,112
AYACUCHO,2016,ATROPELLO Y FUGA,31
AYACUCHO,2016,CHOQUE,317
AYACUCHO,2016,CHOQUE Y FUGA,191
AYACUCHO,2016,VOLCADURA,53
AYACUCHO,2016,CAIDA DE PASAJERO,16
AYACUCHO,2016,INCENDIO,1
AYACUCHO,2016,DESPISTE,97
AYACUCHO,2016,CHOQUE Y ATROPELLO,13
AYACUCHO,2016,DESPISTE Y VOLCADURA,33
AYACUCHO,2016,COLISION,11
AYACUCHO,2016,OTRO,95
AYACUCHO,2017,ATROPELLO,99
AYACUCHO,2017,ATROPELLO Y FUGA,34
AYACUCHO,2017,CHOQUE,259
AYACUCHO,2017,CHOQUE Y FUGA,165
AYACUCHO,2017,VOLCADURA,45
AYACUCHO,2017,CAIDA DE PASAJERO,23
AYACUCHO,2017,INCENDIO,0
AYACUCHO,2017,DESPISTE,70
AYACUCHO,2017,CHOQUE Y ATROPELLO,5
AYACUCHO,2017,DESPISTE Y VOLCADURA,64
AYACUCHO,2017,COLISIÓN,2
AYACUCHO,2017,OTRO,80
AYACUCHO,2018,ATROPELLO,83
AYACUCHO,2018,ATROPELLO Y FUGA,33
AYACUCHO,2018,CHOQUE,222
AYACUCHO,2018,CHOQUE Y FUGA,128
AYACUCHO,2018,VOLCADURA,20
AYACUCHO,2018,CAIDA DE PASAJERO,15
AYACUCHO,2018,INCENDIO,0
AYACUCHO,2018,DESPISTE,84
AYACUCHO,2018,CHOQUE Y ATROPELLO,39
AYACUCHO,2018,DESPISTE Y VOLCADURA,61
AYACUCHO,2018,COLISIÓN Y FUGA,1
AYACUCHO,2018,COLISIÓN,0
AYACUCHO,2018,OTRO,10
AYACUCHO,2019,ATROPELLO,79
AYACUCHO,2019,ATROPELLO Y FUGA,39
AYACUCHO,2019,CHOQUE,200
AYACUCHO,2019,CHOQUE Y FUGA,137
AYACUCHO,2019,VOLCADURA,25
AYACUCHO,2019,CAIDA DE PASAJERO,22
AYACUCHO,2019,INCENDIO,0
AYACUCHO,2019,DESPISTE,108
AYACUCHO,2019,CHOQUE Y ATROPELLO,23
AYACUCHO,2019,DESPISTE Y VOLCADURA,41
AYACUCHO,2019,COLISIÓN Y FUGA,0
AYACUCHO,2019,COLISIÓN,3
AYACUCHO,2019,OTRO,24
AYACUCHO,2020,ATROPELLO,42
AYACUCHO,2020,ATROPELLO Y FUGA,13
AYACUCHO,2020,CHOQUE,138
AYACUCHO,2020,CHOQUE Y FUGA,56
AYACUCHO,2020,VOLCADURA,32
AYACUCHO,2020,CAIDA DE PASAJERO,10
AYACUCHO,2020,INCENDIO,0
AYACUCHO,2020,DESPISTE,65
AYACUCHO,2020,CHOQUE Y ATROPELLO,9
AYACUCHO,2020,DESPISTE Y VOLCADURA,24
AYACUCHO,2020,COLISIÓN Y FUGA,0
AYACUCHO,2020,COLISIÓN,1
AYACUCHO,2020,OTRO,20
AYACUCHO,2021,ATROPELLO,61
AYACUCHO,2021,ATROPELLO Y FUGA,18
AYACUCHO,2021,CHOQUE,195
AYACUCHO,2021,CHOQUE Y FUGA,64
AYACUCHO,2021,VOLCADURA,17
AYACUCHO,2021,CAIDA DE PASAJERO,15
AYACUCHO,2021,INCENDIO,0
AYACUCHO,2021,DESPISTE,54
AYACUCHO,2021,CHOQUE Y ATROPELLO,2
AYACUCHO,2021,DESPISTE Y VOLCADURA,42
AYACUCHO,2021,COLISIÓN Y FUGA,0
AYACUCHO,2021,COLISIÓN,0
AYACUCHO,2021,OTRO,18
AYACUCHO,2022,ATROPELLO,61
AYACUCHO,2022,ATROPELLO Y FUGA,18
AYACUCHO,2022,CHOQUE,184
AYACUCHO,2022,CHOQUE Y FUGA,59
AYACUCHO,2022,VOLCADURA,25
AYACUCHO,2022,CAIDA DE PASAJERO,4
AYACUCHO,2022,INCENDIO,0
AYACUCHO,2022,DESPISTE,42
AYACUCHO,2022,CHOQUE Y ATROPELLO,4
AYACUCHO,2022,DESPISTE Y VOLCADURA,36
AYACUCHO,2022,COLISIÓN Y FUGA,0
AYACUCHO,2022,COLISIÓN,1
AYACUCHO,2022,OTRO,20
AYACUCHO,2023,ATROPELLO,53
AYACUCHO,2023,ATROPELLO Y FUGA,13
AYACUCHO,2023,CHOQUE,158
AYACUCHO,2023,CHOQUE Y FUGA,55
AYACUCHO,2023,VOLCADURA,8
AYACUCHO,2023,CAIDA DE PASAJERO,0
AYACUCHO,2023,INCENDIO,0
AYACUCHO,2023,DESPISTE,76
AYACUCHO,2023,CHOQUE Y ATROPELLO,0
AYACUCHO,2023,DESPISTE Y VOLCADURA,40
AYACUCHO,2023,COLISIÓN Y FUGA,0
AYACUCHO,2023,COLISIÓN,0
AYACUCHO,2023,OTRO,12
AYACUCHO,2024,ATROPELLO,56
AYACUCHO,2024,ATROPELLO Y FUGA,23
AYACUCHO,2024,CHOQUE,168
AYACUCHO,2024,CHOQUE Y FUGA,58
AYACUCHO,2024,VOLCADURA,34
AYACUCHO,2024,CAIDA DE PASAJERO,20
AYACUCHO,2024,INCENDIO,1
AYACUCHO,2024,DESPISTE,68
AYACUCHO,2024,CHOQUE Y ATROPELLO,5
AYACUCHO,2024,DESPISTE Y VOLCADURA,27
AYACUCHO,2024,COLISIÓN Y FUGA,2
AYACUCHO,2024,COLISIÓN,6
AYACUCHO,2024,OTRO,81
CAJAMARCA,2008,ATROPELLO,434
CAJAMARCA,2008,ATROPELLO Y FUGA,177
CAJAMARCA,2008,CHOQUE,1017
CAJAMARCA,2008,CHOQUE Y FUGA,662
CAJAMARCA,2008,VOLCADURA,205
CAJAMARCA,2008,CAIDA DE PASAJERO,68
CAJAMARCA,2008,INCENDIO,2
CAJAMARCA,2008,OTRO,505
CAJAMARCA,2009,ATROPELLO,405
CAJAMARCA,2009,ATROPELLO Y FUGA,147
CAJAMARCA,2009,CHOQUE,1234
CAJAMARCA,2009,CHOQUE Y FUGA,591
CAJAMARCA,2009,VOLCADURA,104
CAJAMARCA,2009,CAIDA DE PASAJERO,48
CAJAMARCA,2009,INCENDIO,1
CAJAMARCA,2009,OTRO,1060
CAJAMARCA,2010,ATROPELLO,404
CAJAMARCA,2010,ATROPELLO Y FUGA,154
CAJAMARCA,2010,CHOQUE,1326
CAJAMARCA,2010,CHOQUE Y FUGA,385
CAJAMARCA,2010,VOLCADURA,112
CAJAMARCA,2010,CAIDA DE PASAJERO,20
CAJAMARCA,2010,INCENDIO,0
CAJAMARCA,2010,DESPISTE,272
CAJAMARCA,2010,OTRO,509
CAJAMARCA,2011,ATROPELLO,380
CAJAMARCA,2011,ATROPELLO Y FUGA,147
CAJAMARCA,2011,CHOQUE,1183
CAJAMARCA,2011,CHOQUE Y FUGA,336
CAJAMARCA,2011,VOLCADURA,92
CAJAMARCA,2011,CAIDA DE PASAJERO,47
CAJAMARCA,2011,INCENDIO,4
CAJAMARCA,2011,DESPISTE,385
CAJAMARCA,2011,OTRO,371
CAJAMARCA,2012,ATROPELLO,408
CAJAMARCA,2012,ATROPELLO Y FUGA,159
CAJAMARCA,2012,CHOQUE,920
CAJAMARCA,2012,CHOQUE Y FUGA,338
CAJAMARCA,2012,VOLCADURA,99
CAJAMARCA,2012,CAIDA DE PASAJERO,44
CAJAMARCA,2012,INCENDIO,151
CAJAMARCA,2012,DESPISTE,596
CAJAMARCA,2012,OTRO,471
CAJAMARCA,2013,ATROPELLO,314
CAJAMARCA,2013,ATROPELLO Y FUGA,161
CAJAMARCA,2013,CHOQUE,1237
CAJAMARCA,2013,CHOQUE Y FUGA,423
CAJAMARCA,2013,VOLCADURA,56
CAJAMARCA,2013,CAIDA DE PASAJERO,33
CAJAMARCA,2013,INCENDIO,4
CAJAMARCA,2013,DESPISTE,764
CAJAMARCA,2013,OTRO,164
CAJAMARCA,2014,ATROPELLO,331
CAJAMARCA,2014,ATROPELLO Y FUGA,71
CAJAMARCA,2014,CHOQUE,947
CAJAMARCA,2014,CHOQUE Y FUGA,198
CAJAMARCA,2014,VOLCADURA,77
CAJAMARCA,2014,CAIDA DE PASAJERO,19
CAJAMARCA,2014,INCENDIO,1
CAJAMARCA,2014,DESPISTE,379
CAJAMARCA,2014,OTRO,96
CAJAMARCA,2015,ATROPELLO,209
CAJAMARCA,2015,ATROPELLO Y FUGA,23
CAJAMARCA,2015,CHOQUE,666
CAJAMARCA,2015,CHOQUE Y FUGA,127
CAJAMARCA,2015,VOLCADURA,33
CAJAMARCA,2015,CAIDA DE PASAJERO,21
CAJAMARCA,2015,INCENDIO,0
CAJAMARCA,2015,DESPISTE,146
CAJAMARCA,2015,DESPISTE Y VOLCADURA,18
CAJAMARCA,2015,COLISION,0
CAJAMARCA,2015,CHOQUE Y ATROPELLO,9
CAJAMARCA,2015,OTRO,24
CAJAMARCA,2016,ATROPELLO,260
CAJAMARCA,2016,ATROPELLO Y FUGA,35
CAJAMARCA,2016,CHOQUE,617
CAJAMARCA,2016,CHOQUE Y FUGA,74
CAJAMARCA,2016,VOLCADURA,35
CAJAMARCA,2016,CAIDA DE PASAJERO,21
CAJAMARCA,2016,INCENDIO,2
CAJAMARCA,2016,DESPISTE,159
CAJAMARCA,2016,CHOQUE Y ATROPELLO,4
CAJAMARCA,2016,DESPISTE Y VOLCADURA,30
CAJAMARCA,2016,COLISION,10
CAJAMARCA,2016,OTRO,65
CAJAMARCA,2017,ATROPELLO,278
CAJAMARCA,2017,ATROPELLO Y FUGA,28
CAJAMARCA,2017,CHOQUE,910
CAJAMARCA,2017,CHOQUE Y FUGA,75
CAJAMARCA,2017,VOLCADURA,62
CAJAMARCA,2017,CAIDA DE PASAJERO,27
CAJAMARCA,2017,INCENDIO,0
CAJAMARCA,2017,DESPISTE,282
CAJAMARCA,2017,CHOQUE Y ATROPELLO,13
CAJAMARCA,2017,DESPISTE Y VOLCADURA,52
CAJAMARCA,2017,COLISIÓN,20
CAJAMARCA,2017,OTRO,30
CAJAMARCA,2018,ATROPELLO,304
CAJAMARCA,2018,ATROPELLO Y FUGA,20
CAJAMARCA,2018,CHOQUE,1065
CAJAMARCA,2018,CHOQUE Y FUGA,93
CAJAMARCA,2018,VOLCADURA,74
CAJAMARCA,2018,CAIDA DE PASAJERO,36
CAJAMARCA,2018,INCENDIO,0
CAJAMARCA,2018,DESPISTE,342
CAJAMARCA,2018,CHOQUE Y ATROPELLO,7
CAJAMARCA,2018,DESPISTE Y VOLCADURA,78
CAJAMARCA,2018,COLISIÓN Y FUGA,5
CAJAMARCA,2018,COLISIÓN,18
CAJAMARCA,2018,OTRO,35
CAJAMARCA,2019,ATROPELLO,322
CAJAMARCA,2019,ATROPELLO Y FUGA,43
CAJAMARCA,2019,CHOQUE,1075
CAJAMARCA,2019,CHOQUE Y FUGA,64
CAJAMARCA,2019,VOLCADURA,71
CAJAMARCA,2019,CAIDA DE PASAJERO,17
CAJAMARCA,2019,INCENDIO,0
CAJAMARCA,2019,DESPISTE,339
CAJAMARCA,2019,CHOQUE Y ATROPELLO,10
CAJAMARCA,2019,DESPISTE Y VOLCADURA,57
CAJAMARCA,2019,COLISIÓN Y FUGA,1
CAJAMARCA,2019,COLISIÓN,16
CAJAMARCA,2019,OTRO,72
CAJAMARCA,2020,ATROPELLO,154
CAJAMARCA,2020,ATROPELLO Y FUGA,11
CAJAMARCA,2020,CHOQUE,590
CAJAMARCA,2020,CHOQUE Y FUGA,32
CAJAMARCA,2020,VOLCADURA,66
CAJAMARCA,2020,CAIDA DE PASAJERO,15
CAJAMARCA,2020,INCENDIO,0
CAJAMARCA,2020,DESPISTE,290
CAJAMARCA,2020,CHOQUE Y ATROPELLO,16
CAJAMARCA,2020,DESPISTE Y VOLCADURA,25
CAJAMARCA,2020,COLISIÓN Y FUGA,4
CAJAMARCA,2020,COLISIÓN,12
CAJAMARCA,2020,OTRO,88
CAJAMARCA,2021,ATROPELLO,212
CAJAMARCA,2021,ATROPELLO Y FUGA,28
CAJAMARCA,2021,CHOQUE,902
CAJAMARCA,2021,CHOQUE Y FUGA,101
CAJAMARCA,2021,VOLCADURA,89
CAJAMARCA,2021,CAIDA DE PASAJERO,35
CAJAMARCA,2021,INCENDIO,89
CAJAMARCA,2021,DESPISTE,327
CAJAMARCA,2021,CHOQUE Y ATROPELLO,57
CAJAMARCA,2021,DESPISTE Y VOLCADURA,45
CAJAMARCA,2021,COLISIÓN Y FUGA,3
CAJAMARCA,2021,COLISIÓN,13
CAJAMARCA,2021,OTRO,105
CAJAMARCA,2022,ATROPELLO,236
CAJAMARCA,2022,ATROPELLO Y FUGA,26
CAJAMARCA,2022,CHOQUE,838
CAJAMARCA,2022,CHOQUE Y FUGA,150
CAJAMARCA,2022,VOLCADURA,124
CAJAMARCA,2022,CAIDA DE PASAJERO,21
CAJAMARCA,2022,INCENDIO,2
CAJAMARCA,2022,DESPISTE,400
CAJAMARCA,2022,CHOQUE Y ATROPELLO,46
CAJAMARCA,2022,DESPISTE Y VOLCADURA,59
CAJAMARCA,2022,COLISIÓN Y FUGA,19
CAJAMARCA,2022,COLISIÓN,5
CAJAMARCA,2022,OTRO,182
CAJAMARCA,2023,ATROPELLO,247
CAJAMARCA,2023,ATROPELLO Y FUGA,36
CAJAMARCA,2023,CHOQUE,835
CAJAMARCA,2023,CHOQUE Y FUGA,72
CAJAMARCA,2023,VOLCADURA,167
CAJAMARCA,2023,CAIDA DE PASAJERO,43
CAJAMARCA,2023,INCENDIO,1
CAJAMARCA,2023,DESPISTE,454
CAJAMARCA,2023,CHOQUE Y ATROPELLO,25
CAJAMARCA,2023,DESPISTE Y VOLCADURA,46
CAJAMARCA,2023,COLISIÓN Y FUGA,5
CAJAMARCA,2023,COLISIÓN,2
CAJAMARCA,2023,OTRO,159
CAJAMARCA,2024,ATROPELLO,281
CAJAMARCA,2024,ATROPELLO Y FUGA,30
CAJAMARCA,2024,CHOQUE,925
CAJAMARCA,2024,CHOQUE Y FUGA,89
CAJAMARCA,2024,VOLCADURA,150
CAJAMARCA,2024,CAIDA DE PASAJERO,40
CAJAMARCA,2024,INCENDIO,129
CAJAMARCA,2024,DESPISTE,524
CAJAMARCA,2024,CHOQUE Y ATROPELLO,12
CAJAMARCA,2024,DESPISTE Y VOLCADURA,77
CAJAMARCA,2024,COLISIÓN Y FUGA,1
CAJAMARCA,2024,COLISIÓN,3
CAJAMARCA,2024,OTRO,17
CALLAO,2008,ATROPELLO,946
CALLAO,2008,ATROPELLO Y FUGA,200
CALLAO,2008,CHOQUE,1401
CALLAO,2008,CHOQUE Y FUGA,328
CALLAO,2008,VOLCADURA,96
CALLAO,2008,CAIDA DE PASAJERO,102
CALLAO,2008,INCENDIO,5
CALLAO,2008,OTRO,221
CALLAO,2009,ATROPELLO,790
CALLAO,2009,ATROPELLO Y FUGA,172
CALLAO,2009,CHOQUE,1469
CALLAO,2009,CHOQUE Y FUGA,254
CALLAO,2009,VOLCADURA,88
CALLAO,2009,CAIDA DE PASAJERO,98
CALLAO,2009,INCENDIO,6
CALLAO,2009,OTRO,235
CALLAO,2010,ATROPELLO,657
CALLAO,2010,ATROPELLO Y FUGA,124
CALLAO,2010,CHOQUE,1340
CALLAO,2010,CHOQUE Y FUGA,333
CALLAO,2010,VOLCADURA,38
CALLAO,2010,CAIDA DE PASAJERO,111
CALLAO,2010,INCENDIO,4
CALLAO,2010,DESPISTE,133
CALLAO,2010,OTRO,131
CALLAO,2011,ATROPELLO,630
CALLAO,2011,ATROPELLO Y FUGA,101
CALLAO,2011,CHOQUE,1324
CALLAO,2011,CHOQUE Y FUGA,371
CALLAO,2011,VOLCADURA,39
CALLAO,2011,CAIDA DE PASAJERO,116
CALLAO,2011,INCENDIO,0
CALLAO,2011,DESPISTE,223
CALLAO,2011,OTRO,127
CALLAO,2012,ATROPELLO,627
CALLAO,2012,ATROPELLO Y FUGA,115
CALLAO,2012,CHOQUE,1535
CALLAO,2012,CHOQUE Y FUGA,603
CALLAO,2012,VOLCADURA,37
CALLAO,2012,CAIDA DE PASAJERO,177
CALLAO,2012,INCENDIO,4
CALLAO,2012,DESPISTE,305
CALLAO,2012,OTRO,151
CALLAO,2013,ATROPELLO,692
CALLAO,2013,ATROPELLO Y FUGA,142
CALLAO,2013,CHOQUE,1685
CALLAO,2013,CHOQUE Y FUGA,472
CALLAO,2013,VOLCADURA,70
CALLAO,2013,CAIDA DE PASAJERO,135
CALLAO,2013,INCENDIO,2
CALLAO,2013,DESPISTE,250
CALLAO,2013,OTRO,95
CALLAO,2014,ATROPELLO,551
CALLAO,2014,ATROPELLO Y FUGA,125
CALLAO,2014,CHOQUE,1578
CALLAO,2014,CHOQUE Y FUGA,383
CALLAO,2014,VOLCADURA,38
CALLAO,2014,CAIDA DE PASAJERO,180
CALLAO,2014,INCENDIO,8
CALLAO,2014,DESPISTE,246
CALLAO,2014,OTRO,293
CALLAO,2015,ATROPELLO,533
CALLAO,2015,ATROPELLO Y FUGA,80
CALLAO,2015,CHOQUE,1678
CALLAO,2015,CHOQUE Y FUGA,453
CALLAO,2015,VOLCADURA,29
CALLAO,2015,CAIDA DE PASAJERO,154
CALLAO,2015,INCENDIO,3
CALLAO,2015,DESPISTE,325
CALLAO,2015,DESPISTE Y VOLCADURA,40
CALLAO,2015,COLISION,6
CALLAO,2015,CHOQUE Y ATROPELLO,76
CALLAO,2015,OTRO,177
CALLAO,2016,ATROPELLO,500
CALLAO,2016,ATROPELLO Y FUGA,82
CALLAO,2016,CHOQUE,1634
CALLAO,2016,CHOQUE Y FUGA,411
CALLAO,2016,VOLCADURA,37
CALLAO,2016,CAIDA DE PASAJERO,158
CALLAO,2016,INCENDIO,0
CALLAO,2016,DESPISTE,318
CALLAO,2016,CHOQUE Y ATROPELLO,44
CALLAO,2016,DESPISTE Y VOLCADURA,28
CALLAO,2016,COLISION,0
CALLAO,2016,OTRO,218
CALLAO,2017,ATROPELLO,491
CALLAO,2017,ATROPELLO Y FUGA,92
CALLAO,2017,CHOQUE,1690
CALLAO,2017,CHOQUE Y FUGA,441
CALLAO,2017,VOLCADURA,37
CALLAO,2017,CAIDA DE PASAJERO,110
CALLAO,2017,INCENDIO,4
CALLAO,2017,DESPISTE,276
CALLAO,2017,CHOQUE Y ATROPELLO,29
CALLAO,2017,DESPISTE Y VOLCADURA,35
CALLAO,2017,COLISIÓN,2
CALLAO,2017,OTRO,195
CALLAO,2018,ATROPELLO,484
CALLAO,2018,ATROPELLO Y FUGA,77
CALLAO,2018,CHOQUE,1809
CALLAO,2018,CHOQUE Y FUGA,408
CALLAO,2018,VOLCADURA,28
CALLAO,2018,CAIDA DE PASAJERO,75
CALLAO,2018,INCENDIO,0
CALLAO,2018,DESPISTE,290
CALLAO,2018,CHOQUE Y ATROPELLO,14
CALLAO,2018,DESPISTE Y VOLCADURA,12
CALLAO,2018,COLISIÓN Y FUGA,5
CALLAO,2018,COLISIÓN,3
CALLAO,2018,OTRO,212
CALLAO,2019,ATROPELLO,502
CALLAO,2019,ATROPELLO Y FUGA,98
CALLAO,2019,CHOQUE,1536
CALLAO,2019,CHOQUE Y FUGA,342
CALLAO,2019,VOLCADURA,30
CALLAO,2019,CAIDA DE PASAJERO,55
CALLAO,2019,INCENDIO,3
CALLAO,2019,DESPISTE,265
CALLAO,2019,CHOQUE Y ATROPELLO,20
CALLAO,2019,DESPISTE Y VOLCADURA,12
CALLAO,2019,COLISIÓN Y FUGA,5
CALLAO,2019,COLISIÓN,1
CALLAO,2019,OTRO,264
CALLAO,2020,ATROPELLO,214
CALLAO,2020,ATROPELLO Y FUGA,39
CALLAO,2020,CHOQUE,975
CALLAO,2020,CHOQUE Y FUGA,202
CALLAO,2020,VOLCADURA,14
CALLAO,2020,CAIDA DE PASAJERO,26
CALLAO,2020,INCENDIO,3
CALLAO,2020,DESPISTE,242
CALLAO,2020,CHOQUE Y ATROPELLO,12
CALLAO,2020,DESPISTE Y VOLCADURA,16
CALLAO,2020,COLISIÓN Y FUGA,0
CALLAO,2020,COLISIÓN,0
CALLAO,2020,OTRO,265
CALLAO,2021,ATROPELLO,312
CALLAO,2021,ATROPELLO Y FUGA,36
CALLAO,2021,CHOQUE,1548
CALLAO,2021,CHOQUE Y FUGA,259
CALLAO,2021,VOLCADURA,37
CALLAO,2021,CAIDA DE PASAJERO,30
CALLAO,2021,INCENDIO,0
CALLAO,2021,DESPISTE,412
CALLAO,2021,CHOQUE Y ATROPELLO,30
CALLAO,2021,DESPISTE Y VOLCADURA,15
CALLAO,2021,COLISIÓN Y FUGA,0
CALLAO,2021,COLISIÓN,4
CALLAO,2021,OTRO,90
CALLAO,2022,ATROPELLO,320
CALLAO,2022,ATROPELLO Y FUGA,38
CALLAO,2022,CHOQUE,1560
CALLAO,2022,CHOQUE Y FUGA,262
CALLAO,2022,VOLCADURA,36
CALLAO,2022,CAIDA DE PASAJERO,27
CALLAO,2022,INCENDIO,1
CALLAO,2022,DESPISTE,363
CALLAO,2022,CHOQUE Y ATROPELLO,26
CALLAO,2022,DESPISTE Y VOLCADURA,10
CALLAO,2022,COLISIÓN Y FUGA,1
CALLAO,2022,COLISIÓN,6
CALLAO,2022,OTRO,73
CALLAO,2023,ATROPELLO,276
CALLAO,2023,ATROPELLO Y FUGA,45
CALLAO,2023,CHOQUE,1810
CALLAO,2023,CHOQUE Y FUGA,322
CALLAO,2023,VOLCADURA,17
CALLAO,2023,CAIDA DE PASAJERO,35
CALLAO,2023,INCENDIO,0
CALLAO,2023,DESPISTE,374
CALLAO,2023,CHOQUE Y ATROPELLO,15
CALLAO,2023,DESPISTE Y VOLCADURA,23
CALLAO,2023,COLISIÓN Y FUGA,0
CALLAO,2023,COLISIÓN,6
CALLAO,2023,OTRO,122
CALLAO,2024,ATROPELLO,329
CALLAO,2024,ATROPELLO Y FUGA,31
CALLAO,2024,CHOQUE,1927
CALLAO,2024,CHOQUE Y FUGA,348
CALLAO,2024,VOLCADURA,36
CALLAO,2024,CAIDA DE PASAJERO,25
CALLAO,2024,INCENDIO,0
CALLAO,2024,DESPISTE,324
CALLAO,2024,CHOQUE Y ATROPELLO,56
CALLAO,2024,DESPISTE Y VOLCADURA,19
CALLAO,2024,COLISIÓN Y FUGA,0
CALLAO,2024,COLISIÓN,3
CALLAO,2024,OTRO,134
CUSCO,2008,ATROPELLO,666
CUSCO,2008,ATROPELLO Y FUGA,169
CUSCO,2008,CHOQUE,958
CUSCO,2008,CHOQUE Y FUGA,312
CUSCO,2008,VOLCADURA,140
CUSCO,2008,CAIDA DE PASAJERO,90
CUSCO,2008,INCENDIO,16
CUSCO,2008,OTRO,163
CUSCO,2009,ATROPELLO,625
CUSCO,2009,ATROPELLO Y FUGA,130
CUSCO,2009,CHOQUE,480
CUSCO,2009,CHOQUE Y FUGA,219
CUSCO,2009,VOLCADURA,98
CUSCO,2009,CAIDA DE PASAJERO,44
CUSCO,2009,INCENDIO,6
CUSCO,2009,OTRO,172
CUSCO,2010,ATROPELLO,184
CUSCO,2010,ATROPELLO Y FUGA,29
CUSCO,2010,CHOQUE,85
CUSCO,2010,CHOQUE Y FUGA,15
CUSCO,2010,VOLCADURA,17
CUSCO,2010,CAIDA DE PASAJERO,10
CUSCO,2010,INCENDIO,0
CUSCO,2010,DESPISTE,0
CUSCO,2010,OTRO,66
CUSCO,2011,ATROPELLO,158
CUSCO,2011,ATROPELLO Y FUGA,48
CUSCO,2011,CHOQUE,148
CUSCO,2011,CHOQUE Y FUGA,20
CUSCO,2011,VOLCADURA,39
CUSCO,2011,CAIDA DE PASAJERO,3
CUSCO,2011,INCENDIO,5
CUSCO,2011,DESPISTE,27
CUSCO,2011,OTRO,101
CUSCO,2012,ATROPELLO,511
CUSCO,2012,ATROPELLO Y FUGA,83
CUSCO,2012,CHOQUE,590
CUSCO,2012,CHOQUE Y FUGA,174
CUSCO,2012,VOLCADURA,83
CUSCO,2012,CAIDA DE PASAJERO,35
CUSCO,2012,INCENDIO,49
CUSCO,2012,DESPISTE,163
CUSCO,2012,OTRO,269
CUSCO,2013,ATROPELLO,880
CUSCO,2013,ATROPELLO Y FUGA,160
CUSCO,2013,CHOQUE,1563
CUSCO,2013,CHOQUE Y FUGA,489
CUSCO,2013,VOLCADURA,150
CUSCO,2013,CAIDA DE PASAJERO,94
CUSCO,2013,INCENDIO,40
CUSCO,2013,DESPISTE,314
CUSCO,2013,OTRO,319
CUSCO,2014,ATROPELLO,945
CUSCO,2014,ATROPELLO Y FUGA,102
CUSCO,2014,CHOQUE,1669
CUSCO,2014,CHOQUE Y FUGA,421
CUSCO,2014,VOLCADURA,122
CUSCO,2014,CAIDA DE PASAJERO,121
CUSCO,2014,INCENDIO,67
CUSCO,2014,DESPISTE,220
CUSCO,2014,OTRO,433
CUSCO,2015,ATROPELLO,940
CUSCO,2015,ATROPELLO Y FUGA,100
CUSCO,2015,CHOQUE,2364
CUSCO,2015,CHOQUE Y FUGA,351
CUSCO,2015,VOLCADURA,82
CUSCO,2015,CAIDA DE PASAJERO,92
CUSCO,2015,INCENDIO,0
CUSCO,2015,DESPISTE,261
CUSCO,2015,DESPISTE Y VOLCADURA,168
CUSCO,2015,COLISION,24
CUSCO,2015,CHOQUE Y ATROPELLO,49
CUSCO,2015,OTRO,173
CUSCO,2016,ATROPELLO,759
CUSCO,2016,ATROPELLO Y FUGA,42
CUSCO,2016,CHOQUE,1557
CUSCO,2016,CHOQUE Y FUGA,204
CUSCO,2016,VOLCADURA,58
CUSCO,2016,CAIDA DE PASAJERO,70
CUSCO,2016,INCENDIO,1
CUSCO,2016,DESPISTE,262
CUSCO,2016,CHOQUE Y ATROPELLO,14
CUSCO,2016,DESPISTE Y VOLCADURA,143
CUSCO,2016,COLISION,7
CUSCO,2016,OTRO,249
CUSCO,2017,ATROPELLO,781
CUSCO,2017,ATROPELLO Y FUGA,55
CUSCO,2017,CHOQUE,1324
CUSCO,2017,CHOQUE Y FUGA,211
CUSCO,2017,VOLCADURA,64
CUSCO,2017,CAIDA DE PASAJERO,135
CUSCO,2017,INCENDIO,0
CUSCO,2017,DESPISTE,276
CUSCO,2017,CHOQUE Y ATROPELLO,37
CUSCO,2017,DESPISTE Y VOLCADURA,143
CUSCO,2017,COLISIÓN,16
CUSCO,2017,OTRO,193
CUSCO,2018,ATROPELLO,1008
CUSCO,2018,ATROPELLO Y FUGA,67
CUSCO,2018,CHOQUE,1612
CUSCO,2018,CHOQUE Y FUGA,183
CUSCO,2018,VOLCADURA,86
CUSCO,2018,CAIDA DE PASAJERO,146
CUSCO,2018,INCENDIO,8
CUSCO,2018,DESPISTE,450
CUSCO,2018,CHOQUE Y ATROPELLO,53
CUSCO,2018,DESPISTE Y VOLCADURA,159
CUSCO,2018,COLISIÓN Y FUGA,5
CUSCO,2018,COLISIÓN,15
CUSCO,2018,OTRO,218
CUSCO,2019,ATROPELLO,982
CUSCO,2019,ATROPELLO Y FUGA,99
CUSCO,2019,CHOQUE,1752
CUSCO,2019,CHOQUE Y FUGA,188
CUSCO,2019,VOLCADURA,84
CUSCO,2019,CAIDA DE PASAJERO,133
CUSCO,2019,INCENDIO,1
CUSCO,2019,DESPISTE,404
CUSCO,2019,CHOQUE Y ATROPELLO,33
CUSCO,2019,DESPISTE Y VOLCADURA,154
CUSCO,2019,COLISIÓN Y FUGA,3
CUSCO,2019,COLISIÓN,23
CUSCO,2019,OTRO,194
CUSCO,2020,ATROPELLO,463
CUSCO,2020,ATROPELLO Y FUGA,36
CUSCO,2020,CHOQUE,1118
CUSCO,2020,CHOQUE Y FUGA,79
CUSCO,2020,VOLCADURA,55
CUSCO,2020,CAIDA DE PASAJERO,42
CUSCO,2020,INCENDIO,1
CUSCO,2020,DESPISTE,308
CUSCO,2020,CHOQUE Y ATROPELLO,30
CUSCO,2020,DESPISTE Y VOLCADURA,98
CUSCO,2020,COLISIÓN Y FUGA,6
CUSCO,2020,COLISIÓN,2
CUSCO,2020,OTRO,80
CUSCO,2021,ATROPELLO,508
CUSCO,2021,ATROPELLO Y FUGA,50
CUSCO,2021,CHOQUE,1481
CUSCO,2021,CHOQUE Y FUGA,87
CUSCO,2021,VOLCADURA,95
CUSCO,2021,CAIDA DE PASAJERO,55
CUSCO,2021,INCENDIO,1
CUSCO,2021,DESPISTE,417
CUSCO,2021,CHOQUE Y ATROPELLO,44
CUSCO,2021,DESPISTE Y VOLCADURA,150
CUSCO,2021,COLISIÓN Y FUGA,5
CUSCO,2021,COLISIÓN,4
CUSCO,2021,OTRO,99
CUSCO,2022,ATROPELLO,664
CUSCO,2022,ATROPELLO Y FUGA,71
CUSCO,2022,CHOQUE,1522
CUSCO,2022,CHOQUE Y FUGA,146
CUSCO,2022,VOLCADURA,95
CUSCO,2022,CAIDA DE PASAJERO,89
CUSCO,2022,INCENDIO,1
CUSCO,2022,DESPISTE,454
CUSCO,2022,CHOQUE Y ATROPELLO,48
CUSCO,2022,DESPISTE Y VOLCADURA,107
CUSCO,2022,COLISIÓN Y FUGA,2
CUSCO,2022,COLISIÓN,4
CUSCO,2022,OTRO,162
CUSCO,2023,ATROPELLO,834
CUSCO,2023,ATROPELLO Y FUGA,82
CUSCO,2023,CHOQUE,1391
CUSCO,2023,CHOQUE Y FUGA,137
CUSCO,2023,VOLCADURA,84
CUSCO,2023,CAIDA DE PASAJERO,96
CUSCO,2023,INCENDIO,1
CUSCO,2023,DESPISTE,389
CUSCO,2023,CHOQUE Y ATROPELLO,25
CUSCO,2023,DESPISTE Y VOLCADURA,90
CUSCO,2023,COLISIÓN Y FUGA,1
CUSCO,2023,COLISIÓN,3
CUSCO,2023,OTRO,101
CUSCO,2024,ATROPELLO,889
CUSCO,2024,ATROPELLO Y FUGA,57
CUSCO,2024,CHOQUE,1535
CUSCO,2024,CHOQUE Y FUGA,123
CUSCO,2024,VOLCADURA,87
CUSCO,2024,CAIDA DE PASAJERO,132
CUSCO,2024,INCENDIO,2
CUSCO,2024,DESPISTE,431
CUSCO,2024,CHOQUE Y ATROPELLO,41
CUSCO,2024,DESPISTE Y VOLCADURA,60
CUSCO,2024,COLISIÓN Y FUGA,4
CUSCO,2024,COLISIÓN,10
CUSCO,2024,OTRO,204
HUANCAVELICA,2008,ATROPELLO,10
HUANCAVELICA,2008,ATROPELLO Y FUGA,0
HUANCAVELICA,2008,CHOQUE,13
HUANCAVELICA,2008,CHOQUE Y FUGA,0
HUANCAVELICA,2008,VOLCADURA,9
HUANCAVELICA,2008,CAIDA DE PASAJERO,0
HUANCAVELICA,2008,INCENDIO,0
HUANCAVELICA,2008,OTRO,15
HUANCAVELICA,2009,ATROPELLO,5
HUANCAVELICA,2009,ATROPELLO Y FUGA,1
HUANCAVELICA,2009,CHOQUE,15
HUANCAVELICA,2009,CHOQUE Y FUGA,1
HUANCAVELICA,2009,VOLCADURA,11
HUANCAVELICA,2009,CAIDA DE PASAJERO,0
HUANCAVELICA,2009,INCENDIO,0
HUANCAVELICA,2009,OTRO,23
HUANCAVELICA,2010,ATROPELLO,10
HUANCAVELICA,2010,ATROPELLO Y FUGA,5
HUANCAVELICA,2010,CHOQUE,38
HUANCAVELICA,2010,CHOQUE Y FUGA,0
HUANCAVELICA,2010,VOLCADURA,4
HUANCAVELICA,2010,CAIDA DE PASAJERO,2
HUANCAVELICA,2010,INCENDIO,0
HUANCAVELICA,2010,DESPISTE,7
HUANCAVELICA,2010,OTRO,5
HUANCAVELICA,2011,ATROPELLO,14
HUANCAVELICA,2011,ATROPELLO Y FUGA,2
HUANCAVELICA,2011,CHOQUE,16
HUANCAVELICA,2011,CHOQUE Y FUGA,4
HUANCAVELICA,2011,VOLCADURA,7
HUANCAVELICA,2011,CAIDA DE PASAJERO,0
HUANCAVELICA,2011,INCENDIO,0
HUANCAVELICA,2011,DESPISTE,5
HUANCAVELICA,2011,OTRO,2
HUANCAVELICA,2012,ATROPELLO,38
HUANCAVELICA,2012,ATROPELLO Y FUGA,1
HUANCAVELICA,2012,CHOQUE,58
HUANCAVELICA,2012,CHOQUE Y FUGA,2
HUANCAVELICA,2012,VOLCADURA,30
HUANCAVELICA,2012,CAIDA DE PASAJERO,0
HUANCAVELICA,2012,INCENDIO,0
HUANCAVELICA,2012,DESPISTE,36
HUANCAVELICA,2012,OTRO,9
HUANCAVELICA,2013,ATROPELLO,14
HUANCAVELICA,2013,ATROPELLO Y FUGA,2
HUANCAVELICA,2013,CHOQUE,22
HUANCAVELICA,2013,CHOQUE Y FUGA,5
HUANCAVELICA,2013,VOLCADURA,15
HUANCAVELICA,2013,CAIDA DE PASAJERO,0
HUANCAVELICA,2013,INCENDIO,1
HUANCAVELICA,2013,DESPISTE,24
HUANCAVELICA,2013,OTRO,3
HUANCAVELICA,2014,ATROPELLO,32
HUANCAVELICA,2014,ATROPELLO Y FUGA,1
HUANCAVELICA,2014,CHOQUE,61
HUANCAVELICA,2014,CHOQUE Y FUGA,3
HUANCAVELICA,2014,VOLCADURA,16
HUANCAVELICA,2014,CAIDA DE PASAJERO,0
HUANCAVELICA,2014,INCENDIO,0
HUANCAVELICA,2014,DESPISTE,37
HUANCAVELICA,2014,OTRO,51
HUANCAVELICA,2015,ATROPELLO,32
HUANCAVELICA,2015,ATROPELLO Y FUGA,4
HUANCAVELICA,2015,CHOQUE,85
HUANCAVELICA,2015,CHOQUE Y FUGA,9
HUANCAVELICA,2015,VOLCADURA,11
HUANCAVELICA,2015,CAIDA DE PASAJERO,2
HUANCAVELICA,2015,INCENDIO,0
HUANCAVELICA,2015,DESPISTE,36
HUANCAVELICA,2015,DESPISTE Y VOLCADURA,60
HUANCAVELICA,2015,COLISION,1
HUANCAVELICA,2015,CHOQUE Y ATROPELLO,0
HUANCAVELICA,2015,OTRO,9
HUANCAVELICA,2016,ATROPELLO,45
HUANCAVELICA,2016,ATROPELLO Y FUGA,4
HUANCAVELICA,2016,CHOQUE,98
HUANCAVELICA,2016,CHOQUE Y FUGA,10
HUANCAVELICA,2016,VOLCADURA,9
HUANCAVELICA,2016,CAIDA DE PASAJERO,3
HUANCAVELICA,2016,INCENDIO,0
HUANCAVELICA,2016,DESPISTE,56
HUANCAVELICA,2016,CHOQUE Y ATROPELLO,0
HUANCAVELICA,2016,DESPISTE Y VOLCADURA,25
HUANCAVELICA,2016,COLISION,9
HUANCAVELICA,2016,OTRO,36
HUANCAVELICA,2017,ATROPELLO,34
HUANCAVELICA,2017,ATROPELLO Y FUGA,2
HUANCAVELICA,2017,CHOQUE,45
HUANCAVELICA,2017,CHOQUE Y FUGA,4
HUANCAVELICA,2017,VOLCADURA,8
HUANCAVELICA,2017,CAIDA DE PASAJERO,0
HUANCAVELICA,2017,INCENDIO,0
HUANCAVELICA,2017,DESPISTE,49
HUANCAVELICA,2017,CHOQUE Y ATROPELLO,10
HUANCAVELICA,2017,DESPISTE Y VOLCADURA,35
HUANCAVELICA,2017,COLISIÓN,7
HUANCAVELICA,2017,OTRO,26
HUANCAVELICA,2018,ATROPELLO,29
HUANCAVELICA,2018,ATROPELLO Y FUGA,11
HUANCAVELICA,2018,CHOQUE,69
HUANCAVELICA,2018,CHOQUE Y FUGA,12
HUANCAVELICA,2018,VOLCADURA,17
HUANCAVELICA,2018,CAIDA DE PASAJERO,2
HUANCAVELICA,2018,INCENDIO,0
HUANCAVELICA,2018,DESPISTE,40
HUANCAVELICA,2018,CHOQUE Y ATROPELLO,16
HUANCAVELICA,2018,DESPISTE Y VOLCADURA,41
HUANCAVELICA,2018,COLISIÓN Y FUGA,1
HUANCAVELICA,2018,COLISIÓN,1
HUANCAVELICA,2018,OTRO,18
HUANCAVELICA,2019,ATROPELLO,40
HUANCAVELICA,2019,ATROPELLO Y FUGA,4
HUANCAVELICA,2019,CHOQUE,78
HUANCAVELICA,2019,CHOQUE Y FUGA,6
HUANCAVELICA,2019,VOLCADURA,11
HUANCAVELICA,2019,CAIDA DE PASAJERO,3
HUANCAVELICA,2019,INCENDIO,0
HUANCAVELICA,2019,DESPISTE,71
HUANCAVELICA,2019,CHOQUE Y ATROPELLO,12
HUANCAVELICA,2019,DESPISTE Y VOLCADURA,46
HUANCAVELICA,2019,COLISIÓN Y FUGA,1
HUANCAVELICA,2019,COLISIÓN,1
HUANCAVELICA,2019,OTRO,21
HUANCAVELICA,2020,ATROPELLO,13
HUANCAVELICA,2020,ATROPELLO Y FUGA,1
HUANCAVELICA,2020,CHOQUE,49
HUANCAVELICA,2020,CHOQUE Y FUGA,3
HUANCAVELICA,2020,VOLCADURA,7
HUANCAVELICA,2020,CAIDA DE PASAJERO,0
HUANCAVELICA,2020,INCENDIO,0
HUANCAVELICA,2020,DESPISTE,44
HUANCAVELICA,2020,CHOQUE Y ATROPELLO,3
HUANCAVELICA,2020,DESPISTE Y VOLCADURA,39
HUANCAVELICA,2020,COLISIÓN Y FUGA,2
HUANCAVELICA,2020,COLISIÓN,0
HUANCAVELICA,2020,OTRO,9
HUANCAVELICA,2021,ATROPELLO,24
HUANCAVELICA,2021,ATROPELLO Y FUGA,2
HUANCAVELICA,2021,CHOQUE,74
HUANCAVELICA,2021,CHOQUE Y FUGA,1
HUANCAVELICA,2021,VOLCADURA,3
HUANCAVELICA,2021,CAIDA DE PASAJERO,2
HUANCAVELICA,2021,INCENDIO,0
HUANCAVELICA,2021,DESPISTE,58
HUANCAVELICA,2021,CHOQUE Y ATROPELLO,1
HUANCAVELICA,2021,DESPISTE Y VOLCADURA,49
HUANCAVELICA,2021,COLISIÓN Y FUGA,1
HUANCAVELICA,2021,COLISIÓN,3
HUANCAVELICA,2021,OTRO,24
HUANCAVELICA,2022,ATROPELLO,26
HUANCAVELICA,2022,ATROPELLO Y FUGA,2
HUANCAVELICA,2022,CHOQUE,56
HUANCAVELICA,2022,CHOQUE Y FUGA,0
HUANCAVELICA,2022,VOLCADURA,9
HUANCAVELICA,2022,CAIDA DE PASAJERO,0
HUANCAVELICA,2022,INCENDIO,0
HUANCAVELICA,2022,DESPISTE,43
HUANCAVELICA,2022,CHOQUE Y ATROPELLO,0
HUANCAVELICA,2022,DESPISTE Y VOLCADURA,44
HUANCAVELICA,2022,COLISIÓN Y FUGA,3
HUANCAVELICA,2022,COLISIÓN,1
HUANCAVELICA,2022,OTRO,16
HUANCAVELICA,2023,ATROPELLO,31
HUANCAVELICA,2023,ATROPELLO Y FUGA,1
HUANCAVELICA,2023,CHOQUE,67
HUANCAVELICA,2023,CHOQUE Y FUGA,0
HUANCAVELICA,2023,VOLCADURA,9
HUANCAVELICA,2023,CAIDA DE PASAJERO,0
HUANCAVELICA,2023,INCENDIO,0
HUANCAVELICA,2023,DESPISTE,51
HUANCAVELICA,2023,CHOQUE Y ATROPELLO,1
HUANCAVELICA,2023,DESPISTE Y VOLCADURA,51
HUANCAVELICA,2023,COLISIÓN Y FUGA,1
HUANCAVELICA,2023,COLISIÓN,4
HUANCAVELICA,2023,OTRO,4
HUANCAVELICA,2024,ATROPELLO,26
HUANCAVELICA,2024,ATROPELLO Y FUGA,0
HUANCAVELICA,2024,CHOQUE,70
HUANCAVELICA,2024,CHOQUE Y FUGA,1
HUANCAVELICA,2024,VOLCADURA,15
HUANCAVELICA,2024,CAIDA DE PASAJERO,1
HUANCAVELICA,2024,INCENDIO,0
HUANCAVELICA,2024,DESPISTE,33
HUANCAVELICA,2024,CHOQUE Y ATROPELLO,1
HUANCAVELICA,2024,DESPISTE Y VOLCADURA,37
HUANCAVELICA,2024,COLISIÓN Y FUGA,2
HUANCAVELICA,2024,COLISIÓN,2
HUANCAVELICA,2024,OTRO,13
HUANUCO,2008,ATROPELLO,97
HUANUCO,2008,ATROPELLO Y FUGA,18
HUANUCO,2008,CHOQUE,231
HUANUCO,2008,CHOQUE Y FUGA,42
HUANUCO,2008,VOLCADURA,22
HUANUCO,2008,CAIDA DE PASAJERO,14
HUANUCO,2008,INCENDIO,2
HUANUCO,2008,OTRO,36
HUANUCO,2009,ATROPELLO,118
HUANUCO,2009,ATROPELLO Y FUGA,43
HUANUCO,2009,CHOQUE,377
HUANUCO,2009,CHOQUE Y FUGA,71
HUANUCO,2009,VOLCADURA,22
HUANUCO,2009,CAIDA DE PASAJERO,1
HUANUCO,2009,INCENDIO,1
HUANUCO,2009,OTRO,40
HUANUCO,2010,ATROPELLO,22
HUANUCO,2010,ATROPELLO Y FUGA,2
HUANUCO,2010,CHOQUE,431
HUANUCO,2010,CHOQUE Y FUGA,19
HUANUCO,2010,VOLCADURA,25
HUANUCO,2010,CAIDA DE PASAJERO,2
HUANUCO,2010,INCENDIO,0
HUANUCO,2010,DESPISTE,5
HUANUCO,2010,OTRO,2
HUANUCO,2011,ATROPELLO,54
HUANUCO,2011,ATROPELLO Y FUGA,15
HUANUCO,2011,CHOQUE,629
HUANUCO,2011,CHOQUE Y FUGA,18
HUANUCO,2011,VOLCADURA,41
HUANUCO,2011,CAIDA DE PASAJERO,4
HUANUCO,2011,INCENDIO,0
HUANUCO,2011,DESPISTE,16
HUANUCO,2011,OTRO,24
HUANUCO,2012,ATROPELLO,68
HUANUCO,2012,ATROPELLO Y FUGA,24
HUANUCO,2012,CHOQUE,823
HUANUCO,2012,CHOQUE Y FUGA,12
HUANUCO,2012,VOLCADURA,40
HUANUCO,2012,CAIDA DE PASAJERO,2
HUANUCO,2012,INCENDIO,2
HUANUCO,2012,DESPISTE,70
HUANUCO,2012,OTRO,29
HUANUCO,2013,ATROPELLO,113
HUANUCO,2013,ATROPELLO Y FUGA,13
HUANUCO,2013,CHOQUE,1045
HUANUCO,2013,CHOQUE Y FUGA,13
HUANUCO,2013,VOLCADURA,49
HUANUCO,2013,CAIDA DE PASAJERO,5
HUANUCO,2013,INCENDIO,0
HUANUCO,2013,DESPISTE,93
HUANUCO,2013,OTRO,317
HUANUCO,2014,ATROPELLO,146
HUANUCO,2014,ATROPELLO Y FUGA,14
HUANUCO,2014,CHOQUE,2451
HUANUCO,2014,CHOQUE Y FUGA,111
HUANUCO,2014,VOLCADURA,183
HUANUCO,2014,CAIDA DE PASAJERO,10
HUANUCO,2014,INCENDIO,0
HUANUCO,2014,DESPISTE,587
HUANUCO,2014,OTRO,781
HUANUCO,2015,ATROPELLO,76
HUANUCO,2015,ATROPELLO Y FUGA,17
HUANUCO,2015,CHOQUE,1930
HUANUCO,2015,CHOQUE Y FUGA,27
HUANUCO,2015,VOLCADURA,22
HUANUCO,2015,CAIDA DE PASAJERO,6
HUANUCO,2015,INCENDIO,1
HUANUCO,2015,DESPISTE,243
HUANUCO,2015,DESPISTE Y VOLCADURA,53
HUANUCO,2015,COLISION,176
HUANUCO,2015,CHOQUE Y ATROPELLO,3
HUANUCO,2015,OTRO,154
HUANUCO,2016,ATROPELLO,25
HUANUCO,2016,ATROPELLO Y FUGA,4
HUANUCO,2016,CHOQUE,1551
HUANUCO,2016,CHOQUE Y FUGA,3
HUANUCO,2016,VOLCADURA,5
HUANUCO,2016,CAIDA DE PASAJERO,18
HUANUCO,2016,INCENDIO,0
HUANUCO,2016,DESPISTE,208
HUANUCO,2016,CHOQUE Y ATROPELLO,0
HUANUCO,2016,DESPISTE Y VOLCADURA,15
HUANUCO,2016,COLISION,147
HUANUCO,2016,OTRO,91
HUANUCO,2017,ATROPELLO,134
HUANUCO,2017,ATROPELLO Y FUGA,6
HUANUCO,2017,CHOQUE,1140
HUANUCO,2017,CHOQUE Y FUGA,22
HUANUCO,2017,VOLCADURA,16
HUANUCO,2017,CAIDA DE PASAJERO,3
HUANUCO,2017,INCENDIO,0
HUANUCO,2017,DESPISTE,195
HUANUCO,2017,CHOQUE Y ATROPELLO,44
HUANUCO,2017,DESPISTE Y VOLCADURA,44
HUANUCO,2017,COLISIÓN,65
HUANUCO,2017,OTRO,55
HUANUCO,2018,ATROPELLO,168
HUANUCO,2018,ATROPELLO Y FUGA,15
HUANUCO,2018,CHOQUE,374
HUANUCO,2018,CHOQUE Y FUGA,19
HUANUCO,2018,VOLCADURA,13
HUANUCO,2018,CAIDA DE PASAJERO,14
HUANUCO,2018,INCENDIO,1
HUANUCO,2018,DESPISTE,102
HUANUCO,2018,CHOQUE Y ATROPELLO,25
HUANUCO,2018,DESPISTE Y VOLCADURA,39
HUANUCO,2018,COLISIÓN Y FUGA,0
HUANUCO,2018,COLISIÓN,1
HUANUCO,2018,OTRO,38
HUANUCO,2019,ATROPELLO,193
HUANUCO,2019,ATROPELLO Y FUGA,15
HUANUCO,2019,CHOQUE,497
HUANUCO,2019,CHOQUE Y FUGA,73
HUANUCO,2019,VOLCADURA,25
HUANUCO,2019,CAIDA DE PASAJERO,12
HUANUCO,2019,INCENDIO,0
HUANUCO,2019,DESPISTE,183
HUANUCO,2019,CHOQUE Y ATROPELLO,8
HUANUCO,2019,DESPISTE Y VOLCADURA,23
HUANUCO,2019,COLISIÓN Y FUGA,1
HUANUCO,2019,COLISIÓN,5
HUANUCO,2019,OTRO,27
HUANUCO,2020,ATROPELLO,121
HUANUCO,2020,ATROPELLO Y FUGA,13
HUANUCO,2020,CHOQUE,380
HUANUCO,2020,CHOQUE Y FUGA,41
HUANUCO,2020,VOLCADURA,32
HUANUCO,2020,CAIDA DE PASAJERO,6
HUANUCO,2020,INCENDIO,0
HUANUCO,2020,DESPISTE,156
HUANUCO,2020,CHOQUE Y ATROPELLO,3
HUANUCO,2020,DESPISTE Y VOLCADURA,32
HUANUCO,2020,COLISIÓN Y FUGA,1
HUANUCO,2020,COLISIÓN,2
HUANUCO,2020,OTRO,35
HUANUCO,2021,ATROPELLO,145
HUANUCO,2021,ATROPELLO Y FUGA,27
HUANUCO,2021,CHOQUE,524
HUANUCO,2021,CHOQUE Y FUGA,72
HUANUCO,2021,VOLCADURA,32
HUANUCO,2021,CAIDA DE PASAJERO,5
HUANUCO,2021,INCENDIO,1
HUANUCO,2021,DESPISTE,281
HUANUCO,2021,CHOQUE Y ATROPELLO,6
HUANUCO,2021,DESPISTE Y VOLCADURA,36
HUANUCO,2021,COLISIÓN Y FUGA,0
HUANUCO,2021,COLISIÓN,2
HUANUCO,2021,OTRO,68
HUANUCO,2022,ATROPELLO,177
HUANUCO,2022,ATROPELLO Y FUGA,29
HUANUCO,2022,CHOQUE,557
HUANUCO,2022,CHOQUE Y FUGA,42
HUANUCO,2022,VOLCADURA,29
HUANUCO,2022,CAIDA DE PASAJERO,10
HUANUCO,2022,INCENDIO,1
HUANUCO,2022,DESPISTE,263
HUANUCO,2022,CHOQUE Y ATROPELLO,8
HUANUCO,2022,DESPISTE Y VOLCADURA,21
HUANUCO,2022,COLISIÓN Y FUGA,1
HUANUCO,2022,COLISIÓN,1
HUANUCO,2022,OTRO,121
HUANUCO,2023,ATROPELLO,241
HUANUCO,2023,ATROPELLO Y FUGA,32
HUANUCO,2023,CHOQUE,545
HUANUCO,2023,CHOQUE Y FUGA,67
HUANUCO,2023,VOLCADURA,25
HUANUCO,2023,CAIDA DE PASAJERO,15
HUANUCO,2023,INCENDIO,7
HUANUCO,2023,DESPISTE,247
HUANUCO,2023,CHOQUE Y ATROPELLO,21
HUANUCO,2023,DESPISTE Y VOLCADURA,36
HUANUCO,2023,COLISIÓN Y FUGA,7
HUANUCO,2023,COLISIÓN,2
HUANUCO,2023,OTRO,45
HUANUCO,2024,ATROPELLO,202
HUANUCO,2024,ATROPELLO Y FUGA,36
HUANUCO,2024,CHOQUE,429
HUANUCO,2024,CHOQUE Y FUGA,35
HUANUCO,2024,VOLCADURA,34
HUANUCO,2024,CAIDA DE PASAJERO,23
HUANUCO,2024,INCENDIO,14
HUANUCO,2024,DESPISTE,236
HUANUCO,2024,CHOQUE Y ATROPELLO,18
HUANUCO,2024,DESPISTE Y VOLCADURA,44
HUANUCO,2024,COLISIÓN Y FUGA,2
HUANUCO,2024,COLISIÓN,8
HUANUCO,2024,OTRO,80
ICA,2008,ATROPELLO,272
ICA,2008,ATROPELLO Y FUGA,84
ICA,2008,CHOQUE,694
ICA,2008,CHOQUE Y FUGA,196
ICA,2008,VOLCADURA,66
ICA,2008,CAIDA DE PASAJERO,13
ICA,2008,INCENDIO,1
ICA,2008,OTRO,78
ICA,2009,ATROPELLO,290
ICA,2009,ATROPELLO Y FUGA,76
ICA,2009,CHOQUE,776
ICA,2009,CHOQUE Y FUGA,175
ICA,2009,VOLCADURA,58
ICA,2009,CAIDA DE PASAJERO,20
ICA,2009,INCENDIO,4
ICA,2009,OTRO,86
ICA,2010,ATROPELLO,299
ICA,2010,ATROPELLO Y FUGA,61
ICA,2010,CHOQUE,850
ICA,2010,CHOQUE Y FUGA,201
ICA,2010,VOLCADURA,65
ICA,2010,CAIDA DE PASAJERO,23
ICA,2010,INCENDIO,3
ICA,2010,DESPISTE,0
ICA,2010,OTRO,71
ICA,2011,ATROPELLO,283
ICA,2011,ATROPELLO Y FUGA,48
ICA,2011,CHOQUE,885
ICA,2011,CHOQUE Y FUGA,175
ICA,2011,VOLCADURA,62
ICA,2011,CAIDA DE PASAJERO,21
ICA,2011,INCENDIO,8
ICA,2011,DESPISTE,0
ICA,2011,OTRO,102
ICA,2012,ATROPELLO,254
ICA,2012,ATROPELLO Y FUGA,62
ICA,2012,CHOQUE,920
ICA,2012,CHOQUE Y FUGA,187
ICA,2012,VOLCADURA,44
ICA,2012,CAIDA DE PASAJERO,10
ICA,2012,INCENDIO,1
ICA,2012,DESPISTE,0
ICA,2012,OTRO,157
ICA,2013,ATROPELLO,255
ICA,2013,ATROPELLO Y FUGA,75
ICA,2013,CHOQUE,1103
ICA,2013,CHOQUE Y FUGA,205
ICA,2013,VOLCADURA,36
ICA,2013,CAIDA DE PASAJERO,9
ICA,2013,INCENDIO,3
ICA,2013,DESPISTE,1
ICA,2013,OTRO,220
ICA,2014,ATROPELLO,212
ICA,2014,ATROPELLO Y FUGA,76
ICA,2014,CHOQUE,878
ICA,2014,CHOQUE Y FUGA,151
ICA,2014,VOLCADURA,27
ICA,2014,CAIDA DE PASAJERO,2
ICA,2014,INCENDIO,13
ICA,2014,DESPISTE,34
ICA,2014,OTRO,119
ICA,2015,ATROPELLO,158
ICA,2015,ATROPELLO Y FUGA,21
ICA,2015,CHOQUE,706
ICA,2015,CHOQUE Y FUGA,72
ICA,2015,VOLCADURA,25
ICA,2015,CAIDA DE PASAJERO,14
ICA,2015,INCENDIO,1
ICA,2015,DESPISTE,89
ICA,2015,DESPISTE Y VOLCADURA,17
ICA,2015,COLISION,7
ICA,2015,CHOQUE Y ATROPELLO,17
ICA,2015,OTRO,45
ICA,2016,ATROPELLO,136
ICA,2016,ATROPELLO Y FUGA,27
ICA,2016,CHOQUE,513
ICA,2016,CHOQUE Y FUGA,106
ICA,2016,VOLCADURA,18
ICA,2016,CAIDA DE PASAJERO,3
ICA,2016,INCENDIO,4
ICA,2016,DESPISTE,118
ICA,2016,CHOQUE Y ATROPELLO,17
ICA,2016,DESPISTE Y VOLCADURA,16
ICA,2016,COLISION,6
ICA,2016,OTRO,83
ICA,2017,ATROPELLO,144
ICA,2017,ATROPELLO Y FUGA,37
ICA,2017,CHOQUE,611
ICA,2017,CHOQUE Y FUGA,115
ICA,2017,VOLCADURA,21
ICA,2017,CAIDA DE PASAJERO,8
ICA,2017,INCENDIO,5
ICA,2017,DESPISTE,133
ICA,2017,CHOQUE Y ATROPELLO,10
ICA,2017,DESPISTE Y VOLCADURA,26
ICA,2017,COLISIÓN,13
ICA,2017,OTRO,58
ICA,2018,ATROPELLO,161
ICA,2018,ATROPELLO Y FUGA,45
ICA,2018,CHOQUE,624
ICA,2018,CHOQUE Y FUGA,126
ICA,2018,VOLCADURA,17
ICA,2018,CAIDA DE PASAJERO,5
ICA,2018,INCENDIO,1
ICA,2018,DESPISTE,169
ICA,2018,CHOQUE Y ATROPELLO,43
ICA,2018,DESPISTE Y VOLCADURA,19
ICA,2018,COLISIÓN Y FUGA,0
ICA,2018,COLISIÓN,11
ICA,2018,OTRO,82
ICA,2019,ATROPELLO,170
ICA,2019,ATROPELLO Y FUGA,33
ICA,2019,CHOQUE,994
ICA,2019,CHOQUE Y FUGA,160
ICA,2019,VOLCADURA,18
ICA,2019,CAIDA DE PASAJERO,10
ICA,2019,INCENDIO,4
ICA,2019,DESPISTE,200
ICA,2019,CHOQUE Y ATROPELLO,37
ICA,2019,DESPISTE Y VOLCADURA,28
ICA,2019,COLISIÓN Y FUGA,3
ICA,2019,COLISIÓN,6
ICA,2019,OTRO,71
ICA,2020,ATROPELLO,107
ICA,2020,ATROPELLO Y FUGA,18
ICA,2020,CHOQUE,528
ICA,2020,CHOQUE Y FUGA,78
ICA,2020,VOLCADURA,10
ICA,2020,CAIDA DE PASAJERO,9
ICA,2020,INCENDIO,1
ICA,2020,DESPISTE,167
ICA,2020,CHOQUE Y ATROPELLO,17
ICA,2020,DESPISTE Y VOLCADURA,16
ICA,2020,COLISIÓN Y FUGA,5
ICA,2020,COLISIÓN,3
ICA,2020,OTRO,44
ICA,2021,ATROPELLO,128
ICA,2021,ATROPELLO Y FUGA,31
ICA,2021,CHOQUE,885
ICA,2021,CHOQUE Y FUGA,128
ICA,2021,VOLCADURA,19
ICA,2021,CAIDA DE PASAJERO,4
ICA,2021,INCENDIO,2
ICA,2021,DESPISTE,240
ICA,2021,CHOQUE Y ATROPELLO,14
ICA,2021,DESPISTE Y VOLCADURA,41
ICA,2021,COLISIÓN Y FUGA,1
ICA,2021,COLISIÓN,1
ICA,2021,OTRO,156
ICA,2022,ATROPELLO,197
ICA,2022,ATROPELLO Y FUGA,30
ICA,2022,CHOQUE,1041
ICA,2022,CHOQUE Y FUGA,195
ICA,2022,VOLCADURA,25
ICA,2022,CAIDA DE PASAJERO,7
ICA,2022,INCENDIO,0
ICA,2022,DESPISTE,295
ICA,2022,CHOQUE Y ATROPELLO,12
ICA,2022,DESPISTE Y VOLCADURA,22
ICA,2022,COLISIÓN Y FUGA,1
ICA,2022,COLISIÓN,5
ICA,2022,OTRO,324
ICA,2023,ATROPELLO,197
ICA,2023,ATROPELLO Y FUGA,33
ICA,2023,CHOQUE,1180
ICA,2023,CHOQUE Y FUGA,212
ICA,2023,VOLCADURA,41
ICA,2023,CAIDA DE PASAJERO,10
ICA,2023,INCENDIO,3
ICA,2023,DESPISTE,259
ICA,2023,CHOQUE Y ATROPELLO,20
ICA,2023,DESPISTE Y VOLCADURA,10
ICA,2023,COLISIÓN Y FUGA,1
ICA,2023,COLISIÓN,6
ICA,2023,OTRO,182
ICA,2024,ATROPELLO,183
ICA,2024,ATROPELLO Y FUGA,36
ICA,2024,CHOQUE,1125
ICA,2024,CHOQUE Y FUGA,158
ICA,2024,VOLCADURA,37
ICA,2024,CAIDA DE PASAJERO,10
ICA,2024,INCENDIO,3
ICA,2024,DESPISTE,288
ICA,2024,CHOQUE Y ATROPELLO,56
ICA,2024,DESPISTE Y VOLCADURA,39
ICA,2024,COLISIÓN Y FUGA,1
ICA,2024,COLISIÓN,0
ICA,2024,OTRO,345
JUNIN,2008,ATROPELLO,461
JUNIN,2008,ATROPELLO Y FUGA,114
JUNIN,2008,CHOQUE,773
JUNIN,2008,CHOQUE Y FUGA,207
JUNIN,2008,VOLCADURA,78
JUNIN,2008,CAIDA DE PASAJERO,56
JUNIN,2008,INCENDIO,32
JUNIN,2008,OTRO,168
JUNIN,2009,ATROPELLO,510
JUNIN,2009,ATROPELLO Y FUGA,140
JUNIN,2009,CHOQUE,736
JUNIN,2009,CHOQUE Y FUGA,122
JUNIN,2009,VOLCADURA,94
JUNIN,2009,CAIDA DE PASAJERO,73
JUNIN,2009,INCENDIO,14
JUNIN,2009,OTRO,130
JUNIN,2010,ATROPELLO,693
JUNIN,2010,ATROPELLO Y FUGA,228
JUNIN,2010,CHOQUE,790
JUNIN,2010,CHOQUE Y FUGA,211
JUNIN,2010,VOLCADURA,73
JUNIN,2010,CAIDA DE PASAJERO,134
JUNIN,2010,INCENDIO,7
JUNIN,2010,DESPISTE,134
JUNIN,2010,OTRO,63
JUNIN,2011,ATROPELLO,523
JUNIN,2011,ATROPELLO Y FUGA,133
JUNIN,2011,CHOQUE,892
JUNIN,2011,CHOQUE Y FUGA,208
JUNIN,2011,VOLCADURA,96
JUNIN,2011,CAIDA DE PASAJERO,57
JUNIN,2011,INCENDIO,5
JUNIN,2011,DESPISTE,189
JUNIN,2011,OTRO,35
JUNIN,2012,ATROPELLO,772
JUNIN,2012,ATROPELLO Y FUGA,146
JUNIN,2012,CHOQUE,1328
JUNIN,2012,CHOQUE Y FUGA,263
JUNIN,2012,VOLCADURA,135
JUNIN,2012,CAIDA DE PASAJERO,85
JUNIN,2012,INCENDIO,5
JUNIN,2012,DESPISTE,346
JUNIN,2012,OTRO,93
JUNIN,2013,ATROPELLO,862
JUNIN,2013,ATROPELLO Y FUGA,155
JUNIN,2013,CHOQUE,1607
JUNIN,2013,CHOQUE Y FUGA,246
JUNIN,2013,VOLCADURA,122
JUNIN,2013,CAIDA DE PASAJERO,124
JUNIN,2013,INCENDIO,6
JUNIN,2013,DESPISTE,362
JUNIN,2013,OTRO,120
JUNIN,2014,ATROPELLO,562
JUNIN,2014,ATROPELLO Y FUGA,99
JUNIN,2014,CHOQUE,1237
JUNIN,2014,CHOQUE Y FUGA,183
JUNIN,2014,VOLCADURA,66
JUNIN,2014,CAIDA DE PASAJERO,80
JUNIN,2014,INCENDIO,15
JUNIN,2014,DESPISTE,291
JUNIN,2014,OTRO,178
JUNIN,2015,ATROPELLO,492
JUNIN,2015,ATROPELLO Y FUGA,53
JUNIN,2015,CHOQUE,973
JUNIN,2015,CHOQUE Y FUGA,202
JUNIN,2015,VOLCADURA,62
JUNIN,2015,CAIDA DE PASAJERO,75
JUNIN,2015,INCENDIO,6
JUNIN,2015,DESPISTE,300
JUNIN,2015,DESPISTE Y VOLCADURA,134
JUNIN,2015,COLISION,4
JUNIN,2015,CHOQUE Y ATROPELLO,18
JUNIN,2015,OTRO,48
JUNIN,2016,ATROPELLO,511
JUNIN,2016,ATROPELLO Y FUGA,45
JUNIN,2016,CHOQUE,1054
JUNIN,2016,CHOQUE Y FUGA,123
JUNIN,2016,VOLCADURA,50
JUNIN,2016,CAIDA DE PASAJERO,42
JUNIN,2016,INCENDIO,0
JUNIN,2016,DESPISTE,333
JUNIN,2016,CHOQUE Y ATROPELLO,23
JUNIN,2016,DESPISTE Y VOLCADURA,117
JUNIN,2016,COLISION,7
JUNIN,2016,OTRO,73
JUNIN,2017,ATROPELLO,471
JUNIN,2017,ATROPELLO Y FUGA,46
JUNIN,2017,CHOQUE,1088
JUNIN,2017,CHOQUE Y FUGA,153
JUNIN,2017,VOLCADURA,45
JUNIN,2017,CAIDA DE PASAJERO,74
JUNIN,2017,INCENDIO,0
JUNIN,2017,DESPISTE,375
JUNIN,2017,CHOQUE Y ATROPELLO,11
JUNIN,2017,DESPISTE Y VOLCADURA,107
JUNIN,2017,COLISIÓN,2
JUNIN,2017,OTRO,85
JUNIN,2018,ATROPELLO,568
JUNIN,2018,ATROPELLO Y FUGA,80
JUNIN,2018,CHOQUE,953
JUNIN,2018,CHOQUE Y FUGA,125
JUNIN,2018,VOLCADURA,28
JUNIN,2018,CAIDA DE PASAJERO,75
JUNIN,2018,INCENDIO,3
JUNIN,2018,DESPISTE,344
JUNIN,2018,CHOQUE Y ATROPELLO,15
JUNIN,2018,DESPISTE Y VOLCADURA,71
JUNIN,2018,COLISIÓN Y FUGA,1
JUNIN,2018,COLISIÓN,13
JUNIN,2018,OTRO,153
JUNIN,2019,ATROPELLO,660
JUNIN,2019,ATROPELLO Y FUGA,101
JUNIN,2019,CHOQUE,1366
JUNIN,2019,CHOQUE Y FUGA,166
JUNIN,2019,VOLCADURA,88
JUNIN,2019,CAIDA DE PASAJERO,69
JUNIN,2019,INCENDIO,0
JUNIN,2019,DESPISTE,485
JUNIN,2019,CHOQUE Y ATROPELLO,26
JUNIN,2019,DESPISTE Y VOLCADURA,59
JUNIN,2019,COLISIÓN Y FUGA,10
JUNIN,2019,COLISIÓN,5
JUNIN,2019,OTRO,133
JUNIN,2020,ATROPELLO,374
JUNIN,2020,ATROPELLO Y FUGA,55
JUNIN,2020,CHOQUE,1036
JUNIN,2020,CHOQUE Y FUGA,164
JUNIN,2020,VOLCADURA,69
JUNIN,2020,CAIDA DE PASAJERO,23
JUNIN,2020,INCENDIO,0
JUNIN,2020,DESPISTE,461
JUNIN,2020,CHOQUE Y ATROPELLO,14
JUNIN,2020,DESPISTE Y VOLCADURA,35
JUNIN,2020,COLISIÓN Y FUGA,6
JUNIN,2020,COLISIÓN,3
JUNIN,2020,OTRO,71
JUNIN,2021,ATROPELLO,482
JUNIN,2021,ATROPELLO Y FUGA,92
JUNIN,2021,CHOQUE,1526
JUNIN,2021,CHOQUE Y FUGA,235
JUNIN,2021,VOLCADURA,81
JUNIN,2021,CAIDA DE PASAJERO,40
JUNIN,2021,INCENDIO,0
JUNIN,2021,DESPISTE,641
JUNIN,2021,CHOQUE Y ATROPELLO,30
JUNIN,2021,DESPISTE Y VOLCADURA,48
JUNIN,2021,COLISIÓN Y FUGA,11
JUNIN,2021,COLISIÓN,4
JUNIN,2021,OTRO,146
JUNIN,2022,ATROPELLO,631
JUNIN,2022,ATROPELLO Y FUGA,129
JUNIN,2022,CHOQUE,1634
JUNIN,2022,CHOQUE Y FUGA,191
JUNIN,2022,VOLCADURA,63
JUNIN,2022,CAIDA DE PASAJERO,79
JUNIN,2022,INCENDIO,0
JUNIN,2022,DESPISTE,666
JUNIN,2022,CHOQUE Y ATROPELLO,103
JUNIN,2022,DESPISTE Y VOLCADURA,41
JUNIN,2022,COLISIÓN Y FUGA,2
JUNIN,2022,COLISIÓN,10
JUNIN,2022,OTRO,115
JUNIN,2023,ATROPELLO,683
JUNIN,2023,ATROPELLO Y FUGA,162
JUNIN,2023,CHOQUE,1757
JUNIN,2023,CHOQUE Y FUGA,179
JUNIN,2023,VOLCADURA,49
JUNIN,2023,CAIDA DE PASAJERO,78
JUNIN,2023,INCENDIO,0
JUNIN,2023,DESPISTE,683
JUNIN,2023,CHOQUE Y ATROPELLO,41
JUNIN,2023,DESPISTE Y VOLCADURA,36
JUNIN,2023,COLISIÓN Y FUGA,11
JUNIN,2023,COLISIÓN,7
JUNIN,2023,OTRO,118
JUNIN,2024,ATROPELLO,584
JUNIN,2024,ATROPELLO Y FUGA,115
JUNIN,2024,CHOQUE,1403
JUNIN,2024,CHOQUE Y FUGA,128
JUNIN,2024,VOLCADURA,52
JUNIN,2024,CAIDA DE PASAJERO,68
JUNIN,2024,INCENDIO,0
JUNIN,2024,DESPISTE,523
JUNIN,2024,CHOQUE Y ATROPELLO,30
JUNIN,2024,DESPISTE Y VOLCADURA,57
JUNIN,2024,COLISIÓN Y FUGA,8
JUNIN,2024,COLISIÓN,9
JUNIN,2024,OTRO,147
LA LIBERTAD,2008,ATROPELLO,848
LA LIBERTAD,2008,ATROPELLO Y FUGA,170
LA LIBERTAD,2008,CHOQUE,1816
LA LIBERTAD,2008,CHOQUE Y FUGA,677
LA LIBERTAD,2008,VOLCADURA,106
LA LIBERTAD,2008,CAIDA DE PASAJERO,134
LA LIBERTAD,2008,INCENDIO,7
LA LIBERTAD,2008,OTRO,262
LA LIBERTAD,2009,ATROPELLO,774
LA LIBERTAD,2009,ATROPELLO Y FUGA,247
LA LIBERTAD,2009,CHOQUE,1629
LA LIBERTAD,2009,CHOQUE Y FUGA,529
LA LIBERTAD,2009,VOLCADURA,48
LA LIBERTAD,2009,CAIDA DE PASAJERO,115
LA LIBERTAD,2009,INCENDIO,23
LA LIBERTAD,2009,OTRO,260
LA LIBERTAD,2010,ATROPELLO,820
LA LIBERTAD,2010,ATROPELLO Y FUGA,203
LA LIBERTAD,2010,CHOQUE,1777
LA LIBERTAD,2010,CHOQUE Y FUGA,467
LA LIBERTAD,2010,VOLCADURA,84
LA LIBERTAD,2010,CAIDA DE PASAJERO,119
LA LIBERTAD,2010,INCENDIO,12
LA LIBERTAD,2010,DESPISTE,223
LA LIBERTAD,2010,OTRO,23
LA LIBERTAD,2011,ATROPELLO,848
LA LIBERTAD,2011,ATROPELLO Y FUGA,153
LA LIBERTAD,2011,CHOQUE,1695
LA LIBERTAD,2011,CHOQUE Y FUGA,430
LA LIBERTAD,2011,VOLCADURA,130
LA LIBERTAD,2011,CAIDA DE PASAJERO,134
LA LIBERTAD,2011,INCENDIO,10
LA LIBERTAD,2011,DESPISTE,204
LA LIBERTAD,2011,OTRO,186
LA LIBERTAD,2012,ATROPELLO,911
LA LIBERTAD,2012,ATROPELLO Y FUGA,178
LA LIBERTAD,2012,CHOQUE,2257
LA LIBERTAD,2012,CHOQUE Y FUGA,455
LA LIBERTAD,2012,VOLCADURA,160
LA LIBERTAD,2012,CAIDA DE PASAJERO,138
LA LIBERTAD,2012,INCENDIO,8
LA LIBERTAD,2012,DESPISTE,331
LA LIBERTAD,2012,OTRO,183
LA LIBERTAD,2013,ATROPELLO,828
LA LIBERTAD,2013,ATROPELLO Y FUGA,211
LA LIBERTAD,2013,CHOQUE,2343
LA LIBERTAD,2013,CHOQUE Y FUGA,635
LA LIBERTAD,2013,VOLCADURA,161
LA LIBERTAD,2013,CAIDA DE PASAJERO,170
LA LIBERTAD,2013,INCENDIO,5
LA LIBERTAD,2013,DESPISTE,339
LA LIBERTAD,2013,OTRO,95
LA LIBERTAD,2014,ATROPELLO,722
LA LIBERTAD,2014,ATROPELLO Y FUGA,118
LA LIBERTAD,2014,CHOQUE,2295
LA LIBERTAD,2014,CHOQUE Y FUGA,589
LA LIBERTAD,2014,VOLCADURA,59
LA LIBERTAD,2014,CAIDA DE PASAJERO,150
LA LIBERTAD,2014,INCENDIO,20
LA LIBERTAD,2014,DESPISTE,511
LA LIBERTAD,2014,OTRO,194
LA LIBERTAD,2015,ATROPELLO,739
LA LIBERTAD,2015,ATROPELLO Y FUGA,135
LA LIBERTAD,2015,CHOQUE,2385
LA LIBERTAD,2015,CHOQUE Y FUGA,584
LA LIBERTAD,2015,VOLCADURA,51
LA LIBERTAD,2015,CAIDA DE PASAJERO,133
LA LIBERTAD,2015,INCENDIO,3
LA LIBERTAD,2015,DESPISTE,483
LA LIBERTAD,2015,DESPISTE Y VOLCADURA,30
LA LIBERTAD,2015,COLISION,51
LA LIBERTAD,2015,CHOQUE Y ATROPELLO,120
LA LIBERTAD,2015,OTRO,139
LA LIBERTAD,2016,ATROPELLO,786
LA LIBERTAD,2016,ATROPELLO Y FUGA,157
LA LIBERTAD,2016,CHOQUE,2056
LA LIBERTAD,2016,CHOQUE Y FUGA,515
LA LIBERTAD,2016,VOLCADURA,38
LA LIBERTAD,2016,CAIDA DE PASAJERO,111
LA LIBERTAD,2016,INCENDIO,6
LA LIBERTAD,2016,DESPISTE,477
LA LIBERTAD,2016,CHOQUE Y ATROPELLO,146
LA LIBERTAD,2016,DESPISTE Y VOLCADURA,99
LA LIBERTAD,2016,COLISION,2
LA LIBERTAD,2016,OTRO,311
LA LIBERTAD,2017,ATROPELLO,717
LA LIBERTAD,2017,ATROPELLO Y FUGA,141
LA LIBERTAD,2017,CHOQUE,1837
LA LIBERTAD,2017,CHOQUE Y FUGA,509
LA LIBERTAD,2017,VOLCADURA,44
LA LIBERTAD,2017,CAIDA DE PASAJERO,144
LA LIBERTAD,2017,INCENDIO,9
LA LIBERTAD,2017,DESPISTE,726
LA LIBERTAD,2017,CHOQUE Y ATROPELLO,94
LA LIBERTAD,2017,DESPISTE Y VOLCADURA,130
LA LIBERTAD,2017,COLISIÓN,10
LA LIBERTAD,2017,OTRO,243
LA LIBERTAD,2018,ATROPELLO,851
LA LIBERTAD,2018,ATROPELLO Y FUGA,108
LA LIBERTAD,2018,CHOQUE,2217
LA LIBERTAD,2018,CHOQUE Y FUGA,576
LA LIBERTAD,2018,VOLCADURA,35
LA LIBERTAD,2018,CAIDA DE PASAJERO,144
LA LIBERTAD,2018,INCENDIO,3
LA LIBERTAD,2018,DESPISTE,1063
LA LIBERTAD,2018,CHOQUE Y ATROPELLO,173
LA LIBERTAD,2018,DESPISTE Y VOLCADURA,110
LA LIBERTAD,2018,COLISIÓN Y FUGA,8
LA LIBERTAD,2018,COLISIÓN,30
LA LIBERTAD,2018,OTRO,328
LA LIBERTAD,2019,ATROPELLO,848
LA LIBERTAD,2019,ATROPELLO Y FUGA,128
LA LIBERTAD,2019,CHOQUE,2323
LA LIBERTAD,2019,CHOQUE Y FUGA,602
LA LIBERTAD,2019,VOLCADURA,124
LA LIBERTAD,2019,CAIDA DE PASAJERO,249
LA LIBERTAD,2019,INCENDIO,10
LA LIBERTAD,2019,DESPISTE,1164
LA LIBERTAD,2019,CHOQUE Y ATROPELLO,181
LA LIBERTAD,2019,DESPISTE Y VOLCADURA,155
LA LIBERTAD,2019,COLISIÓN Y FUGA,27
LA LIBERTAD,2019,COLISIÓN,184
LA LIBERTAD,2019,OTRO,302
LA LIBERTAD,2020,ATROPELLO,370
LA LIBERTAD,2020,ATROPELLO Y FUGA,57
LA LIBERTAD,2020,CHOQUE,1420
LA LIBERTAD,2020,CHOQUE Y FUGA,229
LA LIBERTAD,2020,VOLCADURA,52
LA LIBERTAD,2020,CAIDA DE PASAJERO,45
LA LIBERTAD,2020,INCENDIO,7
LA LIBERTAD,2020,DESPISTE,665
LA LIBERTAD,2020,CHOQUE Y ATROPELLO,51
LA LIBERTAD,2020,DESPISTE Y VOLCADURA,76
LA LIBERTAD,2020,COLISIÓN Y FUGA,14
LA LIBERTAD,2020,COLISIÓN,127
LA LIBERTAD,2020,OTRO,231
LA LIBERTAD,2021,ATROPELLO,469
LA LIBERTAD,2021,ATROPELLO Y FUGA,79
LA LIBERTAD,2021,CHOQUE,1819
LA LIBERTAD,2021,CHOQUE Y FUGA,391
LA LIBERTAD,2021,VOLCADURA,77
LA LIBERTAD,2021,CAIDA DE PASAJERO,71
LA LIBERTAD,2021,INCENDIO,3
LA LIBERTAD,2021,DESPISTE,874
LA LIBERTAD,2021,CHOQUE Y ATROPELLO,128
LA LIBERTAD,2021,DESPISTE Y VOLCADURA,87
LA LIBERTAD,2021,COLISIÓN Y FUGA,32
LA LIBERTAD,2021,COLISIÓN,180
LA LIBERTAD,2021,OTRO,157
LA LIBERTAD,2022,ATROPELLO,559
LA LIBERTAD,2022,ATROPELLO Y FUGA,93
LA LIBERTAD,2022,CHOQUE,1762
LA LIBERTAD,2022,CHOQUE Y FUGA,427
LA LIBERTAD,2022,VOLCADURA,79
LA LIBERTAD,2022,CAIDA DE PASAJERO,75
LA LIBERTAD,2022,INCENDIO,4
LA LIBERTAD,2022,DESPISTE,783
LA LIBERTAD,2022,CHOQUE Y ATROPELLO,173
LA LIBERTAD,2022,DESPISTE Y VOLCADURA,95
LA LIBERTAD,2022,COLISIÓN Y FUGA,8
LA LIBERTAD,2022,COLISIÓN,61
LA LIBERTAD,2022,OTRO,331
LA LIBERTAD,2023,ATROPELLO,411
LA LIBERTAD,2023,ATROPELLO Y FUGA,89
LA LIBERTAD,2023,CHOQUE,1698
LA LIBERTAD,2023,CHOQUE Y FUGA,469
LA LIBERTAD,2023,VOLCADURA,69
LA LIBERTAD,2023,CAIDA DE PASAJERO,57
LA LIBERTAD,2023,INCENDIO,4
LA LIBERTAD,2023,DESPISTE,728
LA LIBERTAD,2023,CHOQUE Y ATROPELLO,58
LA LIBERTAD,2023,DESPISTE Y VOLCADURA,88
LA LIBERTAD,2023,COLISIÓN Y FUGA,0
LA LIBERTAD,2023,COLISIÓN,5
LA LIBERTAD,2023,OTRO,474
LA LIBERTAD,2024,ATROPELLO,484
LA LIBERTAD,2024,ATROPELLO Y FUGA,67
LA LIBERTAD,2024,CHOQUE,1895
LA LIBERTAD,2024,CHOQUE Y FUGA,363
LA LIBERTAD,2024,VOLCADURA,66
LA LIBERTAD,2024,CAIDA DE PASAJERO,77
LA LIBERTAD,2024,INCENDIO,7
LA LIBERTAD,2024,DESPISTE,740
LA LIBERTAD,2024,CHOQUE Y ATROPELLO,66
LA LIBERTAD,2024,DESPISTE Y VOLCADURA,69
LA LIBERTAD,2024,COLISIÓN Y FUGA,1
LA LIBERTAD,2024,COLISIÓN,2
LA LIBERTAD,2024,OTRO,254
LAMBAYEQUE,2008,ATROPELLO,96
LAMBAYEQUE,2008,ATROPELLO Y FUGA,25
LAMBAYEQUE,2008,CHOQUE,340
LAMBAYEQUE,2008,CHOQUE Y FUGA,16
LAMBAYEQUE,2008,VOLCADURA,111
LAMBAYEQUE,2008,CAIDA DE PASAJERO,5
LAMBAYEQUE,2008,INCENDIO,3
LAMBAYEQUE,2008,OTRO,1
LAMBAYEQUE,2009,ATROPELLO,164
LAMBAYEQUE,2009,ATROPELLO Y FUGA,35
LAMBAYEQUE,2009,CHOQUE,514
LAMBAYEQUE,2009,CHOQUE Y FUGA,51
LAMBAYEQUE,2009,VOLCADURA,111
LAMBAYEQUE,2009,CAIDA DE PASAJERO,10
LAMBAYEQUE,2009,INCENDIO,2
LAMBAYEQUE,2009,OTRO,22
LAMBAYEQUE,2010,ATROPELLO,289
LAMBAYEQUE,2010,ATROPELLO Y FUGA,127
LAMBAYEQUE,2010,CHOQUE,723
LAMBAYEQUE,2010,CHOQUE Y FUGA,151
LAMBAYEQUE,2010,VOLCADURA,46
LAMBAYEQUE,2010,CAIDA DE PASAJERO,24
LAMBAYEQUE,2010,INCENDIO,5
LAMBAYEQUE,2010,DESPISTE,130
LAMBAYEQUE,2010,OTRO,18
LAMBAYEQUE,2011,ATROPELLO,381
LAMBAYEQUE,2011,ATROPELLO Y FUGA,138
LAMBAYEQUE,2011,CHOQUE,1062
LAMBAYEQUE,2011,CHOQUE Y FUGA,211
LAMBAYEQUE,2011,VOLCADURA,57
LAMBAYEQUE,2011,CAIDA DE PASAJERO,42
LAMBAYEQUE,2011,INCENDIO,7
LAMBAYEQUE,2011,DESPISTE,204
LAMBAYEQUE,2011,OTRO,39
LAMBAYEQUE,2012,ATROPELLO,556
LAMBAYEQUE,2012,ATROPELLO Y FUGA,157
LAMBAYEQUE,2012,CHOQUE,1554
LAMBAYEQUE,2012,CHOQUE Y FUGA,225
LAMBAYEQUE,2012,VOLCADURA,65
LAMBAYEQUE,2012,CAIDA DE PASAJERO,48
LAMBAYEQUE,2012,INCENDIO,2
LAMBAYEQUE,2012,DESPISTE,278
LAMBAYEQUE,2012,OTRO,42
LAMBAYEQUE,2013,ATROPELLO,597
LAMBAYEQUE,2013,ATROPELLO Y FUGA,115
LAMBAYEQUE,2013,CHOQUE,1674
LAMBAYEQUE,2013,CHOQUE Y FUGA,376
LAMBAYEQUE,2013,VOLCADURA,43
LAMBAYEQUE,2013,CAIDA DE PASAJERO,27
LAMBAYEQUE,2013,INCENDIO,2
LAMBAYEQUE,2013,DESPISTE,292
LAMBAYEQUE,2013,OTRO,49
LAMBAYEQUE,2014,ATROPELLO,456
LAMBAYEQUE,2014,ATROPELLO Y FUGA,130
LAMBAYEQUE,2014,CHOQUE,1836
LAMBAYEQUE,2014,CHOQUE Y FUGA,419
LAMBAYEQUE,2014,VOLCADURA,42
LAMBAYEQUE,2014,CAIDA DE PASAJERO,52
LAMBAYEQUE,2014,INCENDIO,2
LAMBAYEQUE,2014,DESPISTE,313
LAMBAYEQUE,2014,OTRO,92
LAMBAYEQUE,2015,ATROPELLO,386
LAMBAYEQUE,2015,ATROPELLO Y FUGA,67
LAMBAYEQUE,2015,CHOQUE,1014
LAMBAYEQUE,2015,CHOQUE Y FUGA,420
LAMBAYEQUE,2015,VOLCADURA,12
LAMBAYEQUE,2015,CAIDA DE PASAJERO,62
LAMBAYEQUE,2015,INCENDIO,2
LAMBAYEQUE,2015,DESPISTE,190
LAMBAYEQUE,2015,DESPISTE Y VOLCADURA,35
LAMBAYEQUE,2015,COLISION,8
LAMBAYEQUE,2015,CHOQUE Y ATROPELLO,58
LAMBAYEQUE,2015,OTRO,86
LAMBAYEQUE,2016,ATROPELLO,422
LAMBAYEQUE,2016,ATROPELLO Y FUGA,69
LAMBAYEQUE,2016,CHOQUE,1349
LAMBAYEQUE,2016,CHOQUE Y FUGA,304
LAMBAYEQUE,2016,VOLCADURA,33
LAMBAYEQUE,2016,CAIDA DE PASAJERO,43
LAMBAYEQUE,2016,INCENDIO,0
LAMBAYEQUE,2016,DESPISTE,290
LAMBAYEQUE,2016,CHOQUE Y ATROPELLO,43
LAMBAYEQUE,2016,DESPISTE Y VOLCADURA,43
LAMBAYEQUE,2016,COLISION,19
LAMBAYEQUE,2016,OTRO,189
LAMBAYEQUE,2017,ATROPELLO,452
LAMBAYEQUE,2017,ATROPELLO Y FUGA,78
LAMBAYEQUE,2017,CHOQUE,1518
LAMBAYEQUE,2017,CHOQUE Y FUGA,312
LAMBAYEQUE,2017,VOLCADURA,26
LAMBAYEQUE,2017,CAIDA DE PASAJERO,52
LAMBAYEQUE,2017,INCENDIO,2
LAMBAYEQUE,2017,DESPISTE,336
LAMBAYEQUE,2017,CHOQUE Y ATROPELLO,30
LAMBAYEQUE,2017,DESPISTE Y VOLCADURA,25
LAMBAYEQUE,2017,COLISIÓN,21
LAMBAYEQUE,2017,OTRO,336
LAMBAYEQUE,2018,ATROPELLO,514
LAMBAYEQUE,2018,ATROPELLO Y FUGA,58
LAMBAYEQUE,2018,CHOQUE,1510
LAMBAYEQUE,2018,CHOQUE Y FUGA,356
LAMBAYEQUE,2018,VOLCADURA,21
LAMBAYEQUE,2018,CAIDA DE PASAJERO,52
LAMBAYEQUE,2018,INCENDIO,5
LAMBAYEQUE,2018,DESPISTE,389
LAMBAYEQUE,2018,CHOQUE Y ATROPELLO,61
LAMBAYEQUE,2018,DESPISTE Y VOLCADURA,28
LAMBAYEQUE,2018,COLISIÓN Y FUGA,1
LAMBAYEQUE,2018,COLISIÓN,0
LAMBAYEQUE,2018,OTRO,181
LAMBAYEQUE,2019,ATROPELLO,605
LAMBAYEQUE,2019,ATROPELLO Y FUGA,87
LAMBAYEQUE,2019,CHOQUE,1659
LAMBAYEQUE,2019,CHOQUE Y FUGA,429
LAMBAYEQUE,2019,VOLCADURA,27
LAMBAYEQUE,2019,CAIDA DE PASAJERO,50
LAMBAYEQUE,2019,INCENDIO,6
LAMBAYEQUE,2019,DESPISTE,475
LAMBAYEQUE,2019,CHOQUE Y ATROPELLO,37
LAMBAYEQUE,2019,DESPISTE Y VOLCADURA,28
LAMBAYEQUE,2019,COLISIÓN Y FUGA,1
LAMBAYEQUE,2019,COLISIÓN,6
LAMBAYEQUE,2019,OTRO,420
LAMBAYEQUE,2020,ATROPELLO,234
LAMBAYEQUE,2020,ATROPELLO Y FUGA,57
LAMBAYEQUE,2020,CHOQUE,976
LAMBAYEQUE,2020,CHOQUE Y FUGA,241
LAMBAYEQUE,2020,VOLCADURA,18
LAMBAYEQUE,2020,CAIDA DE PASAJERO,21
LAMBAYEQUE,2020,INCENDIO,0
LAMBAYEQUE,2020,DESPISTE,368
LAMBAYEQUE,2020,CHOQUE Y ATROPELLO,30
LAMBAYEQUE,2020,DESPISTE Y VOLCADURA,18
LAMBAYEQUE,2020,COLISIÓN Y FUGA,0
LAMBAYEQUE,2020,COLISIÓN,14
LAMBAYEQUE,2020,OTRO,286
LAMBAYEQUE,2021,ATROPELLO,246
LAMBAYEQUE,2021,ATROPELLO Y FUGA,47
LAMBAYEQUE,2021,CHOQUE,1275
LAMBAYEQUE,2021,CHOQUE Y FUGA,237
LAMBAYEQUE,2021,VOLCADURA,17
LAMBAYEQUE,2021,CAIDA DE PASAJERO,19
LAMBAYEQUE,2021,INCENDIO,0
LAMBAYEQUE,2021,DESPISTE,436
LAMBAYEQUE,2021,CHOQUE Y ATROPELLO,23
LAMBAYEQUE,2021,DESPISTE Y VOLCADURA,24
LAMBAYEQUE,2021,COLISIÓN Y FUGA,8
LAMBAYEQUE,2021,COLISIÓN,0
LAMBAYEQUE,2021,OTRO,210
LAMBAYEQUE,2022,ATROPELLO,338
LAMBAYEQUE,2022,ATROPELLO Y FUGA,69
LAMBAYEQUE,2022,CHOQUE,1673
LAMBAYEQUE,2022,CHOQUE Y FUGA,335
LAMBAYEQUE,2022,VOLCADURA,27
LAMBAYEQUE,2022,CAIDA DE PASAJERO,13
LAMBAYEQUE,2022,INCENDIO,0
LAMBAYEQUE,2022,DESPISTE,447
LAMBAYEQUE,2022,CHOQUE Y ATROPELLO,71
LAMBAYEQUE,2022,DESPISTE Y VOLCADURA,27
LAMBAYEQUE,2022,COLISIÓN Y FUGA,1
LAMBAYEQUE,2022,COLISIÓN,5
LAMBAYEQUE,2022,OTRO,131
LAMBAYEQUE,2023,ATROPELLO,355
LAMBAYEQUE,2023,ATROPELLO Y FUGA,81
LAMBAYEQUE,2023,CHOQUE,1510
LAMBAYEQUE,2023,CHOQUE Y FUGA,342
LAMBAYEQUE,2023,VOLCADURA,42
LAMBAYEQUE,2023,CAIDA DE PASAJERO,14
LAMBAYEQUE,2023,INCENDIO,1
LAMBAYEQUE,2023,DESPISTE,434
LAMBAYEQUE,2023,CHOQUE Y ATROPELLO,20
LAMBAYEQUE,2023,DESPISTE Y VOLCADURA,15
LAMBAYEQUE,2023,COLISIÓN Y FUGA,5
LAMBAYEQUE,2023,COLISIÓN,0
LAMBAYEQUE,2023,OTRO,149
LAMBAYEQUE,2024,ATROPELLO,419
LAMBAYEQUE,2024,ATROPELLO Y FUGA,95
LAMBAYEQUE,2024,CHOQUE,1684
LAMBAYEQUE,2024,CHOQUE Y FUGA,451
LAMBAYEQUE,2024,VOLCADURA,41
LAMBAYEQUE,2024,CAIDA DE PASAJERO,30
LAMBAYEQUE,2024,INCENDIO,3
LAMBAYEQUE,2024,DESPISTE,457
LAMBAYEQUE,2024,CHOQUE Y ATROPELLO,44
LAMBAYEQUE,2024,DESPISTE Y VOLCADURA,7
LAMBAYEQUE,2024,COLISIÓN Y FUGA,1
LAMBAYEQUE,2024,COLISIÓN,4
LAMBAYEQUE,2024,OTRO,288
LIMA,2008,ATROPELLO,11484
LIMA,2008,ATROPELLO Y FUGA,2711
LIMA,2008,CHOQUE,22532
LIMA,2008,CHOQUE Y FUGA,7927
LIMA,2008,VOLCADURA,1099
LIMA,2008,CAIDA DE PASAJERO,1933
LIMA,2008,INCENDIO,260
LIMA,2008,OTRO,4738
LIMA,2009,ATROPELLO,11041
LIMA,2009,ATROPELLO Y FUGA,2410
LIMA,2009,CHOQUE,24062
LIMA,2009,CHOQUE Y FUGA,8510
LIMA,2009,VOLCADURA,902
LIMA,2009,CAIDA DE PASAJERO,1724
LIMA,2009,INCENDIO,121
LIMA,2009,OTRO,4146
LIMA,2010,ATROPELLO,9266
LIMA,2010,ATROPELLO Y FUGA,2111
LIMA,2010,CHOQUE,25422
LIMA,2010,CHOQUE Y FUGA,7126
LIMA,2010,VOLCADURA,824
LIMA,2010,CAIDA DE PASAJERO,1762
LIMA,2010,INCENDIO,82
LIMA,2010,DESPISTE,2
LIMA,2010,OTRO,3925
LIMA,2011,ATROPELLO,8357
LIMA,2011,ATROPELLO Y FUGA,2214
LIMA,2011,CHOQUE,25265
LIMA,2011,CHOQUE Y FUGA,6959
LIMA,2011,VOLCADURA,888
LIMA,2011,CAIDA DE PASAJERO,1601
LIMA,2011,INCENDIO,50
LIMA,2011,DESPISTE,0
LIMA,2011,OTRO,4543
LIMA,2012,ATROPELLO,8500
LIMA,2012,ATROPELLO Y FUGA,1877
LIMA,2012,CHOQUE,25572
LIMA,2012,CHOQUE Y FUGA,7497
LIMA,2012,VOLCADURA,952
LIMA,2012,CAIDA DE PASAJERO,1658
LIMA,2012,INCENDIO,169
LIMA,2012,DESPISTE,0
LIMA,2012,OTRO,6356
LIMA,2013,ATROPELLO,8460
LIMA,2013,ATROPELLO Y FUGA,1872
LIMA,2013,CHOQUE,27591
LIMA,2013,CHOQUE Y FUGA,8019
LIMA,2013,VOLCADURA,1029
LIMA,2013,CAIDA DE PASAJERO,1671
LIMA,2013,INCENDIO,111
LIMA,2013,DESPISTE,0
LIMA,2013,OTRO,5609
LIMA,2014,ATROPELLO,8035
LIMA,2014,ATROPELLO Y FUGA,1333
LIMA,2014,CHOQUE,26690
LIMA,2014,CHOQUE Y FUGA,7923
LIMA,2014,VOLCADURA,688
LIMA,2014,CAIDA DE PASAJERO,1869
LIMA,2014,INCENDIO,89
LIMA,2014,DESPISTE,2825
LIMA,2014,OTRO,4472
LIMA,2015,ATROPELLO,7509
LIMA,2015,ATROPELLO Y FUGA,1161
LIMA,2015,CHOQUE,27137
LIMA,2015,CHOQUE Y FUGA,7770
LIMA,2015,VOLCADURA,548
LIMA,2015,CAIDA DE PASAJERO,1638
LIMA,2015,INCENDIO,88
LIMA,2015,DESPISTE,3652
LIMA,2015,DESPISTE Y VOLCADURA,789
LIMA,2015,COLISION,119
LIMA,2015,CHOQUE Y ATROPELLO,613
LIMA,2015,OTRO,2281
LIMA,2016,ATROPELLO,6735
LIMA,2016,ATROPELLO Y FUGA,1230
LIMA,2016,CHOQUE,24129
LIMA,2016,CHOQUE Y FUGA,7641
LIMA,2016,VOLCADURA,513
LIMA,2016,CAIDA DE PASAJERO,1503
LIMA,2016,INCENDIO,61
LIMA,2016,DESPISTE,3323
LIMA,2016,CHOQUE Y ATROPELLO,1058
LIMA,2016,DESPISTE Y VOLCADURA,640
LIMA,2016,COLISION,116
LIMA,2016,OTRO,2355
LIMA,2017,ATROPELLO,7121
LIMA,2017,ATROPELLO Y FUGA,1165
LIMA,2017,CHOQUE,22619
LIMA,2017,CHOQUE Y FUGA,7086
LIMA,2017,VOLCADURA,564
LIMA,2017,CAIDA DE PASAJERO,1556
LIMA,2017,INCENDIO,38
LIMA,2017,DESPISTE,3630
LIMA,2017,CHOQUE Y ATROPELLO,733
LIMA,2017,DESPISTE Y VOLCADURA,529
LIMA,2017,COLISIÓN,167
LIMA,2017,OTRO,4000
LIMA,2018,ATROPELLO,7252
LIMA,2018,ATROPELLO Y FUGA,1258
LIMA,2018,CHOQUE,21197
LIMA,2018,CHOQUE Y FUGA,6563
LIMA,2018,VOLCADURA,643
LIMA,2018,CAIDA DE PASAJERO,1475
LIMA,2018,INCENDIO,66
LIMA,2018,DESPISTE,4097
LIMA,2018,CHOQUE Y ATROPELLO,867
LIMA,2018,DESPISTE Y VOLCADURA,431
LIMA,2018,COLISIÓN Y FUGA,158
LIMA,2018,COLISIÓN,86
LIMA,2018,OTRO,5243
LIMA,2019,ATROPELLO,7135
LIMA,2019,ATROPELLO Y FUGA,1481
LIMA,2019,CHOQUE,20192
LIMA,2019,CHOQUE Y FUGA,6650
LIMA,2019,VOLCADURA,806
LIMA,2019,CAIDA DE PASAJERO,1592
LIMA,2019,INCENDIO,70
LIMA,2019,DESPISTE,4560
LIMA,2019,CHOQUE Y ATROPELLO,875
LIMA,2019,DESPISTE Y VOLCADURA,475
LIMA,2019,COLISIÓN Y FUGA,248
LIMA,2019,COLISIÓN,88
LIMA,2019,OTRO,5660
LIMA,2020,ATROPELLO,3427
LIMA,2020,ATROPELLO Y FUGA,725
LIMA,2020,CHOQUE,12313
LIMA,2020,CHOQUE Y FUGA,3566
LIMA,2020,VOLCADURA,542
LIMA,2020,CAIDA DE PASAJERO,652
LIMA,2020,INCENDIO,65
LIMA,2020,DESPISTE,3369
LIMA,2020,CHOQUE Y ATROPELLO,694
LIMA,2020,DESPISTE Y VOLCADURA,313
LIMA,2020,COLISIÓN Y FUGA,100
LIMA,2020,COLISIÓN,41
LIMA,2020,OTRO,3378
LIMA,2021,ATROPELLO,3635
LIMA,2021,ATROPELLO Y FUGA,683
LIMA,2021,CHOQUE,15221
LIMA,2021,CHOQUE Y FUGA,4223
LIMA,2021,VOLCADURA,778
LIMA,2021,CAIDA DE PASAJERO,656
LIMA,2021,INCENDIO,83
LIMA,2021,DESPISTE,5133
LIMA,2021,CHOQUE Y ATROPELLO,978
LIMA,2021,DESPISTE Y VOLCADURA,339
LIMA,2021,COLISIÓN Y FUGA,37
LIMA,2021,COLISIÓN,50
LIMA,2021,OTRO,4032
LIMA,2022,ATROPELLO,4504
LIMA,2022,ATROPELLO Y FUGA,923
LIMA,2022,CHOQUE,17218
LIMA,2022,CHOQUE Y FUGA,5034
LIMA,2022,VOLCADURA,686
LIMA,2022,CAIDA DE PASAJERO,968
LIMA,2022,INCENDIO,65
LIMA,2022,DESPISTE,5151
LIMA,2022,CHOQUE Y ATROPELLO,1091
LIMA,2022,DESPISTE Y VOLCADURA,336
LIMA,2022,COLISIÓN Y FUGA,171
LIMA,2022,COLISIÓN,320
LIMA,2022,OTRO,4644
LIMA,2023,ATROPELLO,4936
LIMA,2023,ATROPELLO Y FUGA,1170
LIMA,2023,CHOQUE,19381
LIMA,2023,CHOQUE Y FUGA,6119
LIMA,2023,VOLCADURA,809
LIMA,2023,CAIDA DE PASAJERO,1047
LIMA,2023,INCENDIO,44
LIMA,2023,DESPISTE,5542
LIMA,2023,CHOQUE Y ATROPELLO,1105
LIMA,2023,DESPISTE Y VOLCADURA,286
LIMA,2023,COLISIÓN Y FUGA,30
LIMA,2023,COLISIÓN,81
LIMA,2023,OTRO,4445
LIMA,2024,ATROPELLO,4830
LIMA,2024,ATROPELLO Y FUGA,1309
LIMA,2024,CHOQUE,18976
LIMA,2024,CHOQUE Y FUGA,6027
LIMA,2024,VOLCADURA,760
LIMA,2024,CAIDA DE PASAJERO,1033
LIMA,2024,INCENDIO,79
LIMA,2024,DESPISTE,5339
LIMA,2024,CHOQUE Y ATROPELLO,659
LIMA,2024,DESPISTE Y VOLCADURA,216
LIMA,2024,COLISIÓN Y FUGA,278
LIMA,2024,COLISIÓN,63
LIMA,2024,OTRO,4217
LORETO,2008,ATROPELLO,225
LORETO,2008,ATROPELLO Y FUGA,118
LORETO,2008,CHOQUE,479
LORETO,2008,CHOQUE Y FUGA,164
LORETO,2008,VOLCADURA,16
LORETO,2008,CAIDA DE PASAJERO,24
LORETO,2008,INCENDIO,6
LORETO,2008,OTRO,49
LORETO,2009,ATROPELLO,215
LORETO,2009,ATROPELLO Y FUGA,104
LORETO,2009,CHOQUE,491
LORETO,2009,CHOQUE Y FUGA,157
LORETO,2009,VOLCADURA,19
LORETO,2009,CAIDA DE PASAJERO,9
LORETO,2009,INCENDIO,0
LORETO,2009,OTRO,97
LORETO,2010,ATROPELLO,223
LORETO,2010,ATROPELLO Y FUGA,121
LORETO,2010,CHOQUE,396
LORETO,2010,CHOQUE Y FUGA,171
LORETO,2010,VOLCADURA,17
LORETO,2010,CAIDA DE PASAJERO,11
LORETO,2010,INCENDIO,3
LORETO,2010,DESPISTE,106
LORETO,2010,OTRO,30
LORETO,2011,ATROPELLO,169
LORETO,2011,ATROPELLO Y FUGA,112
LORETO,2011,CHOQUE,290
LORETO,2011,CHOQUE Y FUGA,118
LORETO,2011,VOLCADURA,23
LORETO,2011,CAIDA DE PASAJERO,18
LORETO,2011,INCENDIO,1
LORETO,2011,DESPISTE,68
LORETO,2011,OTRO,21
LORETO,2012,ATROPELLO,53
LORETO,2012,ATROPELLO Y FUGA,19
LORETO,2012,CHOQUE,173
LORETO,2012,CHOQUE Y FUGA,96
LORETO,2012,VOLCADURA,13
LORETO,2012,CAIDA DE PASAJERO,3
LORETO,2012,INCENDIO,0
LORETO,2012,DESPISTE,80
LORETO,2012,OTRO,32
LORETO,2013,ATROPELLO,53
LORETO,2013,ATROPELLO Y FUGA,11
LORETO,2013,CHOQUE,128
LORETO,2013,CHOQUE Y FUGA,25
LORETO,2013,VOLCADURA,1
LORETO,2013,CAIDA DE PASAJERO,1
LORETO,2013,INCENDIO,3
LORETO,2013,DESPISTE,43
LORETO,2013,OTRO,0
LORETO,2014,ATROPELLO,38
LORETO,2014,ATROPELLO Y FUGA,23
LORETO,2014,CHOQUE,246
LORETO,2014,CHOQUE Y FUGA,21
LORETO,2014,VOLCADURA,0
LORETO,2014,CAIDA DE PASAJERO,3
LORETO,2014,INCENDIO,0
LORETO,2014,DESPISTE,65
LORETO,2014,OTRO,14
LORETO,2015,ATROPELLO,49
LORETO,2015,ATROPELLO Y FUGA,8
LORETO,2015,CHOQUE,230
LORETO,2015,CHOQUE Y FUGA,16
LORETO,2015,VOLCADURA,2
LORETO,2015,CAIDA DE PASAJERO,0
LORETO,2015,INCENDIO,0
LORETO,2015,DESPISTE,85
LORETO,2015,DESPISTE Y VOLCADURA,3
LORETO,2015,COLISION,0
LORETO,2015,CHOQUE Y ATROPELLO,0
LORETO,2015,OTRO,1
LORETO,2016,ATROPELLO,51
LORETO,2016,ATROPELLO Y FUGA,23
LORETO,2016,CHOQUE,181
LORETO,2016,CHOQUE Y FUGA,33
LORETO,2016,VOLCADURA,0
LORETO,2016,CAIDA DE PASAJERO,0
LORETO,2016,INCENDIO,0
LORETO,2016,DESPISTE,67
LORETO,2016,CHOQUE Y ATROPELLO,1
LORETO,2016,DESPISTE Y VOLCADURA,2
LORETO,2016,COLISION,0
LORETO,2016,OTRO,1
LORETO,2017,ATROPELLO,39
LORETO,2017,ATROPELLO Y FUGA,3
LORETO,2017,CHOQUE,280
LORETO,2017,CHOQUE Y FUGA,13
LORETO,2017,VOLCADURA,0
LORETO,2017,CAIDA DE PASAJERO,3
LORETO,2017,INCENDIO,0
LORETO,2017,DESPISTE,88
LORETO,2017,CHOQUE Y ATROPELLO,3
LORETO,2017,DESPISTE Y VOLCADURA,11
LORETO,2017,COLISIÓN,0
LORETO,2017,OTRO,2
LORETO,2018,ATROPELLO,22
LORETO,2018,ATROPELLO Y FUGA,4
LORETO,2018,CHOQUE,180
LORETO,2018,CHOQUE Y FUGA,8
LORETO,2018,VOLCADURA,1
LORETO,2018,CAIDA DE PASAJERO,5
LORETO,2018,INCENDIO,0
LORETO,2018,DESPISTE,48
LORETO,2018,CHOQUE Y ATROPELLO,7
LORETO,2018,DESPISTE Y VOLCADURA,2
LORETO,2018,COLISIÓN Y FUGA,0
LORETO,2018,COLISIÓN,1
LORETO,2018,OTRO,1
LORETO,2019,ATROPELLO,61
LORETO,2019,ATROPELLO Y FUGA,3
LORETO,2019,CHOQUE,187
LORETO,2019,CHOQUE Y FUGA,17
LORETO,2019,VOLCADURA,3
LORETO,2019,CAIDA DE PASAJERO,1
LORETO,2019,INCENDIO,2
LORETO,2019,DESPISTE,51
LORETO,2019,CHOQUE Y ATROPELLO,6
LORETO,2019,DESPISTE Y VOLCADURA,0
LORETO,2019,COLISIÓN Y FUGA,0
LORETO,2019,COLISIÓN,0
LORETO,2019,OTRO,4
LORETO,2020,ATROPELLO,29
LORETO,2020,ATROPELLO Y FUGA,5
LORETO,2020,CHOQUE,102
LORETO,2020,CHOQUE Y FUGA,20
LORETO,2020,VOLCADURA,5
LORETO,2020,CAIDA DE PASAJERO,2
LORETO,2020,INCENDIO,0
LORETO,2020,DESPISTE,33
LORETO,2020,CHOQUE Y ATROPELLO,14
LORETO,2020,DESPISTE Y VOLCADURA,0
LORETO,2020,COLISIÓN Y FUGA,0
LORETO,2020,COLISIÓN,1
LORETO,2020,OTRO,0
LORETO,2021,ATROPELLO,27
LORETO,2021,ATROPELLO Y FUGA,3
LORETO,2021,CHOQUE,85
LORETO,2021,CHOQUE Y FUGA,12
LORETO,2021,VOLCADURA,2
LORETO,2021,CAIDA DE PASAJERO,0
LORETO,2021,INCENDIO,0
LORETO,2021,DESPISTE,29
LORETO,2021,CHOQUE Y ATROPELLO,0
LORETO,2021,DESPISTE Y VOLCADURA,11
LORETO,2021,COLISIÓN Y FUGA,0
LORETO,2021,COLISIÓN,0
LORETO,2021,OTRO,5
LORETO,2022,ATROPELLO,23
LORETO,2022,ATROPELLO Y FUGA,7
LORETO,2022,CHOQUE,79
LORETO,2022,CHOQUE Y FUGA,21
LORETO,2022,VOLCADURA,4
LORETO,2022,CAIDA DE PASAJERO,0
LORETO,2022,INCENDIO,0
LORETO,2022,DESPISTE,19
LORETO,2022,CHOQUE Y ATROPELLO,2
LORETO,2022,DESPISTE Y VOLCADURA,1
LORETO,2022,COLISIÓN Y FUGA,0
LORETO,2022,COLISIÓN,0
LORETO,2022,OTRO,10
LORETO,2023,ATROPELLO,39
LORETO,2023,ATROPELLO Y FUGA,3
LORETO,2023,CHOQUE,103
LORETO,2023,CHOQUE Y FUGA,21
LORETO,2023,VOLCADURA,8
LORETO,2023,CAIDA DE PASAJERO,2
LORETO,2023,INCENDIO,0
LORETO,2023,DESPISTE,45
LORETO,2023,CHOQUE Y ATROPELLO,1
LORETO,2023,DESPISTE Y VOLCADURA,0
LORETO,2023,COLISIÓN Y FUGA,0
LORETO,2023,COLISIÓN,0
LORETO,2023,OTRO,10
LORETO,2024,ATROPELLO,47
LORETO,2024,ATROPELLO Y FUGA,8
LORETO,2024,CHOQUE,165
LORETO,2024,CHOQUE Y FUGA,20
LORETO,2024,VOLCADURA,13
LORETO,2024,CAIDA DE PASAJERO,1
LORETO,2024,INCENDIO,0
LORETO,2024,DESPISTE,37
LORETO,2024,CHOQUE Y ATROPELLO,1
LORETO,2024,DESPISTE Y VOLCADURA,0
LORETO,2024,COLISIÓN Y FUGA,0
LORETO,2024,COLISIÓN,0
LORETO,2024,OTRO,15
MADRE DE DIOS,2008,ATROPELLO,32
MADRE DE DIOS,2008,ATROPELLO Y FUGA,13
MADRE DE DIOS,2008,CHOQUE,18
MADRE DE DIOS,2008,CHOQUE Y FUGA,3
MADRE DE DIOS,2008,VOLCADURA,4
MADRE DE DIOS,2008,CAIDA DE PASAJERO,27
MADRE DE DIOS,2008,INCENDIO,11
MADRE DE DIOS,2008,OTRO,4
MADRE DE DIOS,2009,ATROPELLO,15
MADRE DE DIOS,2009,ATROPELLO Y FUGA,1
MADRE DE DIOS,2009,CHOQUE,28
MADRE DE DIOS,2009,CHOQUE Y FUGA,5
MADRE DE DIOS,2009,VOLCADURA,4
MADRE DE DIOS,2009,CAIDA DE PASAJERO,7
MADRE DE DIOS,2009,INCENDIO,8
MADRE DE DIOS,2009,OTRO,8
MADRE DE DIOS,2010,ATROPELLO,8
MADRE DE DIOS,2010,ATROPELLO Y FUGA,4
MADRE DE DIOS,2010,CHOQUE,26
MADRE DE DIOS,2010,CHOQUE Y FUGA,4
MADRE DE DIOS,2010,VOLCADURA,2
MADRE DE DIOS,2010,CAIDA DE PASAJERO,0
MADRE DE DIOS,2010,INCENDIO,0
MADRE DE DIOS,2010,DESPISTE,0
MADRE DE DIOS,2010,OTRO,15
MADRE DE DIOS,2011,ATROPELLO,8
MADRE DE DIOS,2011,ATROPELLO Y FUGA,2
MADRE DE DIOS,2011,CHOQUE,38
MADRE DE DIOS,2011,CHOQUE Y FUGA,2
MADRE DE DIOS,2011,VOLCADURA,5
MADRE DE DIOS,2011,CAIDA DE PASAJERO,1
MADRE DE DIOS,2011,INCENDIO,0
MADRE DE DIOS,2011,DESPISTE,0
MADRE DE DIOS,2011,OTRO,24
MADRE DE DIOS,2012,ATROPELLO,7
MADRE DE DIOS,2012,ATROPELLO Y FUGA,1
MADRE DE DIOS,2012,CHOQUE,86
MADRE DE DIOS,2012,CHOQUE Y FUGA,0
MADRE DE DIOS,2012,VOLCADURA,5
MADRE DE DIOS,2012,CAIDA DE PASAJERO,0
MADRE DE DIOS,2012,INCENDIO,0
MADRE DE DIOS,2012,DESPISTE,0
MADRE DE DIOS,2012,OTRO,49
MADRE DE DIOS,2013,ATROPELLO,112
MADRE DE DIOS,2013,ATROPELLO Y FUGA,7
MADRE DE DIOS,2013,CHOQUE,271
MADRE DE DIOS,2013,CHOQUE Y FUGA,7
MADRE DE DIOS,2013,VOLCADURA,15
MADRE DE DIOS,2013,CAIDA DE PASAJERO,0
MADRE DE DIOS,2013,INCENDIO,0
MADRE DE DIOS,2013,DESPISTE,0
MADRE DE DIOS,2013,OTRO,67
MADRE DE DIOS,2014,ATROPELLO,60
MADRE DE DIOS,2014,ATROPELLO Y FUGA,9
MADRE DE DIOS,2014,CHOQUE,275
MADRE DE DIOS,2014,CHOQUE Y FUGA,9
MADRE DE DIOS,2014,VOLCADURA,13
MADRE DE DIOS,2014,CAIDA DE PASAJERO,6
MADRE DE DIOS,2014,INCENDIO,0
MADRE DE DIOS,2014,DESPISTE,73
MADRE DE DIOS,2014,OTRO,65
MADRE DE DIOS,2015,ATROPELLO,67
MADRE DE DIOS,2015,ATROPELLO Y FUGA,4
MADRE DE DIOS,2015,CHOQUE,266
MADRE DE DIOS,2015,CHOQUE Y FUGA,15
MADRE DE DIOS,2015,VOLCADURA,3
MADRE DE DIOS,2015,CAIDA DE PASAJERO,8
MADRE DE DIOS,2015,INCENDIO,1
MADRE DE DIOS,2015,DESPISTE,110
MADRE DE DIOS,2015,DESPISTE Y VOLCADURA,5
MADRE DE DIOS,2015,COLISION,4
MADRE DE DIOS,2015,CHOQUE Y ATROPELLO,0
MADRE DE DIOS,2015,OTRO,5
MADRE DE DIOS,2016,ATROPELLO,72
MADRE DE DIOS,2016,ATROPELLO Y FUGA,4
MADRE DE DIOS,2016,CHOQUE,316
MADRE DE DIOS,2016,CHOQUE Y FUGA,32
MADRE DE DIOS,2016,VOLCADURA,3
MADRE DE DIOS,2016,CAIDA DE PASAJERO,8
MADRE DE DIOS,2016,INCENDIO,0
MADRE DE DIOS,2016,DESPISTE,151
MADRE DE DIOS,2016,CHOQUE Y ATROPELLO,3
MADRE DE DIOS,2016,DESPISTE Y VOLCADURA,14
MADRE DE DIOS,2016,COLISION,0
MADRE DE DIOS,2016,OTRO,5
MADRE DE DIOS,2017,ATROPELLO,44
MADRE DE DIOS,2017,ATROPELLO Y FUGA,4
MADRE DE DIOS,2017,CHOQUE,252
MADRE DE DIOS,2017,CHOQUE Y FUGA,17
MADRE DE DIOS,2017,VOLCADURA,7
MADRE DE DIOS,2017,CAIDA DE PASAJERO,0
MADRE DE DIOS,2017,INCENDIO,1
MADRE DE DIOS,2017,DESPISTE,261
MADRE DE DIOS,2017,CHOQUE Y ATROPELLO,4
MADRE DE DIOS,2017,DESPISTE Y VOLCADURA,26
MADRE DE DIOS,2017,COLISIÓN,32
MADRE DE DIOS,2017,OTRO,9
MADRE DE DIOS,2018,ATROPELLO,30
MADRE DE DIOS,2018,ATROPELLO Y FUGA,3
MADRE DE DIOS,2018,CHOQUE,260
MADRE DE DIOS,2018,CHOQUE Y FUGA,9
MADRE DE DIOS,2018,VOLCADURA,0
MADRE DE DIOS,2018,CAIDA DE PASAJERO,3
MADRE DE DIOS,2018,INCENDIO,0
MADRE DE DIOS,2018,DESPISTE,103
MADRE DE DIOS,2018,CHOQUE Y ATROPELLO,14
MADRE DE DIOS,2018,DESPISTE Y VOLCADURA,6
MADRE DE DIOS,2018,COLISIÓN Y FUGA,0
MADRE DE DIOS,2018,COLISIÓN,0
MADRE DE DIOS,2018,OTRO,6
MADRE DE DIOS,2019,ATROPELLO,63
MADRE DE DIOS,2019,ATROPELLO Y FUGA,9
MADRE DE DIOS,2019,CHOQUE,270
MADRE DE DIOS,2019,CHOQUE Y FUGA,5
MADRE DE DIOS,2019,VOLCADURA,2
MADRE DE DIOS,2019,CAIDA DE PASAJERO,77
MADRE DE DIOS,2019,INCENDIO,0
MADRE DE DIOS,2019,DESPISTE,62
MADRE DE DIOS,2019,CHOQUE Y ATROPELLO,10
MADRE DE DIOS,2019,DESPISTE Y VOLCADURA,7
MADRE DE DIOS,2019,COLISIÓN Y FUGA,0
MADRE DE DIOS,2019,COLISIÓN,2
MADRE DE DIOS,2019,OTRO,4
MADRE DE DIOS,2020,ATROPELLO,47
MADRE DE DIOS,2020,ATROPELLO Y FUGA,17
MADRE DE DIOS,2020,CHOQUE,242
MADRE DE DIOS,2020,CHOQUE Y FUGA,12
MADRE DE DIOS,2020,VOLCADURA,1
MADRE DE DIOS,2020,CAIDA DE PASAJERO,13
MADRE DE DIOS,2020,INCENDIO,0
MADRE DE DIOS,2020,DESPISTE,60
MADRE DE DIOS,2020,CHOQUE Y ATROPELLO,14
MADRE DE DIOS,2020,DESPISTE Y VOLCADURA,2
MADRE DE DIOS,2020,COLISIÓN Y FUGA,0
MADRE DE DIOS,2020,COLISIÓN,2
MADRE DE DIOS,2020,OTRO,9
MADRE DE DIOS,2021,ATROPELLO,20
MADRE DE DIOS,2021,ATROPELLO Y FUGA,4
MADRE DE DIOS,2021,CHOQUE,419
MADRE DE DIOS,2021,CHOQUE Y FUGA,11
MADRE DE DIOS,2021,VOLCADURA,4
MADRE DE DIOS,2021,CAIDA DE PASAJERO,30
MADRE DE DIOS,2021,INCENDIO,0
MADRE DE DIOS,2021,DESPISTE,100
MADRE DE DIOS,2021,CHOQUE Y ATROPELLO,20
MADRE DE DIOS,2021,DESPISTE Y VOLCADURA,18
MADRE DE DIOS,2021,COLISIÓN Y FUGA,1
MADRE DE DIOS,2021,COLISIÓN,1
MADRE DE DIOS,2021,OTRO,5
MADRE DE DIOS,2022,ATROPELLO,34
MADRE DE DIOS,2022,ATROPELLO Y FUGA,1
MADRE DE DIOS,2022,CHOQUE,402
MADRE DE DIOS,2022,CHOQUE Y FUGA,14
MADRE DE DIOS,2022,VOLCADURA,6
MADRE DE DIOS,2022,CAIDA DE PASAJERO,6
MADRE DE DIOS,2022,INCENDIO,5
MADRE DE DIOS,2022,DESPISTE,128
MADRE DE DIOS,2022,CHOQUE Y ATROPELLO,10
MADRE DE DIOS,2022,DESPISTE Y VOLCADURA,16
MADRE DE DIOS,2022,COLISIÓN Y FUGA,0
MADRE DE DIOS,2022,COLISIÓN,6
MADRE DE DIOS,2022,OTRO,114
MADRE DE DIOS,2023,ATROPELLO,28
MADRE DE DIOS,2023,ATROPELLO Y FUGA,2
MADRE DE DIOS,2023,CHOQUE,326
MADRE DE DIOS,2023,CHOQUE Y FUGA,4
MADRE DE DIOS,2023,VOLCADURA,9
MADRE DE DIOS,2023,CAIDA DE PASAJERO,5
MADRE DE DIOS,2023,INCENDIO,1
MADRE DE DIOS,2023,DESPISTE,64
MADRE DE DIOS,2023,CHOQUE Y ATROPELLO,2
MADRE DE DIOS,2023,DESPISTE Y VOLCADURA,11
MADRE DE DIOS,2023,COLISIÓN Y FUGA,1
MADRE DE DIOS,2023,COLISIÓN,2
MADRE DE DIOS,2023,OTRO,7
MADRE DE DIOS,2024,ATROPELLO,18
MADRE DE DIOS,2024,ATROPELLO Y FUGA,4
MADRE DE DIOS,2024,CHOQUE,300
MADRE DE DIOS,2024,CHOQUE Y FUGA,3
MADRE DE DIOS,2024,VOLCADURA,6
MADRE DE DIOS,2024,CAIDA DE PASAJERO,1
MADRE DE DIOS,2024,INCENDIO,0
MADRE DE DIOS,2024,DESPISTE,56
MADRE DE DIOS,2024,CHOQUE Y ATROPELLO,0
MADRE DE DIOS,2024,DESPISTE Y VOLCADURA,3
MADRE DE DIOS,2024,COLISIÓN Y FUGA,0
MADRE DE DIOS,2024,COLISIÓN,2
MADRE DE DIOS,2024,OTRO,11
MOQUEGUA,2008,ATROPELLO,116
MOQUEGUA,2008,ATROPELLO Y FUGA,28
MOQUEGUA,2008,CHOQUE,224
MOQUEGUA,2008,CHOQUE Y FUGA,79
MOQUEGUA,2008,VOLCADURA,25
MOQUEGUA,2008,CAIDA DE PASAJERO,21
MOQUEGUA,2008,INCENDIO,2
MOQUEGUA,2008,OTRO,59
MOQUEGUA,2009,ATROPELLO,112
MOQUEGUA,2009,ATROPELLO Y FUGA,29
MOQUEGUA,2009,CHOQUE,308
MOQUEGUA,2009,CHOQUE Y FUGA,74
MOQUEGUA,2009,VOLCADURA,11
MOQUEGUA,2009,CAIDA DE PASAJERO,23
MOQUEGUA,2009,INCENDIO,1
MOQUEGUA,2009,OTRO,96
MOQUEGUA,2010,ATROPELLO,114
MOQUEGUA,2010,ATROPELLO Y FUGA,26
MOQUEGUA,2010,CHOQUE,315
MOQUEGUA,2010,CHOQUE Y FUGA,72
MOQUEGUA,2010,VOLCADURA,17
MOQUEGUA,2010,CAIDA DE PASAJERO,19
MOQUEGUA,2010,INCENDIO,12
MOQUEGUA,2010,DESPISTE,17
MOQUEGUA,2010,OTRO,64
MOQUEGUA,2011,ATROPELLO,117
MOQUEGUA,2011,ATROPELLO Y FUGA,26
MOQUEGUA,2011,CHOQUE,389
MOQUEGUA,2011,CHOQUE Y FUGA,69
MOQUEGUA,2011,VOLCADURA,13
MOQUEGUA,2011,CAIDA DE PASAJERO,18
MOQUEGUA,2011,INCENDIO,58
MOQUEGUA,2011,DESPISTE,62
MOQUEGUA,2011,OTRO,10
MOQUEGUA,2012,ATROPELLO,132
MOQUEGUA,2012,ATROPELLO Y FUGA,29
MOQUEGUA,2012,CHOQUE,377
MOQUEGUA,2012,CHOQUE Y FUGA,49
MOQUEGUA,2012,VOLCADURA,19
MOQUEGUA,2012,CAIDA DE PASAJERO,13
MOQUEGUA,2012,INCENDIO,5
MOQUEGUA,2012,DESPISTE,125
MOQUEGUA,2012,OTRO,12
MOQUEGUA,2013,ATROPELLO,121
MOQUEGUA,2013,ATROPELLO Y FUGA,23
MOQUEGUA,2013,CHOQUE,436
MOQUEGUA,2013,CHOQUE Y FUGA,42
MOQUEGUA,2013,VOLCADURA,39
MOQUEGUA,2013,CAIDA DE PASAJERO,26
MOQUEGUA,2013,INCENDIO,1
MOQUEGUA,2013,DESPISTE,133
MOQUEGUA,2013,OTRO,23
MOQUEGUA,2014,ATROPELLO,104
MOQUEGUA,2014,ATROPELLO Y FUGA,23
MOQUEGUA,2014,CHOQUE,321
MOQUEGUA,2014,CHOQUE Y FUGA,40
MOQUEGUA,2014,VOLCADURA,30
MOQUEGUA,2014,CAIDA DE PASAJERO,10
MOQUEGUA,2014,INCENDIO,0
MOQUEGUA,2014,DESPISTE,101
MOQUEGUA,2014,OTRO,36
MOQUEGUA,2015,ATROPELLO,65
MOQUEGUA,2015,ATROPELLO Y FUGA,15
MOQUEGUA,2015,CHOQUE,268
MOQUEGUA,2015,CHOQUE Y FUGA,28
MOQUEGUA,2015,VOLCADURA,24
MOQUEGUA,2015,CAIDA DE PASAJERO,3
MOQUEGUA,2015,INCENDIO,0
MOQUEGUA,2015,DESPISTE,110
MOQUEGUA,2015,DESPISTE Y VOLCADURA,49
MOQUEGUA,2015,COLISION,3
MOQUEGUA,2015,CHOQUE Y ATROPELLO,0
MOQUEGUA,2015,OTRO,8
MOQUEGUA,2016,ATROPELLO,79
MOQUEGUA,2016,ATROPELLO Y FUGA,16
MOQUEGUA,2016,CHOQUE,225
MOQUEGUA,2016,CHOQUE Y FUGA,42
MOQUEGUA,2016,VOLCADURA,15
MOQUEGUA,2016,CAIDA DE PASAJERO,7
MOQUEGUA,2016,INCENDIO,0
MOQUEGUA,2016,DESPISTE,75
MOQUEGUA,2016,CHOQUE Y ATROPELLO,16
MOQUEGUA,2016,DESPISTE Y VOLCADURA,49
MOQUEGUA,2016,COLISION,0
MOQUEGUA,2016,OTRO,35
MOQUEGUA,2017,ATROPELLO,72
MOQUEGUA,2017,ATROPELLO Y FUGA,8
MOQUEGUA,2017,CHOQUE,240
MOQUEGUA,2017,CHOQUE Y FUGA,21
MOQUEGUA,2017,VOLCADURA,16
MOQUEGUA,2017,CAIDA DE PASAJERO,7
MOQUEGUA,2017,INCENDIO,0
MOQUEGUA,2017,DESPISTE,65
MOQUEGUA,2017,CHOQUE Y ATROPELLO,6
MOQUEGUA,2017,DESPISTE Y VOLCADURA,59
MOQUEGUA,2017,COLISIÓN,4
MOQUEGUA,2017,OTRO,85
MOQUEGUA,2018,ATROPELLO,71
MOQUEGUA,2018,ATROPELLO Y FUGA,7
MOQUEGUA,2018,CHOQUE,222
MOQUEGUA,2018,CHOQUE Y FUGA,10
MOQUEGUA,2018,VOLCADURA,14
MOQUEGUA,2018,CAIDA DE PASAJERO,1
MOQUEGUA,2018,INCENDIO,2
MOQUEGUA,2018,DESPISTE,81
MOQUEGUA,2018,CHOQUE Y ATROPELLO,3
MOQUEGUA,2018,DESPISTE Y VOLCADURA,52
MOQUEGUA,2018,COLISIÓN Y FUGA,0
MOQUEGUA,2018,COLISIÓN,6
MOQUEGUA,2018,OTRO,40
MOQUEGUA,2019,ATROPELLO,64
MOQUEGUA,2019,ATROPELLO Y FUGA,13
MOQUEGUA,2019,CHOQUE,250
MOQUEGUA,2019,CHOQUE Y FUGA,17
MOQUEGUA,2019,VOLCADURA,21
MOQUEGUA,2019,CAIDA DE PASAJERO,6
MOQUEGUA,2019,INCENDIO,0
MOQUEGUA,2019,DESPISTE,79
MOQUEGUA,2019,CHOQUE Y ATROPELLO,2
MOQUEGUA,2019,DESPISTE Y VOLCADURA,26
MOQUEGUA,2019,COLISIÓN Y FUGA,0
MOQUEGUA,2019,COLISIÓN,5
MOQUEGUA,2019,OTRO,51
MOQUEGUA,2020,ATROPELLO,18
MOQUEGUA,2020,ATROPELLO Y FUGA,4
MOQUEGUA,2020,CHOQUE,131
MOQUEGUA,2020,CHOQUE Y FUGA,22
MOQUEGUA,2020,VOLCADURA,11
MOQUEGUA,2020,CAIDA DE PASAJERO,0
MOQUEGUA,2020,INCENDIO,0
MOQUEGUA,2020,DESPISTE,63
MOQUEGUA,2020,CHOQUE Y ATROPELLO,5
MOQUEGUA,2020,DESPISTE Y VOLCADURA,18
MOQUEGUA,2020,COLISIÓN Y FUGA,0
MOQUEGUA,2020,COLISIÓN,1
MOQUEGUA,2020,OTRO,37
MOQUEGUA,2021,ATROPELLO,31
MOQUEGUA,2021,ATROPELLO Y FUGA,8
MOQUEGUA,2021,CHOQUE,196
MOQUEGUA,2021,CHOQUE Y FUGA,28
MOQUEGUA,2021,VOLCADURA,25
MOQUEGUA,2021,CAIDA DE PASAJERO,1
MOQUEGUA,2021,INCENDIO,2
MOQUEGUA,2021,DESPISTE,86
MOQUEGUA,2021,CHOQUE Y ATROPELLO,4
MOQUEGUA,2021,DESPISTE Y VOLCADURA,34
MOQUEGUA,2021,COLISIÓN Y FUGA,2
MOQUEGUA,2021,COLISIÓN,4
MOQUEGUA,2021,OTRO,74
MOQUEGUA,2022,ATROPELLO,46
MOQUEGUA,2022,ATROPELLO Y FUGA,10
MOQUEGUA,2022,CHOQUE,310
MOQUEGUA,2022,CHOQUE Y FUGA,48
MOQUEGUA,2022,VOLCADURA,27
MOQUEGUA,2022,CAIDA DE PASAJERO,8
MOQUEGUA,2022,INCENDIO,0
MOQUEGUA,2022,DESPISTE,110
MOQUEGUA,2022,CHOQUE Y ATROPELLO,6
MOQUEGUA,2022,DESPISTE Y VOLCADURA,33
MOQUEGUA,2022,COLISIÓN Y FUGA,2
MOQUEGUA,2022,COLISIÓN,0
MOQUEGUA,2022,OTRO,57
MOQUEGUA,2023,ATROPELLO,79
MOQUEGUA,2023,ATROPELLO Y FUGA,23
MOQUEGUA,2023,CHOQUE,268
MOQUEGUA,2023,CHOQUE Y FUGA,50
MOQUEGUA,2023,VOLCADURA,7
MOQUEGUA,2023,CAIDA DE PASAJERO,8
MOQUEGUA,2023,INCENDIO,0
MOQUEGUA,2023,DESPISTE,109
MOQUEGUA,2023,CHOQUE Y ATROPELLO,4
MOQUEGUA,2023,DESPISTE Y VOLCADURA,32
MOQUEGUA,2023,COLISIÓN Y FUGA,0
MOQUEGUA,2023,COLISIÓN,0
MOQUEGUA,2023,OTRO,174
MOQUEGUA,2024,ATROPELLO,54
MOQUEGUA,2024,ATROPELLO Y FUGA,13
MOQUEGUA,2024,CHOQUE,210
MOQUEGUA,2024,CHOQUE Y FUGA,45
MOQUEGUA,2024,VOLCADURA,15
MOQUEGUA,2024,CAIDA DE PASAJERO,3
MOQUEGUA,2024,INCENDIO,1
MOQUEGUA,2024,DESPISTE,96
MOQUEGUA,2024,CHOQUE Y ATROPELLO,3
MOQUEGUA,2024,DESPISTE Y VOLCADURA,18
MOQUEGUA,2024,COLISIÓN Y FUGA,0
MOQUEGUA,2024,COLISIÓN,0
MOQUEGUA,2024,OTRO,106
PASCO,2008,ATROPELLO,18
PASCO,2008,ATROPELLO Y FUGA,4
PASCO,2008,CHOQUE,42
PASCO,2008,CHOQUE Y FUGA,5
PASCO,2008,VOLCADURA,3
PASCO,2008,CAIDA DE PASAJERO,1
PASCO,2008,INCENDIO,2
PASCO,2008,OTRO,15
PASCO,2009,ATROPELLO,29
PASCO,2009,ATROPELLO Y FUGA,8
PASCO,2009,CHOQUE,82
PASCO,2009,CHOQUE Y FUGA,12
PASCO,2009,VOLCADURA,23
PASCO,2009,CAIDA DE PASAJERO,3
PASCO,2009,INCENDIO,2
PASCO,2009,OTRO,46
PASCO,2010,ATROPELLO,10
PASCO,2010,ATROPELLO Y FUGA,6
PASCO,2010,CHOQUE,80
PASCO,2010,CHOQUE Y FUGA,28
PASCO,2010,VOLCADURA,10
PASCO,2010,CAIDA DE PASAJERO,2
PASCO,2010,INCENDIO,5
PASCO,2010,DESPISTE,1
PASCO,2010,OTRO,39
PASCO,2011,ATROPELLO,20
PASCO,2011,ATROPELLO Y FUGA,6
PASCO,2011,CHOQUE,97
PASCO,2011,CHOQUE Y FUGA,11
PASCO,2011,VOLCADURA,14
PASCO,2011,CAIDA DE PASAJERO,0
PASCO,2011,INCENDIO,10
PASCO,2011,DESPISTE,27
PASCO,2011,OTRO,31
PASCO,2012,ATROPELLO,21
PASCO,2012,ATROPELLO Y FUGA,2
PASCO,2012,CHOQUE,76
PASCO,2012,CHOQUE Y FUGA,3
PASCO,2012,VOLCADURA,11
PASCO,2012,CAIDA DE PASAJERO,1
PASCO,2012,INCENDIO,4
PASCO,2012,DESPISTE,19
PASCO,2012,OTRO,6
PASCO,2013,ATROPELLO,26
PASCO,2013,ATROPELLO Y FUGA,0
PASCO,2013,CHOQUE,35
PASCO,2013,CHOQUE Y FUGA,1
PASCO,2013,VOLCADURA,14
PASCO,2013,CAIDA DE PASAJERO,0
PASCO,2013,INCENDIO,1
PASCO,2013,DESPISTE,13
PASCO,2013,OTRO,0
PASCO,2014,ATROPELLO,6
PASCO,2014,ATROPELLO Y FUGA,1
PASCO,2014,CHOQUE,20
PASCO,2014,CHOQUE Y FUGA,2
PASCO,2014,VOLCADURA,1
PASCO,2014,CAIDA DE PASAJERO,0
PASCO,2014,INCENDIO,0
PASCO,2014,DESPISTE,12
PASCO,2014,OTRO,8
PASCO,2015,ATROPELLO,10
PASCO,2015,ATROPELLO Y FUGA,2
PASCO,2015,CHOQUE,30
PASCO,2015,CHOQUE Y FUGA,3
PASCO,2015,VOLCADURA,5
PASCO,2015,CAIDA DE PASAJERO,0
PASCO,2015,INCENDIO,0
PASCO,2015,DESPISTE,21
PASCO,2015,DESPISTE Y VOLCADURA,16
PASCO,2015,COLISION,1
PASCO,2015,CHOQUE Y ATROPELLO,6
PASCO,2015,OTRO,1
PASCO,2016,ATROPELLO,4
PASCO,2016,ATROPELLO Y FUGA,0
PASCO,2016,CHOQUE,18
PASCO,2016,CHOQUE Y FUGA,1
PASCO,2016,VOLCADURA,3
PASCO,2016,CAIDA DE PASAJERO,0
PASCO,2016,INCENDIO,0
PASCO,2016,DESPISTE,12
PASCO,2016,CHOQUE Y ATROPELLO,0
PASCO,2016,DESPISTE Y VOLCADURA,5
PASCO,2016,COLISION,1
PASCO,2016,OTRO,0
PASCO,2017,ATROPELLO,13
PASCO,2017,ATROPELLO Y FUGA,1
PASCO,2017,CHOQUE,49
PASCO,2017,CHOQUE Y FUGA,5
PASCO,2017,VOLCADURA,5
PASCO,2017,CAIDA DE PASAJERO,0
PASCO,2017,INCENDIO,0
PASCO,2017,DESPISTE,23
PASCO,2017,CHOQUE Y ATROPELLO,2
PASCO,2017,DESPISTE Y VOLCADURA,6
PASCO,2017,COLISIÓN,1
PASCO,2017,OTRO,16
PASCO,2018,ATROPELLO,17
PASCO,2018,ATROPELLO Y FUGA,5
PASCO,2018,CHOQUE,114
PASCO,2018,CHOQUE Y FUGA,5
PASCO,2018,VOLCADURA,14
PASCO,2018,CAIDA DE PASAJERO,0
PASCO,2018,INCENDIO,0
PASCO,2018,DESPISTE,76
PASCO,2018,CHOQUE Y ATROPELLO,1
PASCO,2018,DESPISTE Y VOLCADURA,14
PASCO,2018,COLISIÓN Y FUGA,2
PASCO,2018,COLISIÓN,1
PASCO,2018,OTRO,9
PASCO,2019,ATROPELLO,36
PASCO,2019,ATROPELLO Y FUGA,9
PASCO,2019,CHOQUE,284
PASCO,2019,CHOQUE Y FUGA,23
PASCO,2019,VOLCADURA,16
PASCO,2019,CAIDA DE PASAJERO,3
PASCO,2019,INCENDIO,0
PASCO,2019,DESPISTE,101
PASCO,2019,CHOQUE Y ATROPELLO,8
PASCO,2019,DESPISTE Y VOLCADURA,22
PASCO,2019,COLISIÓN Y FUGA,1
PASCO,2019,COLISIÓN,4
PASCO,2019,OTRO,45
PASCO,2020,ATROPELLO,23
PASCO,2020,ATROPELLO Y FUGA,7
PASCO,2020,CHOQUE,163
PASCO,2020,CHOQUE Y FUGA,9
PASCO,2020,VOLCADURA,15
PASCO,2020,CAIDA DE PASAJERO,1
PASCO,2020,INCENDIO,0
PASCO,2020,DESPISTE,68
PASCO,2020,CHOQUE Y ATROPELLO,6
PASCO,2020,DESPISTE Y VOLCADURA,16
PASCO,2020,COLISIÓN Y FUGA,0
PASCO,2020,COLISIÓN,2
PASCO,2020,OTRO,18
PASCO,2021,ATROPELLO,24
PASCO,2021,ATROPELLO Y FUGA,4
PASCO,2021,CHOQUE,143
PASCO,2021,CHOQUE Y FUGA,15
PASCO,2021,VOLCADURA,15
PASCO,2021,CAIDA DE PASAJERO,1
PASCO,2021,INCENDIO,1
PASCO,2021,DESPISTE,76
PASCO,2021,CHOQUE Y ATROPELLO,1
PASCO,2021,DESPISTE Y VOLCADURA,4
PASCO,2021,COLISIÓN Y FUGA,4
PASCO,2021,COLISIÓN,2
PASCO,2021,OTRO,8
PASCO,2022,ATROPELLO,25
PASCO,2022,ATROPELLO Y FUGA,9
PASCO,2022,CHOQUE,148
PASCO,2022,CHOQUE Y FUGA,19
PASCO,2022,VOLCADURA,7
PASCO,2022,CAIDA DE PASAJERO,1
PASCO,2022,INCENDIO,0
PASCO,2022,DESPISTE,70
PASCO,2022,CHOQUE Y ATROPELLO,1
PASCO,2022,DESPISTE Y VOLCADURA,13
PASCO,2022,COLISIÓN Y FUGA,2
PASCO,2022,COLISIÓN,0
PASCO,2022,OTRO,32
PASCO,2023,ATROPELLO,23
PASCO,2023,ATROPELLO Y FUGA,7
PASCO,2023,CHOQUE,119
PASCO,2023,CHOQUE Y FUGA,23
PASCO,2023,VOLCADURA,9
PASCO,2023,CAIDA DE PASAJERO,0
PASCO,2023,INCENDIO,1
PASCO,2023,DESPISTE,67
PASCO,2023,CHOQUE Y ATROPELLO,0
PASCO,2023,DESPISTE Y VOLCADURA,8
PASCO,2023,COLISIÓN Y FUGA,2
PASCO,2023,COLISIÓN,1
PASCO,2023,OTRO,44
PASCO,2024,ATROPELLO,30
PASCO,2024,ATROPELLO Y FUGA,9
PASCO,2024,CHOQUE,148
PASCO,2024,CHOQUE Y FUGA,13
PASCO,2024,VOLCADURA,14
PASCO,2024,CAIDA DE PASAJERO,2
PASCO,2024,INCENDIO,0
PASCO,2024,DESPISTE,115
PASCO,2024,CHOQUE Y ATROPELLO,0
PASCO,2024,DESPISTE Y VOLCADURA,6
PASCO,2024,COLISIÓN Y FUGA,0
PASCO,2024,COLISIÓN,2
PASCO,2024,OTRO,42
PIURA,2008,ATROPELLO,358
PIURA,2008,ATROPELLO Y FUGA,105
PIURA,2008,CHOQUE,655
PIURA,2008,CHOQUE Y FUGA,298
PIURA,2008,VOLCADURA,86
PIURA,2008,CAIDA DE PASAJERO,21
PIURA,2008,INCENDIO,0
PIURA,2008,OTRO,70
PIURA,2009,ATROPELLO,292
PIURA,2009,ATROPELLO Y FUGA,90
PIURA,2009,CHOQUE,747
PIURA,2009,CHOQUE Y FUGA,268
PIURA,2009,VOLCADURA,69
PIURA,2009,CAIDA DE PASAJERO,26
PIURA,2009,INCENDIO,0
PIURA,2009,OTRO,93
PIURA,2010,ATROPELLO,302
PIURA,2010,ATROPELLO Y FUGA,100
PIURA,2010,CHOQUE,941
PIURA,2010,CHOQUE Y FUGA,333
PIURA,2010,VOLCADURA,42
PIURA,2010,CAIDA DE PASAJERO,17
PIURA,2010,INCENDIO,3
PIURA,2010,DESPISTE,13
PIURA,2010,OTRO,103
PIURA,2011,ATROPELLO,254
PIURA,2011,ATROPELLO Y FUGA,134
PIURA,2011,CHOQUE,857
PIURA,2011,CHOQUE Y FUGA,391
PIURA,2011,VOLCADURA,41
PIURA,2011,CAIDA DE PASAJERO,10
PIURA,2011,INCENDIO,4
PIURA,2011,DESPISTE,12
PIURA,2011,OTRO,121
PIURA,2012,ATROPELLO,414
PIURA,2012,ATROPELLO Y FUGA,310
PIURA,2012,CHOQUE,1588
PIURA,2012,CHOQUE Y FUGA,604
PIURA,2012,VOLCADURA,92
PIURA,2012,CAIDA DE PASAJERO,42
PIURA,2012,INCENDIO,1
PIURA,2012,DESPISTE,26
PIURA,2012,OTRO,223
PIURA,2013,ATROPELLO,509
PIURA,2013,ATROPELLO Y FUGA,347
PIURA,2013,CHOQUE,1915
PIURA,2013,CHOQUE Y FUGA,775
PIURA,2013,VOLCADURA,81
PIURA,2013,CAIDA DE PASAJERO,61
PIURA,2013,INCENDIO,1
PIURA,2013,DESPISTE,29
PIURA,2013,OTRO,371
PIURA,2014,ATROPELLO,548
PIURA,2014,ATROPELLO Y FUGA,212
PIURA,2014,CHOQUE,1627
PIURA,2014,CHOQUE Y FUGA,727
PIURA,2014,VOLCADURA,50
PIURA,2014,CAIDA DE PASAJERO,93
PIURA,2014,INCENDIO,5
PIURA,2014,DESPISTE,325
PIURA,2014,OTRO,247
PIURA,2015,ATROPELLO,587
PIURA,2015,ATROPELLO Y FUGA,180
PIURA,2015,CHOQUE,1591
PIURA,2015,CHOQUE Y FUGA,773
PIURA,2015,VOLCADURA,42
PIURA,2015,CAIDA DE PASAJERO,43
PIURA,2015,INCENDIO,12
PIURA,2015,DESPISTE,362
PIURA,2015,DESPISTE Y VOLCADURA,47
PIURA,2015,COLISION,29
PIURA,2015,CHOQUE Y ATROPELLO,88
PIURA,2015,OTRO,113
PIURA,2016,ATROPELLO,442
PIURA,2016,ATROPELLO Y FUGA,116
PIURA,2016,CHOQUE,1615
PIURA,2016,CHOQUE Y FUGA,676
PIURA,2016,VOLCADURA,43
PIURA,2016,CAIDA DE PASAJERO,54
PIURA,2016,INCENDIO,5
PIURA,2016,DESPISTE,230
PIURA,2016,CHOQUE Y ATROPELLO,38
PIURA,2016,DESPISTE Y VOLCADURA,59
PIURA,2016,COLISION,30
PIURA,2016,OTRO,172
PIURA,2017,ATROPELLO,245
PIURA,2017,ATROPELLO Y FUGA,42
PIURA,2017,CHOQUE,950
PIURA,2017,CHOQUE Y FUGA,398
PIURA,2017,VOLCADURA,30
PIURA,2017,CAIDA DE PASAJERO,43
PIURA,2017,INCENDIO,1
PIURA,2017,DESPISTE,305
PIURA,2017,CHOQUE Y ATROPELLO,43
PIURA,2017,DESPISTE Y VOLCADURA,47
PIURA,2017,COLISIÓN,33
PIURA,2017,OTRO,166
PIURA,2018,ATROPELLO,245
PIURA,2018,ATROPELLO Y FUGA,64
PIURA,2018,CHOQUE,1081
PIURA,2018,CHOQUE Y FUGA,278
PIURA,2018,VOLCADURA,26
PIURA,2018,CAIDA DE PASAJERO,22
PIURA,2018,INCENDIO,3
PIURA,2018,DESPISTE,360
PIURA,2018,CHOQUE Y ATROPELLO,65
PIURA,2018,DESPISTE Y VOLCADURA,77
PIURA,2018,COLISIÓN Y FUGA,0
PIURA,2018,COLISIÓN,5
PIURA,2018,OTRO,286
PIURA,2019,ATROPELLO,392
PIURA,2019,ATROPELLO Y FUGA,115
PIURA,2019,CHOQUE,1602
PIURA,2019,CHOQUE Y FUGA,611
PIURA,2019,VOLCADURA,31
PIURA,2019,CAIDA DE PASAJERO,40
PIURA,2019,INCENDIO,4
PIURA,2019,DESPISTE,699
PIURA,2019,CHOQUE Y ATROPELLO,161
PIURA,2019,DESPISTE Y VOLCADURA,58
PIURA,2019,COLISIÓN Y FUGA,5
PIURA,2019,COLISIÓN,17
PIURA,2019,OTRO,331
PIURA,2020,ATROPELLO,281
PIURA,2020,ATROPELLO Y FUGA,56
PIURA,2020,CHOQUE,980
PIURA,2020,CHOQUE Y FUGA,310
PIURA,2020,VOLCADURA,11
PIURA,2020,CAIDA DE PASAJERO,42
PIURA,2020,INCENDIO,1
PIURA,2020,DESPISTE,485
PIURA,2020,CHOQUE Y ATROPELLO,91
PIURA,2020,DESPISTE Y VOLCADURA,30
PIURA,2020,COLISIÓN Y FUGA,1
PIURA,2020,COLISIÓN,3
PIURA,2020,OTRO,345
PIURA,2021,ATROPELLO,265
PIURA,2021,ATROPELLO Y FUGA,66
PIURA,2021,CHOQUE,1345
PIURA,2021,CHOQUE Y FUGA,462
PIURA,2021,VOLCADURA,19
PIURA,2021,CAIDA DE PASAJERO,42
PIURA,2021,INCENDIO,1
PIURA,2021,DESPISTE,856
PIURA,2021,CHOQUE Y ATROPELLO,73
PIURA,2021,DESPISTE Y VOLCADURA,52
PIURA,2021,COLISIÓN Y FUGA,6
PIURA,2021,COLISIÓN,7
PIURA,2021,OTRO,273
PIURA,2022,ATROPELLO,331
PIURA,2022,ATROPELLO Y FUGA,70
PIURA,2022,CHOQUE,1512
PIURA,2022,CHOQUE Y FUGA,625
PIURA,2022,VOLCADURA,26
PIURA,2022,CAIDA DE PASAJERO,50
PIURA,2022,INCENDIO,0
PIURA,2022,DESPISTE,949
PIURA,2022,CHOQUE Y ATROPELLO,28
PIURA,2022,DESPISTE Y VOLCADURA,36
PIURA,2022,COLISIÓN Y FUGA,25
PIURA,2022,COLISIÓN,6
PIURA,2022,OTRO,289
PIURA,2023,ATROPELLO,380
PIURA,2023,ATROPELLO Y FUGA,51
PIURA,2023,CHOQUE,1271
PIURA,2023,CHOQUE Y FUGA,460
PIURA,2023,VOLCADURA,41
PIURA,2023,CAIDA DE PASAJERO,29
PIURA,2023,INCENDIO,2
PIURA,2023,DESPISTE,768
PIURA,2023,CHOQUE Y ATROPELLO,16
PIURA,2023,DESPISTE Y VOLCADURA,48
PIURA,2023,COLISIÓN Y FUGA,0
PIURA,2023,COLISIÓN,4
PIURA,2023,OTRO,297
PIURA,2024,ATROPELLO,276
PIURA,2024,ATROPELLO Y FUGA,88
PIURA,2024,CHOQUE,1188
PIURA,2024,CHOQUE Y FUGA,431
PIURA,2024,VOLCADURA,47
PIURA,2024,CAIDA DE PASAJERO,58
PIURA,2024,INCENDIO,0
PIURA,2024,DESPISTE,845
PIURA,2024,CHOQUE Y ATROPELLO,22
PIURA,2024,DESPISTE Y VOLCADURA,35
PIURA,2024,COLISIÓN Y FUGA,2
PIURA,2024,COLISIÓN,4
PIURA,2024,OTRO,100
PUNO,2008,ATROPELLO,174
PUNO,2008,ATROPELLO Y FUGA,70
PUNO,2008,CHOQUE,299
PUNO,2008,CHOQUE Y FUGA,209
PUNO,2008,VOLCADURA,58
PUNO,2008,CAIDA DE PASAJERO,26
PUNO,2008,INCENDIO,0
PUNO,2008,OTRO,93
PUNO,2009,ATROPELLO,169
PUNO,2009,ATROPELLO Y FUGA,63
PUNO,2009,CHOQUE,348
PUNO,2009,CHOQUE Y FUGA,146
PUNO,2009,VOLCADURA,81
PUNO,2009,CAIDA DE PASAJERO,14
PUNO,2009,INCENDIO,0
PUNO,2009,OTRO,110
PUNO,2010,ATROPELLO,231
PUNO,2010,ATROPELLO Y FUGA,87
PUNO,2010,CHOQUE,317
PUNO,2010,CHOQUE Y FUGA,145
PUNO,2010,VOLCADURA,50
PUNO,2010,CAIDA DE PASAJERO,21
PUNO,2010,INCENDIO,0
PUNO,2010,DESPISTE,0
PUNO,2010,OTRO,141
PUNO,2011,ATROPELLO,226
PUNO,2011,ATROPELLO Y FUGA,129
PUNO,2011,CHOQUE,503
PUNO,2011,CHOQUE Y FUGA,223
PUNO,2011,VOLCADURA,70
PUNO,2011,CAIDA DE PASAJERO,23
PUNO,2011,INCENDIO,7
PUNO,2011,DESPISTE,0
PUNO,2011,OTRO,187
PUNO,2012,ATROPELLO,203
PUNO,2012,ATROPELLO Y FUGA,88
PUNO,2012,CHOQUE,360
PUNO,2012,CHOQUE Y FUGA,140
PUNO,2012,VOLCADURA,66
PUNO,2012,CAIDA DE PASAJERO,14
PUNO,2012,INCENDIO,2
PUNO,2012,DESPISTE,0
PUNO,2012,OTRO,101
PUNO,2013,ATROPELLO,256
PUNO,2013,ATROPELLO Y FUGA,80
PUNO,2013,CHOQUE,474
PUNO,2013,CHOQUE Y FUGA,149
PUNO,2013,VOLCADURA,68
PUNO,2013,CAIDA DE PASAJERO,13
PUNO,2013,INCENDIO,1
PUNO,2013,DESPISTE,0
PUNO,2013,OTRO,113
PUNO,2014,ATROPELLO,171
PUNO,2014,ATROPELLO Y FUGA,52
PUNO,2014,CHOQUE,316
PUNO,2014,CHOQUE Y FUGA,183
PUNO,2014,VOLCADURA,55
PUNO,2014,CAIDA DE PASAJERO,12
PUNO,2014,INCENDIO,0
PUNO,2014,DESPISTE,46
PUNO,2014,OTRO,118
PUNO,2015,ATROPELLO,120
PUNO,2015,ATROPELLO Y FUGA,25
PUNO,2015,CHOQUE,355
PUNO,2015,CHOQUE Y FUGA,130
PUNO,2015,VOLCADURA,26
PUNO,2015,CAIDA DE PASAJERO,8
PUNO,2015,INCENDIO,0
PUNO,2015,DESPISTE,124
PUNO,2015,DESPISTE Y VOLCADURA,81
PUNO,2015,COLISION,16
PUNO,2015,CHOQUE Y ATROPELLO,20
PUNO,2015,OTRO,17
PUNO,2016,ATROPELLO,111
PUNO,2016,ATROPELLO Y FUGA,25
PUNO,2016,CHOQUE,292
PUNO,2016,CHOQUE Y FUGA,105
PUNO,2016,VOLCADURA,18
PUNO,2016,CAIDA DE PASAJERO,12
PUNO,2016,INCENDIO,0
PUNO,2016,DESPISTE,97
PUNO,2016,CHOQUE Y ATROPELLO,18
PUNO,2016,DESPISTE Y VOLCADURA,75
PUNO,2016,COLISION,7
PUNO,2016,OTRO,5
PUNO,2017,ATROPELLO,164
PUNO,2017,ATROPELLO Y FUGA,36
PUNO,2017,CHOQUE,450
PUNO,2017,CHOQUE Y FUGA,56
PUNO,2017,VOLCADURA,18
PUNO,2017,CAIDA DE PASAJERO,4
PUNO,2017,INCENDIO,2
PUNO,2017,DESPISTE,147
PUNO,2017,CHOQUE Y ATROPELLO,10
PUNO,2017,DESPISTE Y VOLCADURA,61
PUNO,2017,COLISIÓN,1
PUNO,2017,OTRO,19
PUNO,2018,ATROPELLO,136
PUNO,2018,ATROPELLO Y FUGA,38
PUNO,2018,CHOQUE,541
PUNO,2018,CHOQUE Y FUGA,34
PUNO,2018,VOLCADURA,21
PUNO,2018,CAIDA DE PASAJERO,6
PUNO,2018,INCENDIO,1
PUNO,2018,DESPISTE,107
PUNO,2018,CHOQUE Y ATROPELLO,7
PUNO,2018,DESPISTE Y VOLCADURA,65
PUNO,2018,COLISIÓN Y FUGA,5
PUNO,2018,COLISIÓN,3
PUNO,2018,OTRO,35
PUNO,2019,ATROPELLO,186
PUNO,2019,ATROPELLO Y FUGA,60
PUNO,2019,CHOQUE,571
PUNO,2019,CHOQUE Y FUGA,26
PUNO,2019,VOLCADURA,22
PUNO,2019,CAIDA DE PASAJERO,6
PUNO,2019,INCENDIO,1
PUNO,2019,DESPISTE,131
PUNO,2019,CHOQUE Y ATROPELLO,43
PUNO,2019,DESPISTE Y VOLCADURA,80
PUNO,2019,COLISIÓN Y FUGA,3
PUNO,2019,COLISIÓN,4
PUNO,2019,OTRO,46
PUNO,2020,ATROPELLO,74
PUNO,2020,ATROPELLO Y FUGA,19
PUNO,2020,CHOQUE,273
PUNO,2020,CHOQUE Y FUGA,21
PUNO,2020,VOLCADURA,21
PUNO,2020,CAIDA DE PASAJERO,3
PUNO,2020,INCENDIO,0
PUNO,2020,DESPISTE,86
PUNO,2020,CHOQUE Y ATROPELLO,25
PUNO,2020,DESPISTE Y VOLCADURA,39
PUNO,2020,COLISIÓN Y FUGA,2
PUNO,2020,COLISIÓN,3
PUNO,2020,OTRO,36
PUNO,2021,ATROPELLO,118
PUNO,2021,ATROPELLO Y FUGA,25
PUNO,2021,CHOQUE,655
PUNO,2021,CHOQUE Y FUGA,46
PUNO,2021,VOLCADURA,23
PUNO,2021,CAIDA DE PASAJERO,8
PUNO,2021,INCENDIO,0
PUNO,2021,DESPISTE,202
PUNO,2021,CHOQUE Y ATROPELLO,66
PUNO,2021,DESPISTE Y VOLCADURA,32
PUNO,2021,COLISIÓN Y FUGA,3
PUNO,2021,COLISIÓN,14
PUNO,2021,OTRO,74
PUNO,2022,ATROPELLO,144
PUNO,2022,ATROPELLO Y FUGA,50
PUNO,2022,CHOQUE,618
PUNO,2022,CHOQUE Y FUGA,52
PUNO,2022,VOLCADURA,32
PUNO,2022,CAIDA DE PASAJERO,15
PUNO,2022,INCENDIO,1
PUNO,2022,DESPISTE,227
PUNO,2022,CHOQUE Y ATROPELLO,44
PUNO,2022,DESPISTE Y VOLCADURA,48
PUNO,2022,COLISIÓN Y FUGA,1
PUNO,2022,COLISIÓN,20
PUNO,2022,OTRO,232
PUNO,2023,ATROPELLO,168
PUNO,2023,ATROPELLO Y FUGA,47
PUNO,2023,CHOQUE,424
PUNO,2023,CHOQUE Y FUGA,89
PUNO,2023,VOLCADURA,14
PUNO,2023,CAIDA DE PASAJERO,14
PUNO,2023,INCENDIO,1
PUNO,2023,DESPISTE,216
PUNO,2023,CHOQUE Y ATROPELLO,38
PUNO,2023,DESPISTE Y VOLCADURA,22
PUNO,2023,COLISIÓN Y FUGA,6
PUNO,2023,COLISIÓN,18
PUNO,2023,OTRO,139
PUNO,2024,ATROPELLO,216
PUNO,2024,ATROPELLO Y FUGA,50
PUNO,2024,CHOQUE,609
PUNO,2024,CHOQUE Y FUGA,52
PUNO,2024,VOLCADURA,29
PUNO,2024,CAIDA DE PASAJERO,3
PUNO,2024,INCENDIO,2
PUNO,2024,DESPISTE,142
PUNO,2024,CHOQUE Y ATROPELLO,13
PUNO,2024,DESPISTE Y VOLCADURA,39
PUNO,2024,COLISIÓN Y FUGA,1
PUNO,2024,COLISIÓN,5
PUNO,2024,OTRO,126
SAN MARTIN,2008,ATROPELLO,81
SAN MARTIN,2008,ATROPELLO Y FUGA,20
SAN MARTIN,2008,CHOQUE,184
SAN MARTIN,2008,CHOQUE Y FUGA,37
SAN MARTIN,2008,VOLCADURA,40
SAN MARTIN,2008,CAIDA DE PASAJERO,1
SAN MARTIN,2008,INCENDIO,0
SAN MARTIN,2008,OTRO,19
SAN MARTIN,2009,ATROPELLO,98
SAN MARTIN,2009,ATROPELLO Y FUGA,34
SAN MARTIN,2009,CHOQUE,222
SAN MARTIN,2009,CHOQUE Y FUGA,62
SAN MARTIN,2009,VOLCADURA,34
SAN MARTIN,2009,CAIDA DE PASAJERO,4
SAN MARTIN,2009,INCENDIO,0
SAN MARTIN,2009,OTRO,37
SAN MARTIN,2010,ATROPELLO,120
SAN MARTIN,2010,ATROPELLO Y FUGA,34
SAN MARTIN,2010,CHOQUE,415
SAN MARTIN,2010,CHOQUE Y FUGA,71
SAN MARTIN,2010,VOLCADURA,22
SAN MARTIN,2010,CAIDA DE PASAJERO,10
SAN MARTIN,2010,INCENDIO,1
SAN MARTIN,2010,DESPISTE,121
SAN MARTIN,2010,OTRO,38
SAN MARTIN,2011,ATROPELLO,124
SAN MARTIN,2011,ATROPELLO Y FUGA,38
SAN MARTIN,2011,CHOQUE,403
SAN MARTIN,2011,CHOQUE Y FUGA,103
SAN MARTIN,2011,VOLCADURA,15
SAN MARTIN,2011,CAIDA DE PASAJERO,6
SAN MARTIN,2011,INCENDIO,0
SAN MARTIN,2011,DESPISTE,157
SAN MARTIN,2011,OTRO,65
SAN MARTIN,2012,ATROPELLO,128
SAN MARTIN,2012,ATROPELLO Y FUGA,37
SAN MARTIN,2012,CHOQUE,471
SAN MARTIN,2012,CHOQUE Y FUGA,79
SAN MARTIN,2012,VOLCADURA,22
SAN MARTIN,2012,CAIDA DE PASAJERO,27
SAN MARTIN,2012,INCENDIO,13
SAN MARTIN,2012,DESPISTE,226
SAN MARTIN,2012,OTRO,54
SAN MARTIN,2013,ATROPELLO,202
SAN MARTIN,2013,ATROPELLO Y FUGA,41
SAN MARTIN,2013,CHOQUE,573
SAN MARTIN,2013,CHOQUE Y FUGA,124
SAN MARTIN,2013,VOLCADURA,24
SAN MARTIN,2013,CAIDA DE PASAJERO,7
SAN MARTIN,2013,INCENDIO,3
SAN MARTIN,2013,DESPISTE,259
SAN MARTIN,2013,OTRO,48
SAN MARTIN,2014,ATROPELLO,147
SAN MARTIN,2014,ATROPELLO Y FUGA,25
SAN MARTIN,2014,CHOQUE,633
SAN MARTIN,2014,CHOQUE Y FUGA,120
SAN MARTIN,2014,VOLCADURA,13
SAN MARTIN,2014,CAIDA DE PASAJERO,5
SAN MARTIN,2014,INCENDIO,0
SAN MARTIN,2014,DESPISTE,294
SAN MARTIN,2014,OTRO,32
SAN MARTIN,2015,ATROPELLO,113
SAN MARTIN,2015,ATROPELLO Y FUGA,25
SAN MARTIN,2015,CHOQUE,559
SAN MARTIN,2015,CHOQUE Y FUGA,94
SAN MARTIN,2015,VOLCADURA,13
SAN MARTIN,2015,CAIDA DE PASAJERO,5
SAN MARTIN,2015,INCENDIO,0
SAN MARTIN,2015,DESPISTE,302
SAN MARTIN,2015,DESPISTE Y VOLCADURA,6
SAN MARTIN,2015,COLISION,1
SAN MARTIN,2015,CHOQUE Y ATROPELLO,9
SAN MARTIN,2015,OTRO,41
SAN MARTIN,2016,ATROPELLO,232
SAN MARTIN,2016,ATROPELLO Y FUGA,53
SAN MARTIN,2016,CHOQUE,918
SAN MARTIN,2016,CHOQUE Y FUGA,135
SAN MARTIN,2016,VOLCADURA,29
SAN MARTIN,2016,CAIDA DE PASAJERO,7
SAN MARTIN,2016,INCENDIO,1
SAN MARTIN,2016,DESPISTE,538
SAN MARTIN,2016,CHOQUE Y ATROPELLO,6
SAN MARTIN,2016,DESPISTE Y VOLCADURA,11
SAN MARTIN,2016,COLISION,0
SAN MARTIN,2016,OTRO,72
SAN MARTIN,2017,ATROPELLO,197
SAN MARTIN,2017,ATROPELLO Y FUGA,40
SAN MARTIN,2017,CHOQUE,682
SAN MARTIN,2017,CHOQUE Y FUGA,84
SAN MARTIN,2017,VOLCADURA,9
SAN MARTIN,2017,CAIDA DE PASAJERO,12
SAN MARTIN,2017,INCENDIO,1
SAN MARTIN,2017,DESPISTE,444
SAN MARTIN,2017,CHOQUE Y ATROPELLO,5
SAN MARTIN,2017,DESPISTE Y VOLCADURA,20
SAN MARTIN,2017,COLISIÓN,0
SAN MARTIN,2017,OTRO,39
SAN MARTIN,2018,ATROPELLO,151
SAN MARTIN,2018,ATROPELLO Y FUGA,27
SAN MARTIN,2018,CHOQUE,558
SAN MARTIN,2018,CHOQUE Y FUGA,85
SAN MARTIN,2018,VOLCADURA,22
SAN MARTIN,2018,CAIDA DE PASAJERO,7
SAN MARTIN,2018,INCENDIO,0
SAN MARTIN,2018,DESPISTE,421
SAN MARTIN,2018,CHOQUE Y ATROPELLO,3
SAN MARTIN,2018,DESPISTE Y VOLCADURA,5
SAN MARTIN,2018,COLISIÓN Y FUGA,0
SAN MARTIN,2018,COLISIÓN,0
SAN MARTIN,2018,OTRO,64
SAN MARTIN,2019,ATROPELLO,135
SAN MARTIN,2019,ATROPELLO Y FUGA,31
SAN MARTIN,2019,CHOQUE,541
SAN MARTIN,2019,CHOQUE Y FUGA,79
SAN MARTIN,2019,VOLCADURA,29
SAN MARTIN,2019,CAIDA DE PASAJERO,4
SAN MARTIN,2019,INCENDIO,2
SAN MARTIN,2019,DESPISTE,391
SAN MARTIN,2019,CHOQUE Y ATROPELLO,14
SAN MARTIN,2019,DESPISTE Y VOLCADURA,1
SAN MARTIN,2019,COLISIÓN Y FUGA,0
SAN MARTIN,2019,COLISIÓN,2
SAN MARTIN,2019,OTRO,31
SAN MARTIN,2020,ATROPELLO,64
SAN MARTIN,2020,ATROPELLO Y FUGA,18
SAN MARTIN,2020,CHOQUE,385
SAN MARTIN,2020,CHOQUE Y FUGA,48
SAN MARTIN,2020,VOLCADURA,16
SAN MARTIN,2020,CAIDA DE PASAJERO,6
SAN MARTIN,2020,INCENDIO,0
SAN MARTIN,2020,DESPISTE,304
SAN MARTIN,2020,CHOQUE Y ATROPELLO,3
SAN MARTIN,2020,DESPISTE Y VOLCADURA,2
SAN MARTIN,2020,COLISIÓN Y FUGA,0
SAN MARTIN,2020,COLISIÓN,0
SAN MARTIN,2020,OTRO,34
SAN MARTIN,2021,ATROPELLO,88
SAN MARTIN,2021,ATROPELLO Y FUGA,20
SAN MARTIN,2021,CHOQUE,472
SAN MARTIN,2021,CHOQUE Y FUGA,72
SAN MARTIN,2021,VOLCADURA,15
SAN MARTIN,2021,CAIDA DE PASAJERO,7
SAN MARTIN,2021,INCENDIO,1
SAN MARTIN,2021,DESPISTE,378
SAN MARTIN,2021,CHOQUE Y ATROPELLO,1
SAN MARTIN,2021,DESPISTE Y VOLCADURA,2
SAN MARTIN,2021,COLISIÓN Y FUGA,1
SAN MARTIN,2021,COLISIÓN,2
SAN MARTIN,2021,OTRO,33
SAN MARTIN,2022,ATROPELLO,101
SAN MARTIN,2022,ATROPELLO Y FUGA,31
SAN MARTIN,2022,CHOQUE,595
SAN MARTIN,2022,CHOQUE Y FUGA,99
SAN MARTIN,2022,VOLCADURA,26
SAN MARTIN,2022,CAIDA DE PASAJERO,5
SAN MARTIN,2022,INCENDIO,0
SAN MARTIN,2022,DESPISTE,380
SAN MARTIN,2022,CHOQUE Y ATROPELLO,5
SAN MARTIN,2022,DESPISTE Y VOLCADURA,8
SAN MARTIN,2022,COLISIÓN Y FUGA,0
SAN MARTIN,2022,COLISIÓN,0
SAN MARTIN,2022,OTRO,29
SAN MARTIN,2023,ATROPELLO,127
SAN MARTIN,2023,ATROPELLO Y FUGA,31
SAN MARTIN,2023,CHOQUE,665
SAN MARTIN,2023,CHOQUE Y FUGA,136
SAN MARTIN,2023,VOLCADURA,19
SAN MARTIN,2023,CAIDA DE PASAJERO,6
SAN MARTIN,2023,INCENDIO,1
SAN MARTIN,2023,DESPISTE,476
SAN MARTIN,2023,CHOQUE Y ATROPELLO,1
SAN MARTIN,2023,DESPISTE Y VOLCADURA,3
SAN MARTIN,2023,COLISIÓN Y FUGA,0
SAN MARTIN,2023,COLISIÓN,0
SAN MARTIN,2023,OTRO,45
SAN MARTIN,2024,ATROPELLO,164
SAN MARTIN,2024,ATROPELLO Y FUGA,34
SAN MARTIN,2024,CHOQUE,794
SAN MARTIN,2024,CHOQUE Y FUGA,138
SAN MARTIN,2024,VOLCADURA,56
SAN MARTIN,2024,CAIDA DE PASAJERO,2
SAN MARTIN,2024,INCENDIO,0
SAN MARTIN,2024,DESPISTE,529
SAN MARTIN,2024,CHOQUE Y ATROPELLO,4
SAN MARTIN,2024,DESPISTE Y VOLCADURA,2
SAN MARTIN,2024,COLISIÓN Y FUGA,2
SAN MARTIN,2024,COLISIÓN,0
SAN MARTIN,2024,OTRO,21
TACNA,2008,ATROPELLO,54
TACNA,2008,ATROPELLO Y FUGA,22
TACNA,2008,CHOQUE,113
TACNA,2008,CHOQUE Y FUGA,26
TACNA,2008,VOLCADURA,3
TACNA,2008,CAIDA DE PASAJERO,8
TACNA,2008,INCENDIO,0
TACNA,2008,OTRO,17
TACNA,2009,ATROPELLO,210
TACNA,2009,ATROPELLO Y FUGA,35
TACNA,2009,CHOQUE,516
TACNA,2009,CHOQUE Y FUGA,116
TACNA,2009,VOLCADURA,12
TACNA,2009,CAIDA DE PASAJERO,54
TACNA,2009,INCENDIO,0
TACNA,2009,OTRO,94
TACNA,2010,ATROPELLO,194
TACNA,2010,ATROPELLO Y FUGA,67
TACNA,2010,CHOQUE,604
TACNA,2010,CHOQUE Y FUGA,155
TACNA,2010,VOLCADURA,19
TACNA,2010,CAIDA DE PASAJERO,29
TACNA,2010,INCENDIO,21
TACNA,2010,DESPISTE,15
TACNA,2010,OTRO,104
TACNA,2011,ATROPELLO,213
TACNA,2011,ATROPELLO Y FUGA,43
TACNA,2011,CHOQUE,694
TACNA,2011,CHOQUE Y FUGA,98
TACNA,2011,VOLCADURA,26
TACNA,2011,CAIDA DE PASAJERO,39
TACNA,2011,INCENDIO,55
TACNA,2011,DESPISTE,92
TACNA,2011,OTRO,29
TACNA,2012,ATROPELLO,276
TACNA,2012,ATROPELLO Y FUGA,52
TACNA,2012,CHOQUE,746
TACNA,2012,CHOQUE Y FUGA,141
TACNA,2012,VOLCADURA,22
TACNA,2012,CAIDA DE PASAJERO,48
TACNA,2012,INCENDIO,48
TACNA,2012,DESPISTE,117
TACNA,2012,OTRO,15
TACNA,2013,ATROPELLO,283
TACNA,2013,ATROPELLO Y FUGA,63
TACNA,2013,CHOQUE,850
TACNA,2013,CHOQUE Y FUGA,168
TACNA,2013,VOLCADURA,14
TACNA,2013,CAIDA DE PASAJERO,43
TACNA,2013,INCENDIO,9
TACNA,2013,DESPISTE,164
TACNA,2013,OTRO,14
TACNA,2014,ATROPELLO,224
TACNA,2014,ATROPELLO Y FUGA,43
TACNA,2014,CHOQUE,693
TACNA,2014,CHOQUE Y FUGA,128
TACNA,2014,VOLCADURA,9
TACNA,2014,CAIDA DE PASAJERO,53
TACNA,2014,INCENDIO,16
TACNA,2014,DESPISTE,130
TACNA,2014,OTRO,53
TACNA,2015,ATROPELLO,200
TACNA,2015,ATROPELLO Y FUGA,25
TACNA,2015,CHOQUE,639
TACNA,2015,CHOQUE Y FUGA,62
TACNA,2015,VOLCADURA,4
TACNA,2015,CAIDA DE PASAJERO,37
TACNA,2015,INCENDIO,0
TACNA,2015,DESPISTE,133
TACNA,2015,DESPISTE Y VOLCADURA,16
TACNA,2015,COLISION,0
TACNA,2015,CHOQUE Y ATROPELLO,14
TACNA,2015,OTRO,12
TACNA,2016,ATROPELLO,144
TACNA,2016,ATROPELLO Y FUGA,12
TACNA,2016,CHOQUE,497
TACNA,2016,CHOQUE Y FUGA,66
TACNA,2016,VOLCADURA,3
TACNA,2016,CAIDA DE PASAJERO,10
TACNA,2016,INCENDIO,0
TACNA,2016,DESPISTE,146
TACNA,2016,CHOQUE Y ATROPELLO,4
TACNA,2016,DESPISTE Y VOLCADURA,19
TACNA,2016,COLISION,1
TACNA,2016,OTRO,8
TACNA,2017,ATROPELLO,112
TACNA,2017,ATROPELLO Y FUGA,18
TACNA,2017,CHOQUE,492
TACNA,2017,CHOQUE Y FUGA,28
TACNA,2017,VOLCADURA,4
TACNA,2017,CAIDA DE PASAJERO,11
TACNA,2017,INCENDIO,1
TACNA,2017,DESPISTE,90
TACNA,2017,CHOQUE Y ATROPELLO,3
TACNA,2017,DESPISTE Y VOLCADURA,18
TACNA,2017,COLISIÓN,0
TACNA,2017,OTRO,4
TACNA,2018,ATROPELLO,170
TACNA,2018,ATROPELLO Y FUGA,18
TACNA,2018,CHOQUE,586
TACNA,2018,CHOQUE Y FUGA,51
TACNA,2018,VOLCADURA,7
TACNA,2018,CAIDA DE PASAJERO,21
TACNA,2018,INCENDIO,0
TACNA,2018,DESPISTE,94
TACNA,2018,CHOQUE Y ATROPELLO,2
TACNA,2018,DESPISTE Y VOLCADURA,23
TACNA,2018,COLISIÓN Y FUGA,0
TACNA,2018,COLISIÓN,1
TACNA,2018,OTRO,10
TACNA,2019,ATROPELLO,170
TACNA,2019,ATROPELLO Y FUGA,13
TACNA,2019,CHOQUE,764
TACNA,2019,CHOQUE Y FUGA,87
TACNA,2019,VOLCADURA,4
TACNA,2019,CAIDA DE PASAJERO,16
TACNA,2019,INCENDIO,5
TACNA,2019,DESPISTE,136
TACNA,2019,CHOQUE Y ATROPELLO,5
TACNA,2019,DESPISTE Y VOLCADURA,12
TACNA,2019,COLISIÓN Y FUGA,1
TACNA,2019,COLISIÓN,0
TACNA,2019,OTRO,84
TACNA,2020,ATROPELLO,76
TACNA,2020,ATROPELLO Y FUGA,2
TACNA,2020,CHOQUE,450
TACNA,2020,CHOQUE Y FUGA,35
TACNA,2020,VOLCADURA,11
TACNA,2020,CAIDA DE PASAJERO,6
TACNA,2020,INCENDIO,1
TACNA,2020,DESPISTE,92
TACNA,2020,CHOQUE Y ATROPELLO,2
TACNA,2020,DESPISTE Y VOLCADURA,12
TACNA,2020,COLISIÓN Y FUGA,0
TACNA,2020,COLISIÓN,0
TACNA,2020,OTRO,32
TACNA,2021,ATROPELLO,79
TACNA,2021,ATROPELLO Y FUGA,5
TACNA,2021,CHOQUE,483
TACNA,2021,CHOQUE Y FUGA,47
TACNA,2021,VOLCADURA,17
TACNA,2021,CAIDA DE PASAJERO,2
TACNA,2021,INCENDIO,1
TACNA,2021,DESPISTE,100
TACNA,2021,CHOQUE Y ATROPELLO,1
TACNA,2021,DESPISTE Y VOLCADURA,14
TACNA,2021,COLISIÓN Y FUGA,1
TACNA,2021,COLISIÓN,0
TACNA,2021,OTRO,30
TACNA,2022,ATROPELLO,134
TACNA,2022,ATROPELLO Y FUGA,8
TACNA,2022,CHOQUE,540
TACNA,2022,CHOQUE Y FUGA,65
TACNA,2022,VOLCADURA,11
TACNA,2022,CAIDA DE PASAJERO,14
TACNA,2022,INCENDIO,1
TACNA,2022,DESPISTE,118
TACNA,2022,CHOQUE Y ATROPELLO,1
TACNA,2022,DESPISTE Y VOLCADURA,19
TACNA,2022,COLISIÓN Y FUGA,0
TACNA,2022,COLISIÓN,0
TACNA,2022,OTRO,36
TACNA,2023,ATROPELLO,146
TACNA,2023,ATROPELLO Y FUGA,22
TACNA,2023,CHOQUE,552
TACNA,2023,CHOQUE Y FUGA,56
TACNA,2023,VOLCADURA,16
TACNA,2023,CAIDA DE PASAJERO,12
TACNA,2023,INCENDIO,1
TACNA,2023,DESPISTE,144
TACNA,2023,CHOQUE Y ATROPELLO,3
TACNA,2023,DESPISTE Y VOLCADURA,16
TACNA,2023,COLISIÓN Y FUGA,0
TACNA,2023,COLISIÓN,0
TACNA,2023,OTRO,69
TACNA,2024,ATROPELLO,155
TACNA,2024,ATROPELLO Y FUGA,20
TACNA,2024,CHOQUE,655
TACNA,2024,CHOQUE Y FUGA,54
TACNA,2024,VOLCADURA,2
TACNA,2024,CAIDA DE PASAJERO,22
TACNA,2024,INCENDIO,0
TACNA,2024,DESPISTE,144
TACNA,2024,CHOQUE Y ATROPELLO,4
TACNA,2024,DESPISTE Y VOLCADURA,22
TACNA,2024,COLISIÓN Y FUGA,0
TACNA,2024,COLISIÓN,2
TACNA,2024,OTRO,80
TUMBES,2008,ATROPELLO,54
TUMBES,2008,ATROPELLO Y FUGA,13
TUMBES,2008,CHOQUE,159
TUMBES,2008,CHOQUE Y FUGA,38
TUMBES,2008,VOLCADURA,13
TUMBES,2008,CAIDA DE PASAJERO,4
TUMBES,2008,INCENDIO,2
TUMBES,2008,OTRO,26
TUMBES,2009,ATROPELLO,54
TUMBES,2009,ATROPELLO Y FUGA,17
TUMBES,2009,CHOQUE,174
TUMBES,2009,CHOQUE Y FUGA,23
TUMBES,2009,VOLCADURA,6
TUMBES,2009,CAIDA DE PASAJERO,2
TUMBES,2009,INCENDIO,0
TUMBES,2009,OTRO,19
TUMBES,2010,ATROPELLO,72
TUMBES,2010,ATROPELLO Y FUGA,15
TUMBES,2010,CHOQUE,161
TUMBES,2010,CHOQUE Y FUGA,46
TUMBES,2010,VOLCADURA,3
TUMBES,2010,CAIDA DE PASAJERO,4
TUMBES,2010,INCENDIO,0
TUMBES,2010,DESPISTE,35
TUMBES,2010,OTRO,0
TUMBES,2011,ATROPELLO,55
TUMBES,2011,ATROPELLO Y FUGA,8
TUMBES,2011,CHOQUE,183
TUMBES,2011,CHOQUE Y FUGA,24
TUMBES,2011,VOLCADURA,4
TUMBES,2011,CAIDA DE PASAJERO,5
TUMBES,2011,INCENDIO,0
TUMBES,2011,DESPISTE,37
TUMBES,2011,OTRO,2
TUMBES,2012,ATROPELLO,91
TUMBES,2012,ATROPELLO Y FUGA,33
TUMBES,2012,CHOQUE,213
TUMBES,2012,CHOQUE Y FUGA,70
TUMBES,2012,VOLCADURA,7
TUMBES,2012,CAIDA DE PASAJERO,4
TUMBES,2012,INCENDIO,0
TUMBES,2012,DESPISTE,72
TUMBES,2012,OTRO,15
TUMBES,2013,ATROPELLO,65
TUMBES,2013,ATROPELLO Y FUGA,12
TUMBES,2013,CHOQUE,254
TUMBES,2013,CHOQUE Y FUGA,69
TUMBES,2013,VOLCADURA,5
TUMBES,2013,CAIDA DE PASAJERO,6
TUMBES,2013,INCENDIO,0
TUMBES,2013,DESPISTE,65
TUMBES,2013,OTRO,7
TUMBES,2014,ATROPELLO,48
TUMBES,2014,ATROPELLO Y FUGA,17
TUMBES,2014,CHOQUE,241
TUMBES,2014,CHOQUE Y FUGA,46
TUMBES,2014,VOLCADURA,3
TUMBES,2014,CAIDA DE PASAJERO,6
TUMBES,2014,INCENDIO,1
TUMBES,2014,DESPISTE,62
TUMBES,2014,OTRO,14
TUMBES,2015,ATROPELLO,60
TUMBES,2015,ATROPELLO Y FUGA,13
TUMBES,2015,CHOQUE,233
TUMBES,2015,CHOQUE Y FUGA,32
TUMBES,2015,VOLCADURA,3
TUMBES,2015,CAIDA DE PASAJERO,1
TUMBES,2015,INCENDIO,0
TUMBES,2015,DESPISTE,65
TUMBES,2015,DESPISTE Y VOLCADURA,7
TUMBES,2015,COLISION,5
TUMBES,2015,CHOQUE Y ATROPELLO,3
TUMBES,2015,OTRO,11
TUMBES,2016,ATROPELLO,64
TUMBES,2016,ATROPELLO Y FUGA,16
TUMBES,2016,CHOQUE,301
TUMBES,2016,CHOQUE Y FUGA,43
TUMBES,2016,VOLCADURA,2
TUMBES,2016,CAIDA DE PASAJERO,5
TUMBES,2016,INCENDIO,0
TUMBES,2016,DESPISTE,75
TUMBES,2016,CHOQUE Y ATROPELLO,4
TUMBES,2016,DESPISTE Y VOLCADURA,18
TUMBES,2016,COLISION,0
TUMBES,2016,OTRO,6
TUMBES,2017,ATROPELLO,52
TUMBES,2017,ATROPELLO Y FUGA,22
TUMBES,2017,CHOQUE,233
TUMBES,2017,CHOQUE Y FUGA,39
TUMBES,2017,VOLCADURA,1
TUMBES,2017,CAIDA DE PASAJERO,3
TUMBES,2017,INCENDIO,1
TUMBES,2017,DESPISTE,76
TUMBES,2017,CHOQUE Y ATROPELLO,1
TUMBES,2017,DESPISTE Y VOLCADURA,13
TUMBES,2017,COLISIÓN,1
TUMBES,2017,OTRO,20
TUMBES,2018,ATROPELLO,51
TUMBES,2018,ATROPELLO Y FUGA,24
TUMBES,2018,CHOQUE,254
TUMBES,2018,CHOQUE Y FUGA,51
TUMBES,2018,VOLCADURA,10
TUMBES,2018,CAIDA DE PASAJERO,2
TUMBES,2018,INCENDIO,1
TUMBES,2018,DESPISTE,79
TUMBES,2018,CHOQUE Y ATROPELLO,7
TUMBES,2018,DESPISTE Y VOLCADURA,15
TUMBES,2018,COLISIÓN Y FUGA,0
TUMBES,2018,COLISIÓN,1
TUMBES,2018,OTRO,8
TUMBES,2019,ATROPELLO,51
TUMBES,2019,ATROPELLO Y FUGA,20
TUMBES,2019,CHOQUE,188
TUMBES,2019,CHOQUE Y FUGA,48
TUMBES,2019,VOLCADURA,4
TUMBES,2019,CAIDA DE PASAJERO,0
TUMBES,2019,INCENDIO,0
TUMBES,2019,DESPISTE,67
TUMBES,2019,CHOQUE Y ATROPELLO,6
TUMBES,2019,DESPISTE Y VOLCADURA,2
TUMBES,2019,COLISIÓN Y FUGA,1
TUMBES,2019,COLISIÓN,0
TUMBES,2019,OTRO,8
TUMBES,2020,ATROPELLO,28
TUMBES,2020,ATROPELLO Y FUGA,13
TUMBES,2020,CHOQUE,116
TUMBES,2020,CHOQUE Y FUGA,20
TUMBES,2020,VOLCADURA,3
TUMBES,2020,CAIDA DE PASAJERO,2
TUMBES,2020,INCENDIO,0
TUMBES,2020,DESPISTE,62
TUMBES,2020,CHOQUE Y ATROPELLO,0
TUMBES,2020,DESPISTE Y VOLCADURA,3
TUMBES,2020,COLISIÓN Y FUGA,0
TUMBES,2020,COLISIÓN,1
TUMBES,2020,OTRO,6
TUMBES,2021,ATROPELLO,43
TUMBES,2021,ATROPELLO Y FUGA,13
TUMBES,2021,CHOQUE,220
TUMBES,2021,CHOQUE Y FUGA,22
TUMBES,2021,VOLCADURA,4
TUMBES,2021,CAIDA DE PASAJERO,5
TUMBES,2021,INCENDIO,0
TUMBES,2021,DESPISTE,54
TUMBES,2021,CHOQUE Y ATROPELLO,5
TUMBES,2021,DESPISTE Y VOLCADURA,2
TUMBES,2021,COLISIÓN Y FUGA,1
TUMBES,2021,COLISIÓN,0
TUMBES,2021,OTRO,7
TUMBES,2022,ATROPELLO,32
TUMBES,2022,ATROPELLO Y FUGA,10
TUMBES,2022,CHOQUE,192
TUMBES,2022,CHOQUE Y FUGA,46
TUMBES,2022,VOLCADURA,8
TUMBES,2022,CAIDA DE PASAJERO,3
TUMBES,2022,INCENDIO,0
TUMBES,2022,DESPISTE,64
TUMBES,2022,CHOQUE Y ATROPELLO,2
TUMBES,2022,DESPISTE Y VOLCADURA,2
TUMBES,2022,COLISIÓN Y FUGA,0
TUMBES,2022,COLISIÓN,1
TUMBES,2022,OTRO,6
TUMBES,2023,ATROPELLO,35
TUMBES,2023,ATROPELLO Y FUGA,11
TUMBES,2023,CHOQUE,123
TUMBES,2023,CHOQUE Y FUGA,48
TUMBES,2023,VOLCADURA,6
TUMBES,2023,CAIDA DE PASAJERO,1
TUMBES,2023,INCENDIO,0
TUMBES,2023,DESPISTE,58
TUMBES,2023,CHOQUE Y ATROPELLO,6
TUMBES,2023,DESPISTE Y VOLCADURA,4
TUMBES,2023,COLISIÓN Y FUGA,0
TUMBES,2023,COLISIÓN,0
TUMBES,2023,OTRO,11
TUMBES,2024,ATROPELLO,13
TUMBES,2024,ATROPELLO Y FUGA,11
TUMBES,2024,CHOQUE,151
TUMBES,2024,CHOQUE Y FUGA,25
TUMBES,2024,VOLCADURA,7
TUMBES,2024,CAIDA DE PASAJERO,4
TUMBES,2024,INCENDIO,0
TUMBES,2024,DESPISTE,43
TUMBES,2024,CHOQUE Y ATROPELLO,2
TUMBES,2024,DESPISTE Y VOLCADURA,0
TUMBES,2024,COLISIÓN Y FUGA,1
TUMBES,2024,COLISIÓN,0
TUMBES,2024,OTRO,7
UCAYALI,2008,ATROPELLO,269
UCAYALI,2008,ATROPELLO Y FUGA,43
UCAYALI,2008,CHOQUE,766
UCAYALI,2008,CHOQUE Y FUGA,146
UCAYALI,2008,VOLCADURA,80
UCAYALI,2008,CAIDA DE PASAJERO,21
UCAYALI,2008,INCENDIO,1
UCAYALI,2008,OTRO,71
UCAYALI,2009,ATROPELLO,250
UCAYALI,2009,ATROPELLO Y FUGA,75
UCAYALI,2009,CHOQUE,523
UCAYALI,2009,CHOQUE Y FUGA,121
UCAYALI,2009,VOLCADURA,55
UCAYALI,2009,CAIDA DE PASAJERO,6
UCAYALI,2009,INCENDIO,6
UCAYALI,2009,OTRO,93
UCAYALI,2010,ATROPELLO,201
UCAYALI,2010,ATROPELLO Y FUGA,40
UCAYALI,2010,CHOQUE,654
UCAYALI,2010,CHOQUE Y FUGA,146
UCAYALI,2010,VOLCADURA,34
UCAYALI,2010,CAIDA DE PASAJERO,4
UCAYALI,2010,INCENDIO,2
UCAYALI,2010,DESPISTE,114
UCAYALI,2010,OTRO,98
UCAYALI,2011,ATROPELLO,140
UCAYALI,2011,ATROPELLO Y FUGA,38
UCAYALI,2011,CHOQUE,714
UCAYALI,2011,CHOQUE Y FUGA,121
UCAYALI,2011,VOLCADURA,19
UCAYALI,2011,CAIDA DE PASAJERO,4
UCAYALI,2011,INCENDIO,3
UCAYALI,2011,DESPISTE,88
UCAYALI,2011,OTRO,16
UCAYALI,2012,ATROPELLO,188
UCAYALI,2012,ATROPELLO Y FUGA,55
UCAYALI,2012,CHOQUE,688
UCAYALI,2012,CHOQUE Y FUGA,96
UCAYALI,2012,VOLCADURA,20
UCAYALI,2012,CAIDA DE PASAJERO,3
UCAYALI,2012,INCENDIO,3
UCAYALI,2012,DESPISTE,115
UCAYALI,2012,OTRO,40
UCAYALI,2013,ATROPELLO,166
UCAYALI,2013,ATROPELLO Y FUGA,30
UCAYALI,2013,CHOQUE,637
UCAYALI,2013,CHOQUE Y FUGA,104
UCAYALI,2013,VOLCADURA,20
UCAYALI,2013,CAIDA DE PASAJERO,2
UCAYALI,2013,INCENDIO,8
UCAYALI,2013,DESPISTE,165
UCAYALI,2013,OTRO,18
UCAYALI,2014,ATROPELLO,106
UCAYALI,2014,ATROPELLO Y FUGA,21
UCAYALI,2014,CHOQUE,491
UCAYALI,2014,CHOQUE Y FUGA,170
UCAYALI,2014,VOLCADURA,11
UCAYALI,2014,CAIDA DE PASAJERO,7
UCAYALI,2014,INCENDIO,3
UCAYALI,2014,DESPISTE,183
UCAYALI,2014,OTRO,68
UCAYALI,2015,ATROPELLO,97
UCAYALI,2015,ATROPELLO Y FUGA,31
UCAYALI,2015,CHOQUE,326
UCAYALI,2015,CHOQUE Y FUGA,145
UCAYALI,2015,VOLCADURA,13
UCAYALI,2015,CAIDA DE PASAJERO,6
UCAYALI,2015,INCENDIO,5
UCAYALI,2015,DESPISTE,111
UCAYALI,2015,DESPISTE Y VOLCADURA,24
UCAYALI,2015,COLISION,2
UCAYALI,2015,CHOQUE Y ATROPELLO,49
UCAYALI,2015,OTRO,6
UCAYALI,2016,ATROPELLO,41
UCAYALI,2016,ATROPELLO Y FUGA,40
UCAYALI,2016,CHOQUE,158
UCAYALI,2016,CHOQUE Y FUGA,58
UCAYALI,2016,VOLCADURA,5
UCAYALI,2016,CAIDA DE PASAJERO,2
UCAYALI,2016,INCENDIO,12
UCAYALI,2016,DESPISTE,83
UCAYALI,2016,CHOQUE Y ATROPELLO,8
UCAYALI,2016,DESPISTE Y VOLCADURA,16
UCAYALI,2016,COLISION,1
UCAYALI,2016,OTRO,10
UCAYALI,2017,ATROPELLO,33
UCAYALI,2017,ATROPELLO Y FUGA,9
UCAYALI,2017,CHOQUE,244
UCAYALI,2017,CHOQUE Y FUGA,38
UCAYALI,2017,VOLCADURA,5
UCAYALI,2017,CAIDA DE PASAJERO,2
UCAYALI,2017,INCENDIO,6
UCAYALI,2017,DESPISTE,67
UCAYALI,2017,CHOQUE Y ATROPELLO,5
UCAYALI,2017,DESPISTE Y VOLCADURA,8
UCAYALI,2017,COLISIÓN,6
UCAYALI,2017,OTRO,27
UCAYALI,2018,ATROPELLO,50
UCAYALI,2018,ATROPELLO Y FUGA,19
UCAYALI,2018,CHOQUE,311
UCAYALI,2018,CHOQUE Y FUGA,98
UCAYALI,2018,VOLCADURA,1
UCAYALI,2018,CAIDA DE PASAJERO,0
UCAYALI,2018,INCENDIO,0
UCAYALI,2018,DESPISTE,145
UCAYALI,2018,CHOQUE Y ATROPELLO,6
UCAYALI,2018,DESPISTE Y VOLCADURA,5
UCAYALI,2018,COLISIÓN Y FUGA,0
UCAYALI,2018,COLISIÓN,0
UCAYALI,2018,OTRO,103
UCAYALI,2019,ATROPELLO,59
UCAYALI,2019,ATROPELLO Y FUGA,8
UCAYALI,2019,CHOQUE,315
UCAYALI,2019,CHOQUE Y FUGA,80
UCAYALI,2019,VOLCADURA,4
UCAYALI,2019,CAIDA DE PASAJERO,2
UCAYALI,2019,INCENDIO,0
UCAYALI,2019,DESPISTE,116
UCAYALI,2019,CHOQUE Y ATROPELLO,4
UCAYALI,2019,DESPISTE Y VOLCADURA,4
UCAYALI,2019,COLISIÓN Y FUGA,1
UCAYALI,2019,COLISIÓN,0
UCAYALI,2019,OTRO,110
UCAYALI,2020,ATROPELLO,41
UCAYALI,2020,ATROPELLO Y FUGA,10
UCAYALI,2020,CHOQUE,257
UCAYALI,2020,CHOQUE Y FUGA,98
UCAYALI,2020,VOLCADURA,7
UCAYALI,2020,CAIDA DE PASAJERO,3
UCAYALI,2020,INCENDIO,0
UCAYALI,2020,DESPISTE,102
UCAYALI,2020,CHOQUE Y ATROPELLO,1
UCAYALI,2020,DESPISTE Y VOLCADURA,7
UCAYALI,2020,COLISIÓN Y FUGA,0
UCAYALI,2020,COLISIÓN,0
UCAYALI,2020,OTRO,61
UCAYALI,2021,ATROPELLO,46
UCAYALI,2021,ATROPELLO Y FUGA,7
UCAYALI,2021,CHOQUE,225
UCAYALI,2021,CHOQUE Y FUGA,66
UCAYALI,2021,VOLCADURA,7
UCAYALI,2021,CAIDA DE PASAJERO,0
UCAYALI,2021,INCENDIO,0
UCAYALI,2021,DESPISTE,93
UCAYALI,2021,CHOQUE Y ATROPELLO,1
UCAYALI,2021,DESPISTE Y VOLCADURA,1
UCAYALI,2021,COLISIÓN Y FUGA,0
UCAYALI,2021,COLISIÓN,1
UCAYALI,2021,OTRO,57
UCAYALI,2022,ATROPELLO,31
UCAYALI,2022,ATROPELLO Y FUGA,18
UCAYALI,2022,CHOQUE,217
UCAYALI,2022,CHOQUE Y FUGA,86
UCAYALI,2022,VOLCADURA,7
UCAYALI,2022,CAIDA DE PASAJERO,0
UCAYALI,2022,INCENDIO,0
UCAYALI,2022,DESPISTE,117
UCAYALI,2022,CHOQUE Y ATROPELLO,3
UCAYALI,2022,DESPISTE Y VOLCADURA,0
UCAYALI,2022,COLISIÓN Y FUGA,0
UCAYALI,2022,COLISIÓN,0
UCAYALI,2022,OTRO,33
UCAYALI,2023,ATROPELLO,35
UCAYALI,2023,ATROPELLO Y FUGA,7
UCAYALI,2023,CHOQUE,254
UCAYALI,2023,CHOQUE Y FUGA,82
UCAYALI,2023,VOLCADURA,8
UCAYALI,2023,CAIDA DE PASAJERO,0
UCAYALI,2023,INCENDIO,0
UCAYALI,2023,DESPISTE,126
UCAYALI,2023,CHOQUE Y ATROPELLO,1
UCAYALI,2023,DESPISTE Y VOLCADURA,0
UCAYALI,2023,COLISIÓN Y FUGA,0
UCAYALI,2023,COLISIÓN,0
UCAYALI,2023,OTRO,53
UCAYALI,2024,ATROPELLO,62
UCAYALI,2024,ATROPELLO Y FUGA,13
UCAYALI,2024,CHOQUE,354
UCAYALI,2024,CHOQUE Y FUGA,106
UCAYALI,2024,VOLCADURA,12
UCAYALI,2024,CAIDA DE PASAJERO,3
UCAYALI,2024,INCENDIO,0
UCAYALI,2024,DESPISTE,149
UCAYALI,2024,CHOQUE Y ATROPELLO,2
UCAYALI,2024,DESPISTE Y VOLCADURA,0
UCAYALI,2024,COLISIÓN Y FUGA,0
UCAYALI,2024,COLISIÓN,1
UCAYALI,2024,OTRO,6
