departamento,anio,tipo_vehiculo,vehiculos
AMAZONAS,2008,AUTO,88
AMAZONAS,2008,CAMIONETA,54
AMAZONAS,2008,MICROBUS,11
AMAZONAS,2008,OMNIBUS,23
AMAZONAS,2008,CAMIÓN,33
AMAZONAS,2008,TRAYLER,12
AMAZONAS,2008,VOLQUETE,17
AMAZONAS,2008,BICICLETA,1
AMAZONAS,2008,FURGÓN,0
AMAZONAS,2008,TRICICLO,15
AMAZONAS,2008,MOTOKAR,32
AMAZONAS,2008,MOTO,41
AMAZONAS,2008,OTROS,1
AMAZONAS,2009,AUTO,73
AMAZONAS,2009,CAMIONETA,32
AMAZONAS,2009,MICROBUS,0
AMAZONAS,2009,OMNIBUS,19
AMAZONAS,2009,CAMIÓN,49
AMAZONAS,2009,TRAYLER,4
AMAZONAS,2009,VOLQUETE,8
AMAZONAS,2009,BICICLETA,0
AMAZONAS,2009,FURGÓN,0
AMAZONAS,2009,TRICICLO,11
AMAZONAS,2009,MOTOKAR,37
AMAZONAS,2009,MOTO,20
AMAZONAS,2009,OTROS,0
AMAZONAS,2010,AUTO,23
AMAZONAS,2010,CAMIONETA,35
AMAZONAS,2010,MICROBUS,0
AMAZONAS,2010,OMNIBUS,5
AMAZONAS,2010,CAMIÓN,15
AMAZONAS,2010,TRAYLER,0
AMAZONAS,2010,VOLQUETE,5
AMAZONAS,2010,BICICLETA,0
AMAZONAS,2010,FURGÓN,0
AMAZONAS,2010,TRICICLO,0
AMAZONAS,2010,MOTOKAR,7
AMAZONAS,2010,MOTO,21
AMAZONAS,2010,OTROS,2
AMAZONAS,2011,AUTO,88
AMAZONAS,2011,CAMIONETA,73
AMAZONAS,2011,MICROBUS,0
AMAZONAS,2011,OMNIBUS,3
AMAZONAS,2011,CAMIÓN,49
AMAZONAS,2011,TRAYLER,4
AMAZONAS,2011,VOLQUETE,6
AMAZONAS,2011,BICICLETA,0
AMAZONAS,2011,FURGÓN,3
AMAZONAS,2011,TRICICLO,0
AMAZONAS,2011,MOTOKAR,40
AMAZONAS,2011,MOTO,45
AMAZONAS,2011,OTROS,2
AMAZONAS,2012,AUTO,136
AMAZONAS,2012,CAMIONETA,93
AMAZONAS,2012,MICROBUS,4
AMAZONAS,2012,OMNIBUS,9
AMAZONAS,2012,CAMIÓN,32
AMAZONAS,2012,TRAYLER,2
AMAZONAS,2012,VOLQUETE,5
AMAZONAS,2012,BICICLETA,11
AMAZONAS,2012,FURGÓN,7
AMAZONAS,2012,TRICICLO,1
AMAZONAS,2012,MOTOKAR,112
AMAZONAS,2012,MOTO,128
AMAZONAS,2012,OTROS,22
AMAZONAS,2013,AUTO,157
AMAZONAS,2013,CAMIONETA,116
AMAZONAS,2013,MICROBUS,6
AMAZONAS,2013,OMNIBUS,12
AMAZONAS,2013,CAMIÓN,31
AMAZONAS,2013,TRAYLER,19
AMAZONAS,2013,VOLQUETE,16
AMAZONAS,2013,BICICLETA,5
AMAZONAS,2013,FURGÓN,0
AMAZONAS,2013,TRICICLO,0
AMAZONAS,2013,MOTOKAR,134
AMAZONAS,2013,MOTO,166
AMAZONAS,2013,OTROS,42
AMAZONAS,2014,AUTO,145
AMAZONAS,2014,CAMIONETA,55
AMAZONAS,2014,MICROBUS,31
AMAZONAS,2014,OMNIBUS,18
AMAZONAS,2014,CAMIÓN,52
AMAZONAS,2014,TRAYLER,9
AMAZONAS,2014,VOLQUETE,1
AMAZONAS,2014,BICICLETA,0
AMAZONAS,2014,FURGÓN,0
AMAZONAS,2014,TRICICLO,0
AMAZONAS,2014,MOTOKAR,99
AMAZONAS,2014,MOTO,187
AMAZONAS,2014,OTROS,21
AMAZONAS,2015,AUTOMOVIL,96
AMAZONAS,2015,STATION WAGON,36
AMAZONAS,2015,CAMIONETA PICKUP,55
AMAZONAS,2015,CAMIONETA RURAL,21
AMAZONAS,2015,CAMIONETA PANEL,3
AMAZONAS,2015,OMNIBUS,10
AMAZONAS,2015,CAMION,43
AMAZONAS,2015,REMOLCADOR,5
AMAZONAS,2015,REMOLQUE Y SEMIREMOLQUE,3
AMAZONAS,2015,VEHÍCULO NO IDENTIFICADO,2
AMAZONAS,2015,MOTO,160
AMAZONAS,2015,MOTOKAR,88
AMAZONAS,2015,TRICICLO,0
AMAZONAS,2015,FURGONETA,1
AMAZONAS,2015,BICICLETA,2
AMAZONAS,2015,VEHÍCULO IDENTIFICADO,0
AMAZONAS,2015,OTRO,6
AMAZONAS,2016,AUTOMOVIL,94
AMAZONAS,2016,STATION WAGON,30
AMAZONAS,2016,CAMIONETA PICKUP,91
AMAZONAS,2016,CAMIONETA RURAL,47
AMAZONAS,2016,CAMIONETA PANEL,10
AMAZONAS,2016,OMNIBUS,12
AMAZONAS,2016,CAMION,44
AMAZONAS,2016,REMOLCADOR,14
AMAZONAS,2016,REMOLQUE Y SEMIREMOLQUE,13
AMAZONAS,2016,VEHÍCULO NO IDENTIFICADO,2
AMAZONAS,2016,MOTO,333
AMAZONAS,2016,MOTOKAR,205
AMAZONAS,2016,TRICICLO,1
AMAZONAS,2016,FURGONETA,2
AMAZONAS,2016,BICICLETA,1
AMAZONAS,2016,VEHÍCULO IDENTIFICADO,4
AMAZONAS,2016,OTRO,3
AMAZONAS,2017,AUTOMOVIL,72
AMAZONAS,2017,STATION WAGON,13
AMAZONAS,2017,CAMIONETA PICKUP,57
AMAZONAS,2017,CAMIONETA RURAL,23
AMAZONAS,2017,CAMIONETA PANEL,5
AMAZONAS,2017,OMNIBUS,10
AMAZONAS,2017,CAMION,36
AMAZONAS,2017,REMOLCADOR,11
AMAZONAS,2017,REMOLQUE Y SEMIREMOLQUE,3
AMAZONAS,2017,VEHÍCULO NO IDENTIFICADO,6
AMAZONAS,2017,MOTO,186
AMAZONAS,2017,MOTOKAR,193
AMAZONAS,2017,TRICICLO,0
AMAZONAS,2017,FURGONETA,0
AMAZONAS,2017,BICICLETA,0
AMAZONAS,2017,VEHÍCULO IDENTIFICADO,1
AMAZONAS,2017,OTRO,2
AMAZONAS,2018,AUTOMOVIL,55
AMAZONAS,2018,STATION WAGON,9
AMAZONAS,2018,CAMIONETA PICKUP,33
AMAZONAS,2018,CAMIONETA RURAL,43
AMAZONAS,2018,CAMIONETA PANEL,4
AMAZONAS,2018,OMNIBUS,6
AMAZONAS,2018,CAMION,27
AMAZONAS,2018,REMOLCADOR,4
AMAZONAS,2018,REMOLQUE Y SEMIREMOLQUE,17
AMAZONAS,2018,VEHÍCULO NO IDENTIFICADO,1
AMAZONAS,2018,OTROS,5
AMAZONAS,2018,MOTO,127
AMAZONAS,2018,MOTOKAR,167
AMAZONAS,2018,TRICICLO,0
AMAZONAS,2018,FURGONETA,1
AMAZONAS,2018,BICICLETA,2
AMAZONAS,2018,VEHÍCULO IDENTIFICADO,0
AMAZONAS,2018,OTROS,6
AMAZONAS,2019,AUTOMOVIL,120
AMAZONAS,2019,STATION WAGON,21
AMAZONAS,2019,CAMIONETA PICKUP,57
AMAZONAS,2019,CAMIONETA RURAL,35
AMAZONAS,2019,CAMIONETA PANEL,8
AMAZONAS,2019,OMNIBUS,6
AMAZONAS,2019,CAMION,37
AMAZONAS,2019,REMOLCADOR,12
AMAZONAS,2019,REMOLQUE Y SEMIREMOLQUE,2
AMAZONAS,2019,VEHÍCULO NO IDENTIFICADO,3
AMAZONAS,2019,OTROS,14
AMAZONAS,2019,MOTO,177
AMAZONAS,2019,MOTOKAR,226
AMAZONAS,2019,TRICICLO,1
AMAZONAS,2019,FURGONETA,1
AMAZONAS,2019,BICICLETA,0
AMAZONAS,2019,VEHÍCULO IDENTIFICADO,2
AMAZONAS,2019,OTROS,3
AMAZONAS,2020,AUTOMOVIL,68
AMAZONAS,2020,STATION WAGON,13
AMAZONAS,2020,CAMIONETA PICKUP,43
AMAZONAS,2020,CAMIONETA RURAL,28
AMAZONAS,2020,CAMIONETA PANEL,5
AMAZONAS,2020,OMNIBUS,4
AMAZONAS,2020,CAMION,27
AMAZONAS,2020,REMOLCADOR,6
AMAZONAS,2020,REMOLQUE Y SEMIREMOLQUE,8
AMAZONAS,2020,VEHÍCULO NO IDENTIFICADO,0
AMAZONAS,2020,OTROS,13
AMAZONAS,2020,MOTO,206
AMAZONAS,2020,MOTOKAR,129
AMAZONAS,2020,TRICICLO,0
AMAZONAS,2020,FURGONETA,2
AMAZONAS,2020,BICICLETA,1
AMAZONAS,2020,VEHÍCULO IDENTIFICADO,0
AMAZONAS,2020,OTROS,2
AMAZONAS,2021,AUTOMOVIL,81
AMAZONAS,2021,STATION WAGON,17
AMAZONAS,2021,CAMIONETA PICKUP,46
AMAZONAS,2021,CAMIONETA RURAL,23
AMAZONAS,2021,CAMIONETA PANEL,0
AMAZONAS,2021,OMNIBUS,1
AMAZONAS,2021,CAMION,44
AMAZONAS,2021,REMOLCADOR,4
AMAZONAS,2021,REMOLQUE Y SEMIREMOLQUE,10
AMAZONAS,2021,VEHÍCULO NO IDENTIFICADO,4
AMAZONAS,2021,OTROS,33
AMAZONAS,2021,MOTO,256
AMAZONAS,2021,MOTOKAR,184
AMAZONAS,2021,TRICICLO,0
AMAZONAS,2021,FURGONETA,3
AMAZONAS,2021,BICICLETA,1
AMAZONAS,2021,VEHÍCULO IDENTIFICADO,2
AMAZONAS,2021,OTROS,5
AMAZONAS,2022,AUTOMOVIL,149
AMAZONAS,2022,STATION WAGON,12
AMAZONAS,2022,CAMIONETA PICKUP,50
AMAZONAS,2022,CAMIONETA RURAL,31
AMAZONAS,2022,CAMIONETA PANEL,3
AMAZONAS,2022,OMNIBUS,5
AMAZONAS,2022,CAMION,36
AMAZONAS,2022,REMOLCADOR,4
AMAZONAS,2022,REMOLQUE Y SEMIREMOLQUE,11
AMAZONAS,2022,VEHÍCULO NO IDENTIFICADO,1
AMAZONAS,2022,OTROS,35
AMAZONAS,2022,MOTO,253
AMAZONAS,2022,MOTOKAR,171
AMAZONAS,2022,TRICICLO,0
AMAZONAS,2022,FURGONETA,0
AMAZONAS,2022,BICICLETA,0
AMAZONAS,2022,VEHÍCULO IDENTIFICADO,1
AMAZONAS,2022,OTROS,2
AMAZONAS,2023,AUTOMOVIL,99
AMAZONAS,2023,STATION WAGON,7
AMAZONAS,2023,CAMIONETA PICKUP,57
AMAZONAS,2023,CAMIONETA RURAL,35
AMAZONAS,2023,CAMIONETA PANEL,5
AMAZONAS,2023,OMNIBUS,4
AMAZONAS,2023,CAMION,24
AMAZONAS,2023,REMOLCADOR,6
AMAZONAS,2023,REMOLQUE Y SEMIREMOLQUE,7
AMAZONAS,2023,VEHÍCULO NO IDENTIFICADO,1
AMAZONAS,2023,OTROS,18
AMAZONAS,2023,MOTO,304
AMAZONAS,2023,MOTOKAR,197
AMAZONAS,2023,TRICICLO,0
AMAZONAS,2023,FURGONETA,3
AMAZONAS,2023,BICICLETA,1
AMAZONAS,2023,VEHÍCULO IDENTIFICADO,3
AMAZONAS,2023,OTROS,4
AMAZONAS,2024,AUTOMOVIL,82
AMAZONAS,2024,STATION WAGON,10
AMAZONAS,2024,CAMIONETA PICKUP,60
AMAZONAS,2024,CAMIONETA RURAL,52
AMAZONAS,2024,CAMIONETA PANEL,2
AMAZONAS,2024,OMNIBUS,12
AMAZONAS,2024,CAMION,35
AMAZONAS,2024,REMOLCADOR,6
AMAZONAS,2024,REMOLQUE Y SEMIREMOLQUE,9
AMAZONAS,2024,VEHÍCULO NO IDENTIFICADO,2
AMAZONAS,2024,OTROS,25
AMAZONAS,2024,MOTO,235
AMAZONAS,2024,MOTOKAR,155
AMAZONAS,2024,TRICICLO,0
AMAZONAS,2024,FURGONETA,3
AMAZONAS,2024,BICICLETA,0
AMAZONAS,2024,VEHÍCULO IDENTIFICADO,2
AMAZONAS,2024,OTROS,7
ANCASH,2008,AUTO,636
ANCASH,2008,CAMIONETA,529
ANCASH,2008,MICROBUS,51
ANCASH,2008,OMNIBUS,117
ANCASH,2008,CAMIÓN,114
ANCASH,2008,TRAYLER,62
ANCASH,2008,VOLQUETE,55
ANCASH,2008,BICICLETA,69
ANCASH,2008,FURGÓN,120
ANCASH,2008,TRICICLO,52
ANCASH,2008,MOTOKAR,98
ANCASH,2008,MOTO,47
ANCASH,2008,OTROS,246
ANCASH,2009,AUTO,1257
ANCASH,2009,CAMIONETA,846
ANCASH,2009,MICROBUS,63
ANCASH,2009,OMNIBUS,134
ANCASH,2009,CAMIÓN,118
ANCASH,2009,TRAYLER,66
ANCASH,2009,VOLQUETE,46
ANCASH,2009,BICICLETA,56
ANCASH,2009,FURGÓN,131
ANCASH,2009,TRICICLO,54
ANCASH,2009,MOTOKAR,180
ANCASH,2009,MOTO,107
ANCASH,2009,OTROS,142
ANCASH,2010,AUTO,1148
ANCASH,2010,CAMIONETA,570
ANCASH,2010,MICROBUS,36
ANCASH,2010,OMNIBUS,104
ANCASH,2010,CAMIÓN,150
ANCASH,2010,TRAYLER,64
ANCASH,2010,VOLQUETE,21
ANCASH,2010,BICICLETA,30
ANCASH,2010,FURGÓN,10
ANCASH,2010,TRICICLO,20
ANCASH,2010,MOTOKAR,288
ANCASH,2010,MOTO,119
ANCASH,2010,OTROS,105
ANCASH,2011,AUTO,1309
ANCASH,2011,CAMIONETA,677
ANCASH,2011,MICROBUS,39
ANCASH,2011,OMNIBUS,135
ANCASH,2011,CAMIÓN,163
ANCASH,2011,TRAYLER,80
ANCASH,2011,VOLQUETE,52
ANCASH,2011,BICICLETA,46
ANCASH,2011,FURGÓN,20
ANCASH,2011,TRICICLO,13
ANCASH,2011,MOTOKAR,317
ANCASH,2011,MOTO,144
ANCASH,2011,OTROS,190
ANCASH,2012,AUTO,1366
ANCASH,2012,CAMIONETA,684
ANCASH,2012,MICROBUS,53
ANCASH,2012,OMNIBUS,161
ANCASH,2012,CAMIÓN,202
ANCASH,2012,TRAYLER,95
ANCASH,2012,VOLQUETE,37
ANCASH,2012,BICICLETA,36
ANCASH,2012,FURGÓN,64
ANCASH,2012,TRICICLO,17
ANCASH,2012,MOTOKAR,350
ANCASH,2012,MOTO,157
ANCASH,2012,OTROS,154
ANCASH,2013,AUTO,1539
ANCASH,2013,CAMIONETA,653
ANCASH,2013,MICROBUS,113
ANCASH,2013,OMNIBUS,130
ANCASH,2013,CAMIÓN,118
ANCASH,2013,TRAYLER,61
ANCASH,2013,VOLQUETE,21
ANCASH,2013,BICICLETA,23
ANCASH,2013,FURGÓN,25
ANCASH,2013,TRICICLO,14
ANCASH,2013,MOTOKAR,498
ANCASH,2013,MOTO,246
ANCASH,2013,OTROS,155
ANCASH,2014,AUTO,1389
ANCASH,2014,CAMIONETA,823
ANCASH,2014,MICROBUS,109
ANCASH,2014,OMNIBUS,140
ANCASH,2014,CAMIÓN,122
ANCASH,2014,TRAYLER,150
ANCASH,2014,VOLQUETE,49
ANCASH,2014,BICICLETA,77
ANCASH,2014,FURGÓN,58
ANCASH,2014,TRICICLO,25
ANCASH,2014,MOTOKAR,459
ANCASH,2014,MOTO,219
ANCASH,2014,OTROS,209
ANCASH,2015,AUTOMOVIL,920
ANCASH,2015,STATION WAGON,291
ANCASH,2015,CAMIONETA PICKUP,189
ANCASH,2015,CAMIONETA RURAL,143
ANCASH,2015,CAMIONETA PANEL,28
ANCASH,2015,OMNIBUS,55
ANCASH,2015,CAMION,80
ANCASH,2015,REMOLCADOR,22
ANCASH,2015,REMOLQUE Y SEMIREMOLQUE,39
ANCASH,2015,VEHÍCULO NO IDENTIFICADO,26
ANCASH,2015,MOTO,180
ANCASH,2015,MOTOKAR,232
ANCASH,2015,TRICICLO,9
ANCASH,2015,FURGONETA,6
ANCASH,2015,BICICLETA,15
ANCASH,2015,VEHÍCULO IDENTIFICADO,14
ANCASH,2015,OTRO,66
ANCASH,2016,AUTOMOVIL,886
ANCASH,2016,STATION WAGON,159
ANCASH,2016,CAMIONETA PICKUP,207
ANCASH,2016,CAMIONETA RURAL,121
ANCASH,2016,CAMIONETA PANEL,5
ANCASH,2016,OMNIBUS,78
ANCASH,2016,CAMION,64
ANCASH,2016,REMOLCADOR,18
ANCASH,2016,REMOLQUE Y SEMIREMOLQUE,18
ANCASH,2016,VEHÍCULO NO IDENTIFICADO,13
ANCASH,2016,MOTO,98
ANCASH,2016,MOTOKAR,137
ANCASH,2016,TRICICLO,0
ANCASH,2016,FURGONETA,7
ANCASH,2016,BICICLETA,1
ANCASH,2016,VEHÍCULO IDENTIFICADO,6
ANCASH,2016,OTRO,104
ANCASH,2017,AUTOMOVIL,1114
ANCASH,2017,STATION WAGON,213
ANCASH,2017,CAMIONETA PICKUP,241
ANCASH,2017,CAMIONETA RURAL,149
ANCASH,2017,CAMIONETA PANEL,13
ANCASH,2017,OMNIBUS,85
ANCASH,2017,CAMION,99
ANCASH,2017,REMOLCADOR,32
ANCASH,2017,REMOLQUE Y SEMIREMOLQUE,34
ANCASH,2017,VEHÍCULO NO IDENTIFICADO,23
ANCASH,2017,MOTO,199
ANCASH,2017,MOTOKAR,247
ANCASH,2017,TRICICLO,3
ANCASH,2017,FURGONETA,2
ANCASH,2017,BICICLETA,22
ANCASH,2017,VEHÍCULO IDENTIFICADO,28
ANCASH,2017,OTRO,181
ANCASH,2018,AUTOMOVIL,1199
ANCASH,2018,STATION WAGON,161
ANCASH,2018,CAMIONETA PICKUP,225
ANCASH,2018,CAMIONETA RURAL,162
ANCASH,2018,CAMIONETA PANEL,5
ANCASH,2018,OMNIBUS,70
ANCASH,2018,CAMION,114
ANCASH,2018,REMOLCADOR,36
ANCASH,2018,REMOLQUE Y SEMIREMOLQUE,50
ANCASH,2018,VEHÍCULO NO IDENTIFICADO,38
ANCASH,2018,OTROS,107
ANCASH,2018,MOTO,258
ANCASH,2018,MOTOKAR,262
ANCASH,2018,TRICICLO,7
ANCASH,2018,FURGONETA,2
ANCASH,2018,BICICLETA,9
ANCASH,2018,VEHÍCULO IDENTIFICADO,11
ANCASH,2018,OTROS,54
ANCASH,2019,AUTOMOVIL,1575
ANCASH,2019,STATION WAGON,134
ANCASH,2019,CAMIONETA PICKUP,172
ANCASH,2019,CAMIONETA RURAL,114
ANCASH,2019,CAMIONETA PANEL,24
ANCASH,2019,OMNIBUS,47
ANCASH,2019,CAMION,106
ANCASH,2019,REMOLCADOR,63
ANCASH,2019,REMOLQUE Y SEMIREMOLQUE,45
ANCASH,2019,VEHÍCULO NO IDENTIFICADO,46
ANCASH,2019,OTROS,175
ANCASH,2019,MOTO,321
ANCASH,2019,MOTOKAR,314
ANCASH,2019,TRICICLO,11
ANCASH,2019,FURGONETA,0
ANCASH,2019,BICICLETA,15
ANCASH,2019,VEHÍCULO IDENTIFICADO,4
ANCASH,2019,OTROS,54
ANCASH,2020,AUTOMOVIL,919
ANCASH,2020,STATION WAGON,35
ANCASH,2020,CAMIONETA PICKUP,104
ANCASH,2020,CAMIONETA RURAL,94
ANCASH,2020,CAMIONETA PANEL,7
ANCASH,2020,OMNIBUS,14
ANCASH,2020,CAMION,75
ANCASH,2020,REMOLCADOR,54
ANCASH,2020,REMOLQUE Y SEMIREMOLQUE,22
ANCASH,2020,VEHÍCULO NO IDENTIFICADO,10
ANCASH,2020,OTROS,116
ANCASH,2020,MOTO,210
ANCASH,2020,MOTOKAR,157
ANCASH,2020,TRICICLO,2
ANCASH,2020,FURGONETA,2
ANCASH,2020,BICICLETA,9
ANCASH,2020,VEHÍCULO IDENTIFICADO,10
ANCASH,2020,OTROS,62
ANCASH,2021,AUTOMOVIL,1126
ANCASH,2021,STATION WAGON,91
ANCASH,2021,CAMIONETA PICKUP,247
ANCASH,2021,CAMIONETA RURAL,122
ANCASH,2021,CAMIONETA PANEL,14
ANCASH,2021,OMNIBUS,59
ANCASH,2021,CAMION,137
ANCASH,2021,REMOLCADOR,61
ANCASH,2021,REMOLQUE Y SEMIREMOLQUE,45
ANCASH,2021,VEHÍCULO NO IDENTIFICADO,7
ANCASH,2021,OTROS,164
ANCASH,2021,MOTO,491
ANCASH,2021,MOTOKAR,266
ANCASH,2021,TRICICLO,7
ANCASH,2021,FURGONETA,4
ANCASH,2021,BICICLETA,20
ANCASH,2021,VEHÍCULO IDENTIFICADO,2
ANCASH,2021,OTROS,76
ANCASH,2022,AUTOMOVIL,1288
ANCASH,2022,STATION WAGON,201
ANCASH,2022,CAMIONETA PICKUP,291
ANCASH,2022,CAMIONETA RURAL,152
ANCASH,2022,CAMIONETA PANEL,25
ANCASH,2022,OMNIBUS,56
ANCASH,2022,CAMION,125
ANCASH,2022,REMOLCADOR,41
ANCASH,2022,REMOLQUE Y SEMIREMOLQUE,41
ANCASH,2022,VEHÍCULO NO IDENTIFICADO,28
ANCASH,2022,OTROS,192
ANCASH,2022,MOTO,472
ANCASH,2022,MOTOKAR,253
ANCASH,2022,TRICICLO,2
ANCASH,2022,FURGONETA,1
ANCASH,2022,BICICLETA,17
ANCASH,2022,VEHÍCULO IDENTIFICADO,5
ANCASH,2022,OTROS,28
ANCASH,2023,AUTOMOVIL,1245
ANCASH,2023,STATION WAGON,157
ANCASH,2023,CAMIONETA PICKUP,282
ANCASH,2023,CAMIONETA RURAL,108
ANCASH,2023,CAMIONETA PANEL,29
ANCASH,2023,OMNIBUS,56
ANCASH,2023,CAMION,124
ANCASH,2023,REMOLCADOR,47
ANCASH,2023,REMOLQUE Y SEMIREMOLQUE,30
ANCASH,2023,VEHÍCULO NO IDENTIFICADO,29
ANCASH,2023,OTROS,248
ANCASH,2023,MOTO,537
ANCASH,2023,MOTOKAR,303
ANCASH,2023,TRICICLO,4
ANCASH,2023,FURGONETA,1
ANCASH,2023,BICICLETA,17
ANCASH,2023,VEHÍCULO IDENTIFICADO,12
ANCASH,2023,OTROS,56
ANCASH,2024,AUTOMOVIL,936
ANCASH,2024,STATION WAGON,188
ANCASH,2024,CAMIONETA PICKUP,195
ANCASH,2024,CAMIONETA RURAL,78
ANCASH,2024,CAMIONETA PANEL,108
ANCASH,2024,OMNIBUS,53
ANCASH,2024,CAMION,75
ANCASH,2024,REMOLCADOR,30
ANCASH,2024,REMOLQUE Y SEMIREMOLQUE,33
ANCASH,2024,VEHÍCULO NO IDENTIFICADO,30
ANCASH,2024,OTROS,324
ANCASH,2024,MOTO,283
ANCASH,2024,MOTOKAR,176
ANCASH,2024,TRICICLO,7
ANCASH,2024,FURGONETA,5
ANCASH,2024,BICICLETA,7
ANCASH,2024,VEHÍCULO IDENTIFICADO,1
ANCASH,2024,OTROS,41
APURIMAC,2008,AUTO,101
APURIMAC,2008,CAMIONETA,96
APURIMAC,2008,MICROBUS,6
APURIMAC,2008,OMNIBUS,38
APURIMAC,2008,CAMIÓN,33
APURIMAC,2008,TRAYLER,12
APURIMAC,2008,VOLQUETE,5
APURIMAC,2008,BICICLETA,13
APURIMAC,2008,FURGÓN,1
APURIMAC,2008,TRICICLO,3
APURIMAC,2008,MOTOKAR,77
APURIMAC,2008,MOTO,56
APURIMAC,2008,OTROS,2
APURIMAC,2009,AUTO,44
APURIMAC,2009,CAMIONETA,51
APURIMAC,2009,MICROBUS,5
APURIMAC,2009,OMNIBUS,13
APURIMAC,2009,CAMIÓN,29
APURIMAC,2009,TRAYLER,7
APURIMAC,2009,VOLQUETE,3
APURIMAC,2009,BICICLETA,4
APURIMAC,2009,FURGÓN,0
APURIMAC,2009,TRICICLO,0
APURIMAC,2009,MOTOKAR,10
APURIMAC,2009,MOTO,19
APURIMAC,2009,OTROS,14
APURIMAC,2010,AUTO,30
APURIMAC,2010,CAMIONETA,45
APURIMAC,2010,MICROBUS,8
APURIMAC,2010,OMNIBUS,6
APURIMAC,2010,CAMIÓN,39
APURIMAC,2010,TRAYLER,7
APURIMAC,2010,VOLQUETE,0
APURIMAC,2010,BICICLETA,0
APURIMAC,2010,FURGÓN,0
APURIMAC,2010,TRICICLO,0
APURIMAC,2010,MOTOKAR,6
APURIMAC,2010,MOTO,2
APURIMAC,2010,OTROS,6
APURIMAC,2011,AUTO,35
APURIMAC,2011,CAMIONETA,59
APURIMAC,2011,MICROBUS,6
APURIMAC,2011,OMNIBUS,23
APURIMAC,2011,CAMIÓN,44
APURIMAC,2011,TRAYLER,6
APURIMAC,2011,VOLQUETE,12
APURIMAC,2011,BICICLETA,1
APURIMAC,2011,FURGÓN,0
APURIMAC,2011,TRICICLO,0
APURIMAC,2011,MOTOKAR,18
APURIMAC,2011,MOTO,18
APURIMAC,2011,OTROS,11
APURIMAC,2012,AUTO,145
APURIMAC,2012,CAMIONETA,175
APURIMAC,2012,MICROBUS,18
APURIMAC,2012,OMNIBUS,6
APURIMAC,2012,CAMIÓN,62
APURIMAC,2012,TRAYLER,9
APURIMAC,2012,VOLQUETE,14
APURIMAC,2012,BICICLETA,9
APURIMAC,2012,FURGÓN,6
APURIMAC,2012,TRICICLO,59
APURIMAC,2012,MOTOKAR,89
APURIMAC,2012,MOTO,119
APURIMAC,2012,OTROS,13
APURIMAC,2013,AUTO,147
APURIMAC,2013,CAMIONETA,176
APURIMAC,2013,MICROBUS,33
APURIMAC,2013,OMNIBUS,17
APURIMAC,2013,CAMIÓN,62
APURIMAC,2013,TRAYLER,18
APURIMAC,2013,VOLQUETE,8
APURIMAC,2013,BICICLETA,2
APURIMAC,2013,FURGÓN,0
APURIMAC,2013,TRICICLO,34
APURIMAC,2013,MOTOKAR,47
APURIMAC,2013,MOTO,65
APURIMAC,2013,OTROS,35
APURIMAC,2014,AUTO,167
APURIMAC,2014,CAMIONETA,165
APURIMAC,2014,MICROBUS,40
APURIMAC,2014,OMNIBUS,33
APURIMAC,2014,CAMIÓN,78
APURIMAC,2014,TRAYLER,12
APURIMAC,2014,VOLQUETE,11
APURIMAC,2014,BICICLETA,3
APURIMAC,2014,FURGÓN,8
APURIMAC,2014,TRICICLO,6
APURIMAC,2014,MOTOKAR,73
APURIMAC,2014,MOTO,108
APURIMAC,2014,OTROS,110
APURIMAC,2015,AUTOMOVIL,106
APURIMAC,2015,STATION WAGON,122
APURIMAC,2015,CAMIONETA PICKUP,44
APURIMAC,2015,CAMIONETA RURAL,28
APURIMAC,2015,CAMIONETA PANEL,12
APURIMAC,2015,OMNIBUS,6
APURIMAC,2015,CAMION,50
APURIMAC,2015,REMOLCADOR,14
APURIMAC,2015,REMOLQUE Y SEMIREMOLQUE,2
APURIMAC,2015,VEHÍCULO NO IDENTIFICADO,8
APURIMAC,2015,MOTO,92
APURIMAC,2015,MOTOKAR,39
APURIMAC,2015,TRICICLO,2
APURIMAC,2015,FURGONETA,1
APURIMAC,2015,BICICLETA,1
APURIMAC,2015,VEHÍCULO IDENTIFICADO,10
APURIMAC,2015,OTRO,19
APURIMAC,2016,AUTOMOVIL,88
APURIMAC,2016,STATION WAGON,77
APURIMAC,2016,CAMIONETA PICKUP,61
APURIMAC,2016,CAMIONETA RURAL,26
APURIMAC,2016,CAMIONETA PANEL,9
APURIMAC,2016,OMNIBUS,22
APURIMAC,2016,CAMION,28
APURIMAC,2016,REMOLCADOR,10
APURIMAC,2016,REMOLQUE Y SEMIREMOLQUE,7
APURIMAC,2016,VEHÍCULO NO IDENTIFICADO,1
APURIMAC,2016,MOTO,49
APURIMAC,2016,MOTOKAR,23
APURIMAC,2016,TRICICLO,0
APURIMAC,2016,FURGONETA,0
APURIMAC,2016,BICICLETA,1
APURIMAC,2016,VEHÍCULO IDENTIFICADO,1
APURIMAC,2016,OTRO,31
APURIMAC,2017,AUTOMOVIL,121
APURIMAC,2017,STATION WAGON,95
APURIMAC,2017,CAMIONETA PICKUP,85
APURIMAC,2017,CAMIONETA RURAL,24
APURIMAC,2017,CAMIONETA PANEL,6
APURIMAC,2017,OMNIBUS,16
APURIMAC,2017,CAMION,34
APURIMAC,2017,REMOLCADOR,6
APURIMAC,2017,REMOLQUE Y SEMIREMOLQUE,5
APURIMAC,2017,VEHÍCULO NO IDENTIFICADO,2
APURIMAC,2017,MOTO,52
APURIMAC,2017,MOTOKAR,16
APURIMAC,2017,TRICICLO,1
APURIMAC,2017,FURGONETA,0
APURIMAC,2017,BICICLETA,0
APURIMAC,2017,VEHÍCULO IDENTIFICADO,2
APURIMAC,2017,OTRO,51
APURIMAC,2018,AUTOMOVIL,273
APURIMAC,2018,STATION WAGON,149
APURIMAC,2018,CAMIONETA PICKUP,116
APURIMAC,2018,CAMIONETA RURAL,112
APURIMAC,2018,CAMIONETA PANEL,22
APURIMAC,2018,OMNIBUS,14
APURIMAC,2018,CAMION,67
APURIMAC,2018,REMOLCADOR,20
APURIMAC,2018,REMOLQUE Y SEMIREMOLQUE,9
APURIMAC,2018,VEHÍCULO NO IDENTIFICADO,4
APURIMAC,2018,OTROS,43
APURIMAC,2018,MOTO,139
APURIMAC,2018,MOTOKAR,76
APURIMAC,2018,TRICICLO,0
APURIMAC,2018,FURGONETA,0
APURIMAC,2018,BICICLETA,1
APURIMAC,2018,VEHÍCULO IDENTIFICADO,0
APURIMAC,2018,OTROS,15
APURIMAC,2019,AUTOMOVIL,279
APURIMAC,2019,STATION WAGON,110
APURIMAC,2019,CAMIONETA PICKUP,100
APURIMAC,2019,CAMIONETA RURAL,97
APURIMAC,2019,CAMIONETA PANEL,15
APURIMAC,2019,OMNIBUS,15
APURIMAC,2019,CAMION,96
APURIMAC,2019,REMOLCADOR,22
APURIMAC,2019,REMOLQUE Y SEMIREMOLQUE,19
APURIMAC,2019,VEHÍCULO NO IDENTIFICADO,14
APURIMAC,2019,OTROS,24
APURIMAC,2019,MOTO,131
APURIMAC,2019,MOTOKAR,72
APURIMAC,2019,TRICICLO,1
APURIMAC,2019,FURGONETA,0
APURIMAC,2019,BICICLETA,4
APURIMAC,2019,VEHÍCULO IDENTIFICADO,1
APURIMAC,2019,OTROS,18
APURIMAC,2020,AUTOMOVIL,231
APURIMAC,2020,STATION WAGON,59
APURIMAC,2020,CAMIONETA PICKUP,88
APURIMAC,2020,CAMIONETA RURAL,72
APURIMAC,2020,CAMIONETA PANEL,12
APURIMAC,2020,OMNIBUS,11
APURIMAC,2020,CAMION,84
APURIMAC,2020,REMOLCADOR,12
APURIMAC,2020,REMOLQUE Y SEMIREMOLQUE,3
APURIMAC,2020,VEHÍCULO NO IDENTIFICADO,7
APURIMAC,2020,OTROS,25
APURIMAC,2020,MOTO,137
APURIMAC,2020,MOTOKAR,29
APURIMAC,2020,TRICICLO,3
APURIMAC,2020,FURGONETA,0
APURIMAC,2020,BICICLETA,2
APURIMAC,2020,VEHÍCULO IDENTIFICADO,1
APURIMAC,2020,OTROS,8
APURIMAC,2021,AUTOMOVIL,379
APURIMAC,2021,STATION WAGON,127
APURIMAC,2021,CAMIONETA PICKUP,143
APURIMAC,2021,CAMIONETA RURAL,112
APURIMAC,2021,CAMIONETA PANEL,16
APURIMAC,2021,OMNIBUS,16
APURIMAC,2021,CAMION,113
APURIMAC,2021,REMOLCADOR,47
APURIMAC,2021,REMOLQUE Y SEMIREMOLQUE,13
APURIMAC,2021,VEHÍCULO NO IDENTIFICADO,11
APURIMAC,2021,OTROS,22
APURIMAC,2021,MOTO,158
APURIMAC,2021,MOTOKAR,36
APURIMAC,2021,TRICICLO,0
APURIMAC,2021,FURGONETA,0
APURIMAC,2021,BICICLETA,0
APURIMAC,2021,VEHÍCULO IDENTIFICADO,2
APURIMAC,2021,OTROS,17
APURIMAC,2022,AUTOMOVIL,385
APURIMAC,2022,STATION WAGON,87
APURIMAC,2022,CAMIONETA PICKUP,165
APURIMAC,2022,CAMIONETA RURAL,91
APURIMAC,2022,CAMIONETA PANEL,20
APURIMAC,2022,OMNIBUS,19
APURIMAC,2022,CAMION,114
APURIMAC,2022,REMOLCADOR,19
APURIMAC,2022,REMOLQUE Y SEMIREMOLQUE,11
APURIMAC,2022,VEHÍCULO NO IDENTIFICADO,16
APURIMAC,2022,OTROS,25
APURIMAC,2022,MOTO,119
APURIMAC,2022,MOTOKAR,19
APURIMAC,2022,TRICICLO,2
APURIMAC,2022,FURGONETA,2
APURIMAC,2022,BICICLETA,2
APURIMAC,2022,VEHÍCULO IDENTIFICADO,1
APURIMAC,2022,OTROS,8
APURIMAC,2023,AUTOMOVIL,261
APURIMAC,2023,STATION WAGON,40
APURIMAC,2023,CAMIONETA PICKUP,115
APURIMAC,2023,CAMIONETA RURAL,88
APURIMAC,2023,CAMIONETA PANEL,13
APURIMAC,2023,OMNIBUS,25
APURIMAC,2023,CAMION,64
APURIMAC,2023,REMOLCADOR,25
APURIMAC,2023,REMOLQUE Y SEMIREMOLQUE,20
APURIMAC,2023,VEHÍCULO NO IDENTIFICADO,7
APURIMAC,2023,OTROS,105
APURIMAC,2023,MOTO,104
APURIMAC,2023,MOTOKAR,12
APURIMAC,2023,TRICICLO,0
APURIMAC,2023,FURGONETA,0
APURIMAC,2023,BICICLETA,1
APURIMAC,2023,VEHÍCULO IDENTIFICADO,2
APURIMAC,2023,OTROS,33
APURIMAC,2024,AUTOMOVIL,264
APURIMAC,2024,STATION WAGON,80
APURIMAC,2024,CAMIONETA PICKUP,121
APURIMAC,2024,CAMIONETA RURAL,57
APURIMAC,2024,CAMIONETA PANEL,17
APURIMAC,2024,OMNIBUS,20
APURIMAC,2024,CAMION,72
APURIMAC,2024,REMOLCADOR,20
APURIMAC,2024,REMOLQUE Y SEMIREMOLQUE,12
APURIMAC,2024,VEHÍCULO NO IDENTIFICADO,7
APURIMAC,2024,OTROS,46
APURIMAC,2024,MOTO,95
APURIMAC,2024,MOTOKAR,21
APURIMAC,2024,TRICICLO,1
APURIMAC,2024,FURGONETA,2
APURIMAC,2024,BICICLETA,0
APURIMAC,2024,VEHÍCULO IDENTIFICADO,1
APURIMAC,2024,OTROS,13
AREQUIPA,2008,AUTO,4108
AREQUIPA,2008,CAMIONETA,1514
AREQUIPA,2008,MICROBUS,336
AREQUIPA,2008,OMNIBUS,504
AREQUIPA,2008,CAMIÓN,402
AREQUIPA,2008,TRAYLER,127
AREQUIPA,2008,VOLQUETE,93
AREQUIPA,2008,BICICLETA,184
AREQUIPA,2008,FURGÓN,8
AREQUIPA,2008,TRICICLO,40
AREQUIPA,2008,MOTOKAR,55
AREQUIPA,2008,MOTO,334
AREQUIPA,2008,OTROS,91
AREQUIPA,2009,AUTO,3720
AREQUIPA,2009,CAMIONETA,1426
AREQUIPA,2009,MICROBUS,346
AREQUIPA,2009,OMNIBUS,512
AREQUIPA,2009,CAMIÓN,321
AREQUIPA,2009,TRAYLER,130
AREQUIPA,2009,VOLQUETE,27
AREQUIPA,2009,BICICLETA,134
AREQUIPA,2009,FURGÓN,9
AREQUIPA,2009,TRICICLO,13
AREQUIPA,2009,MOTOKAR,83
AREQUIPA,2009,MOTO,323
AREQUIPA,2009,OTROS,97
AREQUIPA,2010,AUTO,3578
AREQUIPA,2010,CAMIONETA,1256
AREQUIPA,2010,MICROBUS,276
AREQUIPA,2010,OMNIBUS,394
AREQUIPA,2010,CAMIÓN,338
AREQUIPA,2010,TRAYLER,135
AREQUIPA,2010,VOLQUETE,40
AREQUIPA,2010,BICICLETA,96
AREQUIPA,2010,FURGÓN,6
AREQUIPA,2010,TRICICLO,15
AREQUIPA,2010,MOTOKAR,98
AREQUIPA,2010,MOTO,308
AREQUIPA,2010,OTROS,79
AREQUIPA,2011,AUTO,4179
AREQUIPA,2011,CAMIONETA,1506
AREQUIPA,2011,MICROBUS,299
AREQUIPA,2011,OMNIBUS,514
AREQUIPA,2011,CAMIÓN,320
AREQUIPA,2011,TRAYLER,89
AREQUIPA,2011,VOLQUETE,24
AREQUIPA,2011,BICICLETA,58
AREQUIPA,2011,FURGÓN,7
AREQUIPA,2011,TRICICLO,30
AREQUIPA,2011,MOTOKAR,154
AREQUIPA,2011,MOTO,368
AREQUIPA,2011,OTROS,91
AREQUIPA,2012,AUTO,4328
AREQUIPA,2012,CAMIONETA,1411
AREQUIPA,2012,MICROBUS,299
AREQUIPA,2012,OMNIBUS,505
AREQUIPA,2012,CAMIÓN,430
AREQUIPA,2012,TRAYLER,117
AREQUIPA,2012,VOLQUETE,51
AREQUIPA,2012,BICICLETA,61
AREQUIPA,2012,FURGÓN,15
AREQUIPA,2012,TRICICLO,7
AREQUIPA,2012,MOTOKAR,104
AREQUIPA,2012,MOTO,482
AREQUIPA,2012,OTROS,117
AREQUIPA,2013,AUTO,5226
AREQUIPA,2013,CAMIONETA,1513
AREQUIPA,2013,MICROBUS,306
AREQUIPA,2013,OMNIBUS,477
AREQUIPA,2013,CAMIÓN,401
AREQUIPA,2013,TRAYLER,129
AREQUIPA,2013,VOLQUETE,41
AREQUIPA,2013,BICICLETA,45
AREQUIPA,2013,FURGÓN,20
AREQUIPA,2013,TRICICLO,25
AREQUIPA,2013,MOTOKAR,153
AREQUIPA,2013,MOTO,523
AREQUIPA,2013,OTROS,168
AREQUIPA,2014,AUTO,4214
AREQUIPA,2014,CAMIONETA,1611
AREQUIPA,2014,MICROBUS,249
AREQUIPA,2014,OMNIBUS,523
AREQUIPA,2014,CAMIÓN,370
AREQUIPA,2014,TRAYLER,122
AREQUIPA,2014,VOLQUETE,91
AREQUIPA,2014,BICICLETA,52
AREQUIPA,2014,FURGÓN,13
AREQUIPA,2014,TRICICLO,18
AREQUIPA,2014,MOTOKAR,119
AREQUIPA,2014,MOTO,550
AREQUIPA,2014,OTROS,180
AREQUIPA,2015,AUTOMOVIL,3601
AREQUIPA,2015,STATION WAGON,278
AREQUIPA,2015,CAMIONETA PICKUP,789
AREQUIPA,2015,CAMIONETA RURAL,521
AREQUIPA,2015,CAMIONETA PANEL,175
AREQUIPA,2015,OMNIBUS,480
AREQUIPA,2015,CAMION,342
AREQUIPA,2015,REMOLCADOR,219
AREQUIPA,2015,REMOLQUE Y SEMIREMOLQUE,108
AREQUIPA,2015,VEHÍCULO NO IDENTIFICADO,143
AREQUIPA,2015,MOTO,565
AREQUIPA,2015,MOTOKAR,147
AREQUIPA,2015,TRICICLO,38
AREQUIPA,2015,FURGONETA,31
AREQUIPA,2015,BICICLETA,64
AREQUIPA,2015,VEHÍCULO IDENTIFICADO,22
AREQUIPA,2015,OTRO,32
AREQUIPA,2016,AUTOMOVIL,4016
AREQUIPA,2016,STATION WAGON,363
AREQUIPA,2016,CAMIONETA PICKUP,777
AREQUIPA,2016,CAMIONETA RURAL,432
AREQUIPA,2016,CAMIONETA PANEL,125
AREQUIPA,2016,OMNIBUS,454
AREQUIPA,2016,CAMION,368
AREQUIPA,2016,REMOLCADOR,205
AREQUIPA,2016,REMOLQUE Y SEMIREMOLQUE,179
AREQUIPA,2016,VEHÍCULO NO IDENTIFICADO,187
AREQUIPA,2016,MOTO,671
AREQUIPA,2016,MOTOKAR,91
AREQUIPA,2016,TRICICLO,10
AREQUIPA,2016,FURGONETA,6
AREQUIPA,2016,BICICLETA,29
AREQUIPA,2016,VEHÍCULO IDENTIFICADO,22
AREQUIPA,2016,OTRO,79
AREQUIPA,2017,AUTOMOVIL,3769
AREQUIPA,2017,STATION WAGON,506
AREQUIPA,2017,CAMIONETA PICKUP,825
AREQUIPA,2017,CAMIONETA RURAL,493
AREQUIPA,2017,CAMIONETA PANEL,131
AREQUIPA,2017,OMNIBUS,463
AREQUIPA,2017,CAMION,377
AREQUIPA,2017,REMOLCADOR,170
AREQUIPA,2017,REMOLQUE Y SEMIREMOLQUE,135
AREQUIPA,2017,VEHÍCULO NO IDENTIFICADO,127
AREQUIPA,2017,MOTO,564
AREQUIPA,2017,MOTOKAR,98
AREQUIPA,2017,TRICICLO,7
AREQUIPA,2017,FURGONETA,0
AREQUIPA,2017,BICICLETA,21
AREQUIPA,2017,VEHÍCULO IDENTIFICADO,4
AREQUIPA,2017,OTRO,46
AREQUIPA,2018,AUTOMOVIL,3661
AREQUIPA,2018,STATION WAGON,511
AREQUIPA,2018,CAMIONETA PICKUP,833
AREQUIPA,2018,CAMIONETA RURAL,405
AREQUIPA,2018,CAMIONETA PANEL,103
AREQUIPA,2018,OMNIBUS,461
AREQUIPA,2018,CAMION,315
AREQUIPA,2018,REMOLCADOR,141
AREQUIPA,2018,REMOLQUE Y SEMIREMOLQUE,78
AREQUIPA,2018,VEHÍCULO NO IDENTIFICADO,63
AREQUIPA,2018,OTROS,102
AREQUIPA,2018,MOTO,574
AREQUIPA,2018,MOTOKAR,96
AREQUIPA,2018,TRICICLO,3
AREQUIPA,2018,FURGONETA,1
AREQUIPA,2018,BICICLETA,27
AREQUIPA,2018,VEHÍCULO IDENTIFICADO,25
AREQUIPA,2018,OTROS,57
AREQUIPA,2019,AUTOMOVIL,3865
AREQUIPA,2019,STATION WAGON,515
AREQUIPA,2019,CAMIONETA PICKUP,651
AREQUIPA,2019,CAMIONETA RURAL,433
AREQUIPA,2019,CAMIONETA PANEL,109
AREQUIPA,2019,OMNIBUS,585
AREQUIPA,2019,CAMION,280
AREQUIPA,2019,REMOLCADOR,132
AREQUIPA,2019,REMOLQUE Y SEMIREMOLQUE,93
AREQUIPA,2019,VEHÍCULO NO IDENTIFICADO,102
AREQUIPA,2019,OTROS,149
AREQUIPA,2019,MOTO,657
AREQUIPA,2019,MOTOKAR,107
AREQUIPA,2019,TRICICLO,7
AREQUIPA,2019,FURGONETA,0
AREQUIPA,2019,BICICLETA,23
AREQUIPA,2019,VEHÍCULO IDENTIFICADO,2
AREQUIPA,2019,OTROS,35
AREQUIPA,2020,AUTOMOVIL,2122
AREQUIPA,2020,STATION WAGON,134
AREQUIPA,2020,CAMIONETA PICKUP,354
AREQUIPA,2020,CAMIONETA RURAL,234
AREQUIPA,2020,CAMIONETA PANEL,58
AREQUIPA,2020,OMNIBUS,248
AREQUIPA,2020,CAMION,208
AREQUIPA,2020,REMOLCADOR,79
AREQUIPA,2020,REMOLQUE Y SEMIREMOLQUE,90
AREQUIPA,2020,VEHÍCULO NO IDENTIFICADO,32
AREQUIPA,2020,OTROS,118
AREQUIPA,2020,MOTO,519
AREQUIPA,2020,MOTOKAR,49
AREQUIPA,2020,TRICICLO,3
AREQUIPA,2020,FURGONETA,2
AREQUIPA,2020,BICICLETA,71
AREQUIPA,2020,VEHÍCULO IDENTIFICADO,9
AREQUIPA,2020,OTROS,75
AREQUIPA,2021,AUTOMOVIL,3575
AREQUIPA,2021,STATION WAGON,120
AREQUIPA,2021,CAMIONETA PICKUP,689
AREQUIPA,2021,CAMIONETA RURAL,367
AREQUIPA,2021,CAMIONETA PANEL,65
AREQUIPA,2021,OMNIBUS,200
AREQUIPA,2021,CAMION,313
AREQUIPA,2021,REMOLCADOR,155
AREQUIPA,2021,REMOLQUE Y SEMIREMOLQUE,115
AREQUIPA,2021,VEHÍCULO NO IDENTIFICADO,83
AREQUIPA,2021,OTROS,201
AREQUIPA,2021,MOTO,860
AREQUIPA,2021,MOTOKAR,98
AREQUIPA,2021,TRICICLO,12
AREQUIPA,2021,FURGONETA,1
AREQUIPA,2021,BICICLETA,62
AREQUIPA,2021,VEHÍCULO IDENTIFICADO,16
AREQUIPA,2021,OTROS,61
AREQUIPA,2022,AUTOMOVIL,4288
AREQUIPA,2022,STATION WAGON,233
AREQUIPA,2022,CAMIONETA PICKUP,681
AREQUIPA,2022,CAMIONETA RURAL,350
AREQUIPA,2022,CAMIONETA PANEL,62
AREQUIPA,2022,OMNIBUS,355
AREQUIPA,2022,CAMION,244
AREQUIPA,2022,REMOLCADOR,123
AREQUIPA,2022,REMOLQUE Y SEMIREMOLQUE,64
AREQUIPA,2022,VEHÍCULO NO IDENTIFICADO,85
AREQUIPA,2022,OTROS,326
AREQUIPA,2022,MOTO,776
AREQUIPA,2022,MOTOKAR,63
AREQUIPA,2022,TRICICLO,6
AREQUIPA,2022,FURGONETA,1
AREQUIPA,2022,BICICLETA,40
AREQUIPA,2022,VEHÍCULO IDENTIFICADO,2
AREQUIPA,2022,OTROS,15
AREQUIPA,2023,AUTOMOVIL,4636
AREQUIPA,2023,STATION WAGON,221
AREQUIPA,2023,CAMIONETA PICKUP,733
AREQUIPA,2023,CAMIONETA RURAL,400
AREQUIPA,2023,CAMIONETA PANEL,83
AREQUIPA,2023,OMNIBUS,399
AREQUIPA,2023,CAMION,211
AREQUIPA,2023,REMOLCADOR,122
AREQUIPA,2023,REMOLQUE Y SEMIREMOLQUE,106
AREQUIPA,2023,VEHÍCULO NO IDENTIFICADO,50
AREQUIPA,2023,OTROS,324
AREQUIPA,2023,MOTO,750
AREQUIPA,2023,MOTOKAR,32
AREQUIPA,2023,TRICICLO,1
AREQUIPA,2023,FURGONETA,5
AREQUIPA,2023,BICICLETA,28
AREQUIPA,2023,VEHÍCULO IDENTIFICADO,1
AREQUIPA,2023,OTROS,19
AREQUIPA,2024,AUTOMOVIL,4271
AREQUIPA,2024,STATION WAGON,180
AREQUIPA,2024,CAMIONETA PICKUP,754
AREQUIPA,2024,CAMIONETA RURAL,356
AREQUIPA,2024,CAMIONETA PANEL,62
AREQUIPA,2024,OMNIBUS,349
AREQUIPA,2024,CAMION,289
AREQUIPA,2024,REMOLCADOR,178
AREQUIPA,2024,REMOLQUE Y SEMIREMOLQUE,101
AREQUIPA,2024,VEHÍCULO NO IDENTIFICADO,46
AREQUIPA,2024,OTROS,300
AREQUIPA,2024,MOTO,675
AREQUIPA,2024,MOTOKAR,56
AREQUIPA,2024,TRICICLO,1
AREQUIPA,2024,FURGONETA,4
AREQUIPA,2024,BICICLETA,25
AREQUIPA,2024,VEHÍCULO IDENTIFICADO,6
AREQUIPA,2024,OTROS,44
AYACUCHO,2008,AUTO,272
AYACUCHO,2008,CAMIONETA,191
AYACUCHO,2008,MICROBUS,69
AYACUCHO,2008,OMNIBUS,71
AYACUCHO,2008,CAMIÓN,94
AYACUCHO,2008,TRAYLER,26
AYACUCHO,2008,VOLQUETE,3
AYACUCHO,2008,BICICLETA,16
AYACUCHO,2008,FURGÓN,0
AYACUCHO,2008,TRICICLO,4
AYACUCHO,2008,MOTOKAR,173
AYACUCHO,2008,MOTO,26
AYACUCHO,2008,OTROS,86
AYACUCHO,2009,AUTO,170
AYACUCHO,2009,CAMIONETA,129
AYACUCHO,2009,MICROBUS,47
AYACUCHO,2009,OMNIBUS,58
AYACUCHO,2009,CAMIÓN,43
AYACUCHO,2009,TRAYLER,25
AYACUCHO,2009,VOLQUETE,8
AYACUCHO,2009,BICICLETA,1
AYACUCHO,2009,FURGÓN,3
AYACUCHO,2009,TRICICLO,1
AYACUCHO,2009,MOTOKAR,102
AYACUCHO,2009,MOTO,24
AYACUCHO,2009,OTROS,65
AYACUCHO,2010,AUTO,283
AYACUCHO,2010,CAMIONETA,283
AYACUCHO,2010,MICROBUS,73
AYACUCHO,2010,OMNIBUS,236
AYACUCHO,2010,CAMIÓN,85
AYACUCHO,2010,TRAYLER,8
AYACUCHO,2010,VOLQUETE,11
AYACUCHO,2010,BICICLETA,3
AYACUCHO,2010,FURGÓN,3
AYACUCHO,2010,TRICICLO,0
AYACUCHO,2010,MOTOKAR,208
AYACUCHO,2010,MOTO,125
AYACUCHO,2010,OTROS,208
AYACUCHO,2011,AUTO,336
AYACUCHO,2011,CAMIONETA,170
AYACUCHO,2011,MICROBUS,124
AYACUCHO,2011,OMNIBUS,61
AYACUCHO,2011,CAMIÓN,48
AYACUCHO,2011,TRAYLER,33
AYACUCHO,2011,VOLQUETE,13
AYACUCHO,2011,BICICLETA,4
AYACUCHO,2011,FURGÓN,3
AYACUCHO,2011,TRICICLO,0
AYACUCHO,2011,MOTOKAR,202
AYACUCHO,2011,MOTO,102
AYACUCHO,2011,OTROS,18
AYACUCHO,2012,AUTO,403
AYACUCHO,2012,CAMIONETA,232
AYACUCHO,2012,MICROBUS,36
AYACUCHO,2012,OMNIBUS,55
AYACUCHO,2012,CAMIÓN,55
AYACUCHO,2012,TRAYLER,41
AYACUCHO,2012,VOLQUETE,16
AYACUCHO,2012,BICICLETA,1
AYACUCHO,2012,FURGÓN,1
AYACUCHO,2012,TRICICLO,1
AYACUCHO,2012,MOTOKAR,134
AYACUCHO,2012,MOTO,127
AYACUCHO,2012,OTROS,25
AYACUCHO,2013,AUTO,505
AYACUCHO,2013,CAMIONETA,239
AYACUCHO,2013,MICROBUS,33
AYACUCHO,2013,OMNIBUS,67
AYACUCHO,2013,CAMIÓN,90
AYACUCHO,2013,TRAYLER,53
AYACUCHO,2013,VOLQUETE,14
AYACUCHO,2013,BICICLETA,4
AYACUCHO,2013,FURGÓN,3
AYACUCHO,2013,TRICICLO,10
AYACUCHO,2013,MOTOKAR,148
AYACUCHO,2013,MOTO,139
AYACUCHO,2013,OTROS,13
AYACUCHO,2014,AUTO,374
AYACUCHO,2014,CAMIONETA,377
AYACUCHO,2014,MICROBUS,27
AYACUCHO,2014,OMNIBUS,73
AYACUCHO,2014,CAMIÓN,84
AYACUCHO,2014,TRAYLER,30
AYACUCHO,2014,VOLQUETE,10
AYACUCHO,2014,BICICLETA,6
AYACUCHO,2014,FURGÓN,2
AYACUCHO,2014,TRICICLO,0
AYACUCHO,2014,MOTOKAR,151
AYACUCHO,2014,MOTO,102
AYACUCHO,2014,OTROS,54
AYACUCHO,2015,AUTOMOVIL,671
AYACUCHO,2015,STATION WAGON,31
AYACUCHO,2015,CAMIONETA PICKUP,325
AYACUCHO,2015,CAMIONETA RURAL,118
AYACUCHO,2015,CAMIONETA PANEL,17
AYACUCHO,2015,OMNIBUS,67
AYACUCHO,2015,CAMION,82
AYACUCHO,2015,REMOLCADOR,30
AYACUCHO,2015,REMOLQUE Y SEMIREMOLQUE,11
AYACUCHO,2015,VEHÍCULO NO IDENTIFICADO,9
AYACUCHO,2015,MOTO,190
AYACUCHO,2015,MOTOKAR,171
AYACUCHO,2015,TRICICLO,1
AYACUCHO,2015,FURGONETA,7
AYACUCHO,2015,BICICLETA,5
AYACUCHO,2015,VEHÍCULO IDENTIFICADO,1
AYACUCHO,2015,OTRO,61
AYACUCHO,2016,AUTOMOVIL,405
AYACUCHO,2016,STATION WAGON,32
AYACUCHO,2016,CAMIONETA PICKUP,216
AYACUCHO,2016,CAMIONETA RURAL,112
AYACUCHO,2016,CAMIONETA PANEL,18
AYACUCHO,2016,OMNIBUS,87
AYACUCHO,2016,CAMION,80
AYACUCHO,2016,REMOLCADOR,14
AYACUCHO,2016,REMOLQUE Y SEMIREMOLQUE,8
AYACUCHO,2016,VEHÍCULO NO IDENTIFICADO,4
AYACUCHO,2016,MOTO,202
AYACUCHO,2016,MOTOKAR,84
AYACUCHO,2016,TRICICLO,2
AYACUCHO,2016,FURGONETA,4
AYACUCHO,2016,BICICLETA,0
AYACUCHO,2016,VEHÍCULO IDENTIFICADO,26
AYACUCHO,2016,OTRO,29
AYACUCHO,2017,AUTOMOVIL,369
AYACUCHO,2017,STATION WAGON,26
AYACUCHO,2017,CAMIONETA PICKUP,124
AYACUCHO,2017,CAMIONETA RURAL,86
AYACUCHO,2017,CAMIONETA PANEL,4
AYACUCHO,2017,OMNIBUS,42
AYACUCHO,2017,CAMION,49
AYACUCHO,2017,REMOLCADOR,12
AYACUCHO,2017,REMOLQUE Y SEMIREMOLQUE,8
AYACUCHO,2017,VEHÍCULO NO IDENTIFICADO,2
AYACUCHO,2017,MOTO,112
AYACUCHO,2017,MOTOKAR,55
AYACUCHO,2017,TRICICLO,4
AYACUCHO,2017,FURGONETA,2
AYACUCHO,2017,BICICLETA,3
AYACUCHO,2017,VEHÍCULO IDENTIFICADO,2
AYACUCHO,2017,OTRO,66
AYACUCHO,2018,AUTOMOVIL,300
AYACUCHO,2018,STATION WAGON,27
AYACUCHO,2018,CAMIONETA PICKUP,135
AYACUCHO,2018,CAMIONETA RURAL,38
AYACUCHO,2018,CAMIONETA PANEL,3
AYACUCHO,2018,OMNIBUS,40
AYACUCHO,2018,CAMION,41
AYACUCHO,2018,REMOLCADOR,7
AYACUCHO,2018,REMOLQUE Y SEMIREMOLQUE,7
AYACUCHO,2018,VEHÍCULO NO IDENTIFICADO,7
AYACUCHO,2018,OTROS,11
AYACUCHO,2018,MOTO,174
AYACUCHO,2018,MOTOKAR,56
AYACUCHO,2018,TRICICLO,0
AYACUCHO,2018,FURGONETA,0
AYACUCHO,2018,BICICLETA,0
AYACUCHO,2018,VEHÍCULO IDENTIFICADO,0
AYACUCHO,2018,OTROS,22
AYACUCHO,2019,AUTOMOVIL,265
AYACUCHO,2019,STATION WAGON,26
AYACUCHO,2019,CAMIONETA PICKUP,117
AYACUCHO,2019,CAMIONETA RURAL,49
AYACUCHO,2019,CAMIONETA PANEL,9
AYACUCHO,2019,OMNIBUS,35
AYACUCHO,2019,CAMION,47
AYACUCHO,2019,REMOLCADOR,18
AYACUCHO,2019,REMOLQUE Y SEMIREMOLQUE,5
AYACUCHO,2019,VEHÍCULO NO IDENTIFICADO,16
AYACUCHO,2019,OTROS,26
AYACUCHO,2019,MOTO,94
AYACUCHO,2019,MOTOKAR,19
AYACUCHO,2019,TRICICLO,2
AYACUCHO,2019,FURGONETA,0
AYACUCHO,2019,BICICLETA,0
AYACUCHO,2019,VEHÍCULO IDENTIFICADO,7
AYACUCHO,2019,OTROS,7
AYACUCHO,2020,AUTOMOVIL,143
AYACUCHO,2020,STATION WAGON,7
AYACUCHO,2020,CAMIONETA PICKUP,46
AYACUCHO,2020,CAMIONETA RURAL,38
AYACUCHO,2020,CAMIONETA PANEL,2
AYACUCHO,2020,OMNIBUS,13
AYACUCHO,2020,CAMION,31
AYACUCHO,2020,REMOLCADOR,5
AYACUCHO,2020,REMOLQUE Y SEMIREMOLQUE,2
AYACUCHO,2020,VEHÍCULO NO IDENTIFICADO,0
AYACUCHO,2020,OTROS,37
AYACUCHO,2020,MOTO,77
AYACUCHO,2020,MOTOKAR,21
AYACUCHO,2020,TRICICLO,0
AYACUCHO,2020,FURGONETA,0
AYACUCHO,2020,BICICLETA,3
AYACUCHO,2020,VEHÍCULO IDENTIFICADO,0
AYACUCHO,2020,OTROS,17
AYACUCHO,2021,AUTOMOVIL,217
AYACUCHO,2021,STATION WAGON,32
AYACUCHO,2021,CAMIONETA PICKUP,44
AYACUCHO,2021,CAMIONETA RURAL,27
AYACUCHO,2021,CAMIONETA PANEL,1
AYACUCHO,2021,OMNIBUS,21
AYACUCHO,2021,CAMION,28
AYACUCHO,2021,REMOLCADOR,5
AYACUCHO,2021,REMOLQUE Y SEMIREMOLQUE,9
AYACUCHO,2021,VEHÍCULO NO IDENTIFICADO,2
AYACUCHO,2021,OTROS,18
AYACUCHO,2021,MOTO,102
AYACUCHO,2021,MOTOKAR,13
AYACUCHO,2021,TRICICLO,0
AYACUCHO,2021,FURGONETA,0
AYACUCHO,2021,BICICLETA,0
AYACUCHO,2021,VEHÍCULO IDENTIFICADO,0
AYACUCHO,2021,OTROS,2
AYACUCHO,2022,AUTOMOVIL,204
AYACUCHO,2022,STATION WAGON,24
AYACUCHO,2022,CAMIONETA PICKUP,37
AYACUCHO,2022,CAMIONETA RURAL,40
AYACUCHO,2022,CAMIONETA PANEL,0
AYACUCHO,2022,OMNIBUS,21
AYACUCHO,2022,CAMION,17
AYACUCHO,2022,REMOLCADOR,0
AYACUCHO,2022,REMOLQUE Y SEMIREMOLQUE,0
AYACUCHO,2022,VEHÍCULO NO IDENTIFICADO,0
AYACUCHO,2022,OTROS,8
AYACUCHO,2022,MOTO,111
AYACUCHO,2022,MOTOKAR,23
AYACUCHO,2022,TRICICLO,0
AYACUCHO,2022,FURGONETA,0
AYACUCHO,2022,BICICLETA,1
AYACUCHO,2022,VEHÍCULO IDENTIFICADO,1
AYACUCHO,2022,OTROS,6
AYACUCHO,2023,AUTOMOVIL,196
AYACUCHO,2023,STATION WAGON,19
AYACUCHO,2023,CAMIONETA PICKUP,33
AYACUCHO,2023,CAMIONETA RURAL,31
AYACUCHO,2023,CAMIONETA PANEL,1
AYACUCHO,2023,OMNIBUS,14
AYACUCHO,2023,CAMION,15
AYACUCHO,2023,REMOLCADOR,0
AYACUCHO,2023,REMOLQUE Y SEMIREMOLQUE,0
AYACUCHO,2023,VEHÍCULO NO IDENTIFICADO,5
AYACUCHO,2023,OTROS,15
AYACUCHO,2023,MOTO,113
AYACUCHO,2023,MOTOKAR,11
AYACUCHO,2023,TRICICLO,0
AYACUCHO,2023,FURGONETA,0
AYACUCHO,2023,BICICLETA,0
AYACUCHO,2023,VEHÍCULO IDENTIFICADO,0
AYACUCHO,2023,OTROS,11
AYACUCHO,2024,AUTOMOVIL,173
AYACUCHO,2024,STATION WAGON,42
AYACUCHO,2024,CAMIONETA PICKUP,52
AYACUCHO,2024,CAMIONETA RURAL,28
AYACUCHO,2024,CAMIONETA PANEL,2
AYACUCHO,2024,OMNIBUS,12
AYACUCHO,2024,CAMION,13
AYACUCHO,2024,REMOLCADOR,0
AYACUCHO,2024,REMOLQUE Y SEMIREMOLQUE,0
AYACUCHO,2024,VEHÍCULO NO IDENTIFICADO,6
AYACUCHO,2024,OTROS,95
AYACUCHO,2024,MOTO,148
AYACUCHO,2024,MOTOKAR,13
AYACUCHO,2024,TRICICLO,0
AYACUCHO,2024,FURGONETA,3
AYACUCHO,2024,BICICLETA,0
AYACUCHO,2024,VEHÍCULO IDENTIFICADO,0
AYACUCHO,2024,OTROS,14
CAJAMARCA,2008,AUTO,813
CAJAMARCA,2008,CAMIONETA,788
CAJAMARCA,2008,MICROBUS,176
CAJAMARCA,2008,OMNIBUS,134
CAJAMARCA,2008,CAMIÓN,191
CAJAMARCA,2008,TRAYLER,66
CAJAMARCA,2008,VOLQUETE,78
CAJAMARCA,2008,BICICLETA,86
CAJAMARCA,2008,FURGÓN,66
CAJAMARCA,2008,TRICICLO,84
CAJAMARCA,2008,MOTOKAR,589
CAJAMARCA,2008,MOTO,236
CAJAMARCA,2008,OTROS,253
CAJAMARCA,2009,AUTO,825
CAJAMARCA,2009,CAMIONETA,804
CAJAMARCA,2009,MICROBUS,190
CAJAMARCA,2009,OMNIBUS,118
CAJAMARCA,2009,CAMIÓN,187
CAJAMARCA,2009,TRAYLER,66
CAJAMARCA,2009,VOLQUETE,73
CAJAMARCA,2009,BICICLETA,174
CAJAMARCA,2009,FURGÓN,43
CAJAMARCA,2009,TRICICLO,73
CAJAMARCA,2009,MOTOKAR,738
CAJAMARCA,2009,MOTO,636
CAJAMARCA,2009,OTROS,513
CAJAMARCA,2010,AUTO,949
CAJAMARCA,2010,CAMIONETA,1057
CAJAMARCA,2010,MICROBUS,279
CAJAMARCA,2010,OMNIBUS,143
CAJAMARCA,2010,CAMIÓN,292
CAJAMARCA,2010,TRAYLER,49
CAJAMARCA,2010,VOLQUETE,80
CAJAMARCA,2010,BICICLETA,51
CAJAMARCA,2010,FURGÓN,28
CAJAMARCA,2010,TRICICLO,38
CAJAMARCA,2010,MOTOKAR,810
CAJAMARCA,2010,MOTO,628
CAJAMARCA,2010,OTROS,224
CAJAMARCA,2011,AUTO,977
CAJAMARCA,2011,CAMIONETA,955
CAJAMARCA,2011,MICROBUS,237
CAJAMARCA,2011,OMNIBUS,177
CAJAMARCA,2011,CAMIÓN,250
CAJAMARCA,2011,TRAYLER,50
CAJAMARCA,2011,VOLQUETE,71
CAJAMARCA,2011,BICICLETA,83
CAJAMARCA,2011,FURGÓN,9
CAJAMARCA,2011,TRICICLO,72
CAJAMARCA,2011,MOTOKAR,560
CAJAMARCA,2011,MOTO,608
CAJAMARCA,2011,OTROS,212
CAJAMARCA,2012,AUTO,990
CAJAMARCA,2012,CAMIONETA,1114
CAJAMARCA,2012,MICROBUS,138
CAJAMARCA,2012,OMNIBUS,87
CAJAMARCA,2012,CAMIÓN,191
CAJAMARCA,2012,TRAYLER,28
CAJAMARCA,2012,VOLQUETE,63
CAJAMARCA,2012,BICICLETA,41
CAJAMARCA,2012,FURGÓN,3
CAJAMARCA,2012,TRICICLO,59
CAJAMARCA,2012,MOTOKAR,768
CAJAMARCA,2012,MOTO,711
CAJAMARCA,2012,OTROS,146
CAJAMARCA,2013,AUTO,1048
CAJAMARCA,2013,CAMIONETA,1031
CAJAMARCA,2013,MICROBUS,112
CAJAMARCA,2013,OMNIBUS,79
CAJAMARCA,2013,CAMIÓN,182
CAJAMARCA,2013,TRAYLER,31
CAJAMARCA,2013,VOLQUETE,23
CAJAMARCA,2013,BICICLETA,40
CAJAMARCA,2013,FURGÓN,13
CAJAMARCA,2013,TRICICLO,45
CAJAMARCA,2013,MOTOKAR,1001
CAJAMARCA,2013,MOTO,1009
CAJAMARCA,2013,OTROS,26
CAJAMARCA,2014,AUTO,577
CAJAMARCA,2014,CAMIONETA,677
CAJAMARCA,2014,MICROBUS,130
CAJAMARCA,2014,OMNIBUS,71
CAJAMARCA,2014,CAMIÓN,118
CAJAMARCA,2014,TRAYLER,37
CAJAMARCA,2014,VOLQUETE,6
CAJAMARCA,2014,BICICLETA,45
CAJAMARCA,2014,FURGÓN,5
CAJAMARCA,2014,TRICICLO,81
CAJAMARCA,2014,MOTOKAR,712
CAJAMARCA,2014,MOTO,663
CAJAMARCA,2014,OTROS,36
CAJAMARCA,2015,AUTOMOVIL,330
CAJAMARCA,2015,STATION WAGON,104
CAJAMARCA,2015,CAMIONETA PICKUP,165
CAJAMARCA,2015,CAMIONETA RURAL,216
CAJAMARCA,2015,CAMIONETA PANEL,88
CAJAMARCA,2015,OMNIBUS,47
CAJAMARCA,2015,CAMION,131
CAJAMARCA,2015,REMOLCADOR,32
CAJAMARCA,2015,REMOLQUE Y SEMIREMOLQUE,10
CAJAMARCA,2015,VEHÍCULO NO IDENTIFICADO,4
CAJAMARCA,2015,MOTO,365
CAJAMARCA,2015,MOTOKAR,333
CAJAMARCA,2015,TRICICLO,99
CAJAMARCA,2015,FURGONETA,0
CAJAMARCA,2015,BICICLETA,12
CAJAMARCA,2015,VEHÍCULO IDENTIFICADO,0
CAJAMARCA,2015,OTRO,13
CAJAMARCA,2016,AUTOMOVIL,339
CAJAMARCA,2016,STATION WAGON,93
CAJAMARCA,2016,CAMIONETA PICKUP,256
CAJAMARCA,2016,CAMIONETA RURAL,119
CAJAMARCA,2016,CAMIONETA PANEL,16
CAJAMARCA,2016,OMNIBUS,64
CAJAMARCA,2016,CAMION,99
CAJAMARCA,2016,REMOLCADOR,15
CAJAMARCA,2016,REMOLQUE Y SEMIREMOLQUE,12
CAJAMARCA,2016,VEHÍCULO NO IDENTIFICADO,1
CAJAMARCA,2016,MOTO,367
CAJAMARCA,2016,MOTOKAR,299
CAJAMARCA,2016,TRICICLO,28
CAJAMARCA,2016,FURGONETA,12
CAJAMARCA,2016,BICICLETA,4
CAJAMARCA,2016,VEHÍCULO IDENTIFICADO,7
CAJAMARCA,2016,OTRO,85
CAJAMARCA,2017,AUTOMOVIL,454
CAJAMARCA,2017,STATION WAGON,165
CAJAMARCA,2017,CAMIONETA PICKUP,387
CAJAMARCA,2017,CAMIONETA RURAL,220
CAJAMARCA,2017,CAMIONETA PANEL,40
CAJAMARCA,2017,OMNIBUS,43
CAJAMARCA,2017,CAMION,144
CAJAMARCA,2017,REMOLCADOR,10
CAJAMARCA,2017,REMOLQUE Y SEMIREMOLQUE,18
CAJAMARCA,2017,VEHÍCULO NO IDENTIFICADO,16
CAJAMARCA,2017,MOTO,651
CAJAMARCA,2017,MOTOKAR,397
CAJAMARCA,2017,TRICICLO,6
CAJAMARCA,2017,FURGONETA,1
CAJAMARCA,2017,BICICLETA,20
CAJAMARCA,2017,VEHÍCULO IDENTIFICADO,11
CAJAMARCA,2017,OTRO,141
CAJAMARCA,2018,AUTOMOVIL,501
CAJAMARCA,2018,STATION WAGON,158
CAJAMARCA,2018,CAMIONETA PICKUP,335
CAJAMARCA,2018,CAMIONETA RURAL,280
CAJAMARCA,2018,CAMIONETA PANEL,76
CAJAMARCA,2018,OMNIBUS,51
CAJAMARCA,2018,CAMION,188
CAJAMARCA,2018,REMOLCADOR,16
CAJAMARCA,2018,REMOLQUE Y SEMIREMOLQUE,18
CAJAMARCA,2018,VEHÍCULO NO IDENTIFICADO,8
CAJAMARCA,2018,OTROS,52
CAJAMARCA,2018,MOTO,683
CAJAMARCA,2018,MOTOKAR,473
CAJAMARCA,2018,TRICICLO,1
CAJAMARCA,2018,FURGONETA,3
CAJAMARCA,2018,BICICLETA,13
CAJAMARCA,2018,VEHÍCULO IDENTIFICADO,21
CAJAMARCA,2018,OTROS,158
CAJAMARCA,2019,AUTOMOVIL,591
CAJAMARCA,2019,STATION WAGON,110
CAJAMARCA,2019,CAMIONETA PICKUP,283
CAJAMARCA,2019,CAMIONETA RURAL,216
CAJAMARCA,2019,CAMIONETA PANEL,75
CAJAMARCA,2019,OMNIBUS,51
CAJAMARCA,2019,CAMION,127
CAJAMARCA,2019,REMOLCADOR,14
CAJAMARCA,2019,REMOLQUE Y SEMIREMOLQUE,10
CAJAMARCA,2019,VEHÍCULO NO IDENTIFICADO,14
CAJAMARCA,2019,OTROS,24
CAJAMARCA,2019,MOTO,676
CAJAMARCA,2019,MOTOKAR,865
CAJAMARCA,2019,TRICICLO,27
CAJAMARCA,2019,FURGONETA,3
CAJAMARCA,2019,BICICLETA,8
CAJAMARCA,2019,VEHÍCULO IDENTIFICADO,21
CAJAMARCA,2019,OTROS,109
CAJAMARCA,2020,AUTOMOVIL,227
CAJAMARCA,2020,STATION WAGON,81
CAJAMARCA,2020,CAMIONETA PICKUP,139
CAJAMARCA,2020,CAMIONETA RURAL,102
CAJAMARCA,2020,CAMIONETA PANEL,107
CAJAMARCA,2020,OMNIBUS,19
CAJAMARCA,2020,CAMION,64
CAJAMARCA,2020,REMOLCADOR,20
CAJAMARCA,2020,REMOLQUE Y SEMIREMOLQUE,9
CAJAMARCA,2020,VEHÍCULO NO IDENTIFICADO,2
CAJAMARCA,2020,OTROS,47
CAJAMARCA,2020,MOTO,563
CAJAMARCA,2020,MOTOKAR,272
CAJAMARCA,2020,TRICICLO,1
CAJAMARCA,2020,FURGONETA,0
CAJAMARCA,2020,BICICLETA,10
CAJAMARCA,2020,VEHÍCULO IDENTIFICADO,0
CAJAMARCA,2020,OTROS,64
CAJAMARCA,2021,AUTOMOVIL,339
CAJAMARCA,2021,STATION WAGON,116
CAJAMARCA,2021,CAMIONETA PICKUP,269
CAJAMARCA,2021,CAMIONETA RURAL,140
CAJAMARCA,2021,CAMIONETA PANEL,19
CAJAMARCA,2021,OMNIBUS,25
CAJAMARCA,2021,CAMION,141
CAJAMARCA,2021,REMOLCADOR,19
CAJAMARCA,2021,REMOLQUE Y SEMIREMOLQUE,12
CAJAMARCA,2021,VEHÍCULO NO IDENTIFICADO,12
CAJAMARCA,2021,OTROS,70
CAJAMARCA,2021,MOTO,873
CAJAMARCA,2021,MOTOKAR,427
CAJAMARCA,2021,TRICICLO,3
CAJAMARCA,2021,FURGONETA,4
CAJAMARCA,2021,BICICLETA,15
CAJAMARCA,2021,VEHÍCULO IDENTIFICADO,2
CAJAMARCA,2021,OTROS,97
CAJAMARCA,2022,AUTOMOVIL,304
CAJAMARCA,2022,STATION WAGON,91
CAJAMARCA,2022,CAMIONETA PICKUP,360
CAJAMARCA,2022,CAMIONETA RURAL,157
CAJAMARCA,2022,CAMIONETA PANEL,21
CAJAMARCA,2022,OMNIBUS,48
CAJAMARCA,2022,CAMION,139
CAJAMARCA,2022,REMOLCADOR,26
CAJAMARCA,2022,REMOLQUE Y SEMIREMOLQUE,20
CAJAMARCA,2022,VEHÍCULO NO IDENTIFICADO,4
CAJAMARCA,2022,OTROS,74
CAJAMARCA,2022,MOTO,1026
CAJAMARCA,2022,MOTOKAR,479
CAJAMARCA,2022,TRICICLO,9
CAJAMARCA,2022,FURGONETA,1
CAJAMARCA,2022,BICICLETA,5
CAJAMARCA,2022,VEHÍCULO IDENTIFICADO,0
CAJAMARCA,2022,OTROS,65
CAJAMARCA,2023,AUTOMOVIL,491
CAJAMARCA,2023,STATION WAGON,51
CAJAMARCA,2023,CAMIONETA PICKUP,223
CAJAMARCA,2023,CAMIONETA RURAL,151
CAJAMARCA,2023,CAMIONETA PANEL,31
CAJAMARCA,2023,OMNIBUS,51
CAJAMARCA,2023,CAMION,121
CAJAMARCA,2023,REMOLCADOR,20
CAJAMARCA,2023,REMOLQUE Y SEMIREMOLQUE,28
CAJAMARCA,2023,VEHÍCULO NO IDENTIFICADO,15
CAJAMARCA,2023,OTROS,46
CAJAMARCA,2023,MOTO,1025
CAJAMARCA,2023,MOTOKAR,395
CAJAMARCA,2023,TRICICLO,0
CAJAMARCA,2023,FURGONETA,1
CAJAMARCA,2023,BICICLETA,31
CAJAMARCA,2023,VEHÍCULO IDENTIFICADO,3
CAJAMARCA,2023,OTROS,86
CAJAMARCA,2024,AUTOMOVIL,467
CAJAMARCA,2024,STATION WAGON,67
CAJAMARCA,2024,CAMIONETA PICKUP,302
CAJAMARCA,2024,CAMIONETA RURAL,210
CAJAMARCA,2024,CAMIONETA PANEL,7
CAJAMARCA,2024,OMNIBUS,21
CAJAMARCA,2024,CAMION,85
CAJAMARCA,2024,REMOLCADOR,22
CAJAMARCA,2024,REMOLQUE Y SEMIREMOLQUE,12
CAJAMARCA,2024,VEHÍCULO NO IDENTIFICADO,4
CAJAMARCA,2024,OTROS,84
CAJAMARCA,2024,MOTO,1063
CAJAMARCA,2024,MOTOKAR,457
CAJAMARCA,2024,TRICICLO,1
CAJAMARCA,2024,FURGONETA,0
CAJAMARCA,2024,BICICLETA,14
CAJAMARCA,2024,VEHÍCULO IDENTIFICADO,0
CAJAMARCA,2024,OTROS,81
CALLAO,2008,AUTO,1700
CALLAO,2008,CAMIONETA,822
CALLAO,2008,MICROBUS,227
CALLAO,2008,OMNIBUS,233
CALLAO,2008,CAMIÓN,179
CALLAO,2008,TRAYLER,233
CALLAO,2008,VOLQUETE,13
CALLAO,2008,BICICLETA,89
CALLAO,2008,FURGÓN,9
CALLAO,2008,TRICICLO,36
CALLAO,2008,MOTOKAR,337
CALLAO,2008,MOTO,176
CALLAO,2008,OTROS,180
CALLAO,2009,AUTO,1589
CALLAO,2009,CAMIONETA,924
CALLAO,2009,MICROBUS,251
CALLAO,2009,OMNIBUS,246
CALLAO,2009,CAMIÓN,186
CALLAO,2009,TRAYLER,205
CALLAO,2009,VOLQUETE,35
CALLAO,2009,BICICLETA,52
CALLAO,2009,FURGÓN,11
CALLAO,2009,TRICICLO,34
CALLAO,2009,MOTOKAR,300
CALLAO,2009,MOTO,218
CALLAO,2009,OTROS,170
CALLAO,2010,AUTO,1478
CALLAO,2010,CAMIONETA,908
CALLAO,2010,MICROBUS,193
CALLAO,2010,OMNIBUS,234
CALLAO,2010,CAMIÓN,144
CALLAO,2010,TRAYLER,188
CALLAO,2010,VOLQUETE,14
CALLAO,2010,BICICLETA,45
CALLAO,2010,FURGÓN,5
CALLAO,2010,TRICICLO,37
CALLAO,2010,MOTOKAR,283
CALLAO,2010,MOTO,267
CALLAO,2010,OTROS,146
CALLAO,2011,AUTO,1674
CALLAO,2011,CAMIONETA,873
CALLAO,2011,MICROBUS,129
CALLAO,2011,OMNIBUS,260
CALLAO,2011,CAMIÓN,177
CALLAO,2011,TRAYLER,138
CALLAO,2011,VOLQUETE,11
CALLAO,2011,BICICLETA,30
CALLAO,2011,FURGÓN,3
CALLAO,2011,TRICICLO,14
CALLAO,2011,MOTOKAR,300
CALLAO,2011,MOTO,277
CALLAO,2011,OTROS,124
CALLAO,2012,AUTO,1977
CALLAO,2012,CAMIONETA,930
CALLAO,2012,MICROBUS,160
CALLAO,2012,OMNIBUS,342
CALLAO,2012,CAMIÓN,193
CALLAO,2012,TRAYLER,284
CALLAO,2012,VOLQUETE,22
CALLAO,2012,BICICLETA,45
CALLAO,2012,FURGÓN,1
CALLAO,2012,TRICICLO,8
CALLAO,2012,MOTOKAR,295
CALLAO,2012,MOTO,314
CALLAO,2012,OTROS,176
CALLAO,2013,AUTO,2026
CALLAO,2013,CAMIONETA,882
CALLAO,2013,MICROBUS,154
CALLAO,2013,OMNIBUS,327
CALLAO,2013,CAMIÓN,184
CALLAO,2013,TRAYLER,346
CALLAO,2013,VOLQUETE,1
CALLAO,2013,BICICLETA,48
CALLAO,2013,FURGÓN,6
CALLAO,2013,TRICICLO,8
CALLAO,2013,MOTOKAR,343
CALLAO,2013,MOTO,223
CALLAO,2013,OTROS,188
CALLAO,2014,AUTO,1932
CALLAO,2014,CAMIONETA,734
CALLAO,2014,MICROBUS,320
CALLAO,2014,OMNIBUS,333
CALLAO,2014,CAMIÓN,216
CALLAO,2014,TRAYLER,235
CALLAO,2014,VOLQUETE,43
CALLAO,2014,BICICLETA,46
CALLAO,2014,FURGÓN,3
CALLAO,2014,TRICICLO,10
CALLAO,2014,MOTOKAR,295
CALLAO,2014,MOTO,268
CALLAO,2014,OTROS,177
CALLAO,2015,AUTOMOVIL,1961
CALLAO,2015,STATION WAGON,359
CALLAO,2015,CAMIONETA PICKUP,230
CALLAO,2015,CAMIONETA RURAL,401
CALLAO,2015,CAMIONETA PANEL,91
CALLAO,2015,OMNIBUS,362
CALLAO,2015,CAMION,210
CALLAO,2015,REMOLCADOR,260
CALLAO,2015,REMOLQUE Y SEMIREMOLQUE,173
CALLAO,2015,VEHÍCULO NO IDENTIFICADO,66
CALLAO,2015,MOTO,386
CALLAO,2015,MOTOKAR,299
CALLAO,2015,TRICICLO,15
CALLAO,2015,FURGONETA,12
CALLAO,2015,BICICLETA,56
CALLAO,2015,VEHÍCULO IDENTIFICADO,17
CALLAO,2015,OTRO,50
CALLAO,2016,AUTOMOVIL,1885
CALLAO,2016,STATION WAGON,328
CALLAO,2016,CAMIONETA PICKUP,192
CALLAO,2016,CAMIONETA RURAL,464
CALLAO,2016,CAMIONETA PANEL,113
CALLAO,2016,OMNIBUS,365
CALLAO,2016,CAMION,185
CALLAO,2016,REMOLCADOR,261
CALLAO,2016,REMOLQUE Y SEMIREMOLQUE,191
CALLAO,2016,VEHÍCULO NO IDENTIFICADO,47
CALLAO,2016,MOTO,324
CALLAO,2016,MOTOKAR,323
CALLAO,2016,TRICICLO,10
CALLAO,2016,FURGONETA,4
CALLAO,2016,BICICLETA,87
CALLAO,2016,VEHÍCULO IDENTIFICADO,45
CALLAO,2016,OTRO,80
CALLAO,2017,AUTOMOVIL,1916
CALLAO,2017,STATION WAGON,310
CALLAO,2017,CAMIONETA PICKUP,270
CALLAO,2017,CAMIONETA RURAL,359
CALLAO,2017,CAMIONETA PANEL,57
CALLAO,2017,OMNIBUS,249
CALLAO,2017,CAMION,162
CALLAO,2017,REMOLCADOR,136
CALLAO,2017,REMOLQUE Y SEMIREMOLQUE,170
CALLAO,2017,VEHÍCULO NO IDENTIFICADO,61
CALLAO,2017,MOTO,432
CALLAO,2017,MOTOKAR,212
CALLAO,2017,TRICICLO,7
CALLAO,2017,FURGONETA,3
CALLAO,2017,BICICLETA,14
CALLAO,2017,VEHÍCULO IDENTIFICADO,19
CALLAO,2017,OTRO,46
CALLAO,2018,AUTOMOVIL,1911
CALLAO,2018,STATION WAGON,244
CALLAO,2018,CAMIONETA PICKUP,162
CALLAO,2018,CAMIONETA RURAL,262
CALLAO,2018,CAMIONETA PANEL,44
CALLAO,2018,OMNIBUS,167
CALLAO,2018,CAMION,99
CALLAO,2018,REMOLCADOR,144
CALLAO,2018,REMOLQUE Y SEMIREMOLQUE,156
CALLAO,2018,VEHÍCULO NO IDENTIFICADO,78
CALLAO,2018,OTROS,113
CALLAO,2018,MOTO,456
CALLAO,2018,MOTOKAR,220
CALLAO,2018,TRICICLO,4
CALLAO,2018,FURGONETA,1
CALLAO,2018,BICICLETA,12
CALLAO,2018,VEHÍCULO IDENTIFICADO,9
CALLAO,2018,OTROS,207
CALLAO,2019,AUTOMOVIL,1622
CALLAO,2019,STATION WAGON,159
CALLAO,2019,CAMIONETA PICKUP,160
CALLAO,2019,CAMIONETA RURAL,149
CALLAO,2019,CAMIONETA PANEL,42
CALLAO,2019,OMNIBUS,175
CALLAO,2019,CAMION,83
CALLAO,2019,REMOLCADOR,101
CALLAO,2019,REMOLQUE Y SEMIREMOLQUE,111
CALLAO,2019,VEHÍCULO NO IDENTIFICADO,103
CALLAO,2019,OTROS,235
CALLAO,2019,MOTO,389
CALLAO,2019,MOTOKAR,247
CALLAO,2019,TRICICLO,4
CALLAO,2019,FURGONETA,1
CALLAO,2019,BICICLETA,11
CALLAO,2019,VEHÍCULO IDENTIFICADO,87
CALLAO,2019,OTROS,138
CALLAO,2020,AUTOMOVIL,1068
CALLAO,2020,STATION WAGON,77
CALLAO,2020,CAMIONETA PICKUP,86
CALLAO,2020,CAMIONETA RURAL,77
CALLAO,2020,CAMIONETA PANEL,23
CALLAO,2020,OMNIBUS,82
CALLAO,2020,CAMION,49
CALLAO,2020,REMOLCADOR,24
CALLAO,2020,REMOLQUE Y SEMIREMOLQUE,67
CALLAO,2020,VEHÍCULO NO IDENTIFICADO,31
CALLAO,2020,OTROS,145
CALLAO,2020,MOTO,268
CALLAO,2020,MOTOKAR,135
CALLAO,2020,TRICICLO,3
CALLAO,2020,FURGONETA,1
CALLAO,2020,BICICLETA,12
CALLAO,2020,VEHÍCULO IDENTIFICADO,36
CALLAO,2020,OTROS,210
CALLAO,2021,AUTOMOVIL,1446
CALLAO,2021,STATION WAGON,168
CALLAO,2021,CAMIONETA PICKUP,207
CALLAO,2021,CAMIONETA RURAL,115
CALLAO,2021,CAMIONETA PANEL,41
CALLAO,2021,OMNIBUS,111
CALLAO,2021,CAMION,110
CALLAO,2021,REMOLCADOR,61
CALLAO,2021,REMOLQUE Y SEMIREMOLQUE,56
CALLAO,2021,VEHÍCULO NO IDENTIFICADO,37
CALLAO,2021,OTROS,132
CALLAO,2021,MOTO,485
CALLAO,2021,MOTOKAR,135
CALLAO,2021,TRICICLO,4
CALLAO,2021,FURGONETA,0
CALLAO,2021,BICICLETA,15
CALLAO,2021,VEHÍCULO IDENTIFICADO,9
CALLAO,2021,OTROS,182
CALLAO,2022,AUTOMOVIL,1452
CALLAO,2022,STATION WAGON,150
CALLAO,2022,CAMIONETA PICKUP,187
CALLAO,2022,CAMIONETA RURAL,105
CALLAO,2022,CAMIONETA PANEL,60
CALLAO,2022,OMNIBUS,140
CALLAO,2022,CAMION,110
CALLAO,2022,REMOLCADOR,65
CALLAO,2022,REMOLQUE Y SEMIREMOLQUE,61
CALLAO,2022,VEHÍCULO NO IDENTIFICADO,55
CALLAO,2022,OTROS,170
CALLAO,2022,MOTO,486
CALLAO,2022,MOTOKAR,152
CALLAO,2022,TRICICLO,1
CALLAO,2022,FURGONETA,0
CALLAO,2022,BICICLETA,15
CALLAO,2022,VEHÍCULO IDENTIFICADO,5
CALLAO,2022,OTROS,46
CALLAO,2023,AUTOMOVIL,1321
CALLAO,2023,STATION WAGON,134
CALLAO,2023,CAMIONETA PICKUP,144
CALLAO,2023,CAMIONETA RURAL,101
CALLAO,2023,CAMIONETA PANEL,60
CALLAO,2023,OMNIBUS,101
CALLAO,2023,CAMION,111
CALLAO,2023,REMOLCADOR,15
CALLAO,2023,REMOLQUE Y SEMIREMOLQUE,21
CALLAO,2023,VEHÍCULO NO IDENTIFICADO,33
CALLAO,2023,OTROS,126
CALLAO,2023,MOTO,319
CALLAO,2023,MOTOKAR,142
CALLAO,2023,TRICICLO,2
CALLAO,2023,FURGONETA,0
CALLAO,2023,BICICLETA,11
CALLAO,2023,VEHÍCULO IDENTIFICADO,0
CALLAO,2023,OTROS,53
CALLAO,2024,AUTOMOVIL,1973
CALLAO,2024,STATION WAGON,182
CALLAO,2024,CAMIONETA PICKUP,143
CALLAO,2024,CAMIONETA RURAL,115
CALLAO,2024,CAMIONETA PANEL,92
CALLAO,2024,OMNIBUS,86
CALLAO,2024,CAMION,102
CALLAO,2024,REMOLCADOR,43
CALLAO,2024,REMOLQUE Y SEMIREMOLQUE,30
CALLAO,2024,VEHÍCULO NO IDENTIFICADO,38
CALLAO,2024,OTROS,143
CALLAO,2024,MOTO,295
CALLAO,2024,MOTOKAR,128
CALLAO,2024,TRICICLO,12
CALLAO,2024,FURGONETA,0
CALLAO,2024,BICICLETA,4
CALLAO,2024,VEHÍCULO IDENTIFICADO,10
CALLAO,2024,OTROS,84
CUSCO,2008,AUTO,1217
CUSCO,2008,CAMIONETA,605
CUSCO,2008,MICROBUS,100
CUSCO,2008,OMNIBUS,203
CUSCO,2008,CAMIÓN,283
CUSCO,2008,TRAYLER,47
CUSCO,2008,VOLQUETE,47
CUSCO,2008,BICICLETA,54
CUSCO,2008,FURGÓN,21
CUSCO,2008,TRICICLO,74
CUSCO,2008,MOTOKAR,205
CUSCO,2008,MOTO,168
CUSCO,2008,OTROS,338
CUSCO,2009,AUTO,644
CUSCO,2009,CAMIONETA,391
CUSCO,2009,MICROBUS,154
CUSCO,2009,OMNIBUS,221
CUSCO,2009,CAMIÓN,198
CUSCO,2009,TRAYLER,33
CUSCO,2009,VOLQUETE,17
CUSCO,2009,BICICLETA,46
CUSCO,2009,FURGÓN,29
CUSCO,2009,TRICICLO,19
CUSCO,2009,MOTOKAR,152
CUSCO,2009,MOTO,139
CUSCO,2009,OTROS,155
CUSCO,2010,AUTO,131
CUSCO,2010,CAMIONETA,120
CUSCO,2010,MICROBUS,17
CUSCO,2010,OMNIBUS,77
CUSCO,2010,CAMIÓN,56
CUSCO,2010,TRAYLER,3
CUSCO,2010,VOLQUETE,14
CUSCO,2010,BICICLETA,9
CUSCO,2010,FURGÓN,43
CUSCO,2010,TRICICLO,11
CUSCO,2010,MOTOKAR,13
CUSCO,2010,MOTO,34
CUSCO,2010,OTROS,22
CUSCO,2011,AUTO,131
CUSCO,2011,CAMIONETA,132
CUSCO,2011,MICROBUS,13
CUSCO,2011,OMNIBUS,42
CUSCO,2011,CAMIÓN,62
CUSCO,2011,TRAYLER,2
CUSCO,2011,VOLQUETE,9
CUSCO,2011,BICICLETA,1
CUSCO,2011,FURGÓN,1
CUSCO,2011,TRICICLO,0
CUSCO,2011,MOTOKAR,108
CUSCO,2011,MOTO,98
CUSCO,2011,OTROS,41
CUSCO,2012,AUTO,929
CUSCO,2012,CAMIONETA,351
CUSCO,2012,MICROBUS,144
CUSCO,2012,OMNIBUS,150
CUSCO,2012,CAMIÓN,100
CUSCO,2012,TRAYLER,13
CUSCO,2012,VOLQUETE,23
CUSCO,2012,BICICLETA,12
CUSCO,2012,FURGÓN,5
CUSCO,2012,TRICICLO,7
CUSCO,2012,MOTOKAR,198
CUSCO,2012,MOTO,234
CUSCO,2012,OTROS,60
CUSCO,2013,AUTO,2006
CUSCO,2013,CAMIONETA,993
CUSCO,2013,MICROBUS,323
CUSCO,2013,OMNIBUS,337
CUSCO,2013,CAMIÓN,277
CUSCO,2013,TRAYLER,24
CUSCO,2013,VOLQUETE,59
CUSCO,2013,BICICLETA,30
CUSCO,2013,FURGÓN,13
CUSCO,2013,TRICICLO,9
CUSCO,2013,MOTOKAR,269
CUSCO,2013,MOTO,456
CUSCO,2013,OTROS,300
CUSCO,2014,AUTO,2050
CUSCO,2014,CAMIONETA,1228
CUSCO,2014,MICROBUS,445
CUSCO,2014,OMNIBUS,492
CUSCO,2014,CAMIÓN,269
CUSCO,2014,TRAYLER,47
CUSCO,2014,VOLQUETE,35
CUSCO,2014,BICICLETA,22
CUSCO,2014,FURGÓN,55
CUSCO,2014,TRICICLO,7
CUSCO,2014,MOTOKAR,313
CUSCO,2014,MOTO,497
CUSCO,2014,OTROS,167
CUSCO,2015,AUTOMOVIL,2813
CUSCO,2015,STATION WAGON,710
CUSCO,2015,CAMIONETA PICKUP,727
CUSCO,2015,CAMIONETA RURAL,534
CUSCO,2015,CAMIONETA PANEL,41
CUSCO,2015,OMNIBUS,408
CUSCO,2015,CAMION,282
CUSCO,2015,REMOLCADOR,18
CUSCO,2015,REMOLQUE Y SEMIREMOLQUE,18
CUSCO,2015,VEHÍCULO NO IDENTIFICADO,125
CUSCO,2015,MOTO,546
CUSCO,2015,MOTOKAR,355
CUSCO,2015,TRICICLO,9
CUSCO,2015,FURGONETA,26
CUSCO,2015,BICICLETA,17
CUSCO,2015,VEHÍCULO IDENTIFICADO,8
CUSCO,2015,OTRO,22
CUSCO,2016,AUTOMOVIL,1843
CUSCO,2016,STATION WAGON,452
CUSCO,2016,CAMIONETA PICKUP,501
CUSCO,2016,CAMIONETA RURAL,314
CUSCO,2016,CAMIONETA PANEL,56
CUSCO,2016,OMNIBUS,330
CUSCO,2016,CAMION,243
CUSCO,2016,REMOLCADOR,16
CUSCO,2016,REMOLQUE Y SEMIREMOLQUE,19
CUSCO,2016,VEHÍCULO NO IDENTIFICADO,120
CUSCO,2016,MOTO,348
CUSCO,2016,MOTOKAR,185
CUSCO,2016,TRICICLO,11
CUSCO,2016,FURGONETA,1
CUSCO,2016,BICICLETA,19
CUSCO,2016,VEHÍCULO IDENTIFICADO,5
CUSCO,2016,OTRO,74
CUSCO,2017,AUTOMOVIL,1682
CUSCO,2017,STATION WAGON,334
CUSCO,2017,CAMIONETA PICKUP,383
CUSCO,2017,CAMIONETA RURAL,286
CUSCO,2017,CAMIONETA PANEL,40
CUSCO,2017,OMNIBUS,330
CUSCO,2017,CAMION,222
CUSCO,2017,REMOLCADOR,23
CUSCO,2017,REMOLQUE Y SEMIREMOLQUE,43
CUSCO,2017,VEHÍCULO NO IDENTIFICADO,112
CUSCO,2017,MOTO,413
CUSCO,2017,MOTOKAR,191
CUSCO,2017,TRICICLO,5
CUSCO,2017,FURGONETA,8
CUSCO,2017,BICICLETA,13
CUSCO,2017,VEHÍCULO IDENTIFICADO,3
CUSCO,2017,OTRO,85
CUSCO,2018,AUTOMOVIL,2228
CUSCO,2018,STATION WAGON,398
CUSCO,2018,CAMIONETA PICKUP,478
CUSCO,2018,CAMIONETA RURAL,246
CUSCO,2018,CAMIONETA PANEL,77
CUSCO,2018,OMNIBUS,426
CUSCO,2018,CAMION,298
CUSCO,2018,REMOLCADOR,34
CUSCO,2018,REMOLQUE Y SEMIREMOLQUE,40
CUSCO,2018,VEHÍCULO NO IDENTIFICADO,99
CUSCO,2018,OTROS,114
CUSCO,2018,MOTO,478
CUSCO,2018,MOTOKAR,236
CUSCO,2018,TRICICLO,5
CUSCO,2018,FURGONETA,0
CUSCO,2018,BICICLETA,6
CUSCO,2018,VEHÍCULO IDENTIFICADO,9
CUSCO,2018,OTROS,84
CUSCO,2019,AUTOMOVIL,2356
CUSCO,2019,STATION WAGON,187
CUSCO,2019,CAMIONETA PICKUP,403
CUSCO,2019,CAMIONETA RURAL,288
CUSCO,2019,CAMIONETA PANEL,114
CUSCO,2019,OMNIBUS,575
CUSCO,2019,CAMION,258
CUSCO,2019,REMOLCADOR,29
CUSCO,2019,REMOLQUE Y SEMIREMOLQUE,40
CUSCO,2019,VEHÍCULO NO IDENTIFICADO,70
CUSCO,2019,OTROS,161
CUSCO,2019,MOTO,654
CUSCO,2019,MOTOKAR,228
CUSCO,2019,TRICICLO,2
CUSCO,2019,FURGONETA,13
CUSCO,2019,BICICLETA,12
CUSCO,2019,VEHÍCULO IDENTIFICADO,1
CUSCO,2019,OTROS,82
CUSCO,2020,AUTOMOVIL,1461
CUSCO,2020,STATION WAGON,127
CUSCO,2020,CAMIONETA PICKUP,301
CUSCO,2020,CAMIONETA RURAL,113
CUSCO,2020,CAMIONETA PANEL,43
CUSCO,2020,OMNIBUS,198
CUSCO,2020,CAMION,161
CUSCO,2020,REMOLCADOR,26
CUSCO,2020,REMOLQUE Y SEMIREMOLQUE,17
CUSCO,2020,VEHÍCULO NO IDENTIFICADO,29
CUSCO,2020,OTROS,58
CUSCO,2020,MOTO,406
CUSCO,2020,MOTOKAR,136
CUSCO,2020,TRICICLO,6
CUSCO,2020,FURGONETA,0
CUSCO,2020,BICICLETA,37
CUSCO,2020,VEHÍCULO IDENTIFICADO,0
CUSCO,2020,OTROS,23
CUSCO,2021,AUTOMOVIL,1848
CUSCO,2021,STATION WAGON,113
CUSCO,2021,CAMIONETA PICKUP,382
CUSCO,2021,CAMIONETA RURAL,170
CUSCO,2021,CAMIONETA PANEL,23
CUSCO,2021,OMNIBUS,226
CUSCO,2021,CAMION,227
CUSCO,2021,REMOLCADOR,52
CUSCO,2021,REMOLQUE Y SEMIREMOLQUE,35
CUSCO,2021,VEHÍCULO NO IDENTIFICADO,30
CUSCO,2021,OTROS,93
CUSCO,2021,MOTO,747
CUSCO,2021,MOTOKAR,106
CUSCO,2021,TRICICLO,65
CUSCO,2021,FURGONETA,3
CUSCO,2021,BICICLETA,35
CUSCO,2021,VEHÍCULO IDENTIFICADO,10
CUSCO,2021,OTROS,24
CUSCO,2022,AUTOMOVIL,2194
CUSCO,2022,STATION WAGON,117
CUSCO,2022,CAMIONETA PICKUP,383
CUSCO,2022,CAMIONETA RURAL,175
CUSCO,2022,CAMIONETA PANEL,54
CUSCO,2022,OMNIBUS,304
CUSCO,2022,CAMION,237
CUSCO,2022,REMOLCADOR,48
CUSCO,2022,REMOLQUE Y SEMIREMOLQUE,43
CUSCO,2022,VEHÍCULO NO IDENTIFICADO,31
CUSCO,2022,OTROS,173
CUSCO,2022,MOTO,697
CUSCO,2022,MOTOKAR,136
CUSCO,2022,TRICICLO,54
CUSCO,2022,FURGONETA,1
CUSCO,2022,BICICLETA,20
CUSCO,2022,VEHÍCULO IDENTIFICADO,2
CUSCO,2022,OTROS,46
CUSCO,2023,AUTOMOVIL,2085
CUSCO,2023,STATION WAGON,71
CUSCO,2023,CAMIONETA PICKUP,246
CUSCO,2023,CAMIONETA RURAL,202
CUSCO,2023,CAMIONETA PANEL,79
CUSCO,2023,OMNIBUS,315
CUSCO,2023,CAMION,184
CUSCO,2023,REMOLCADOR,21
CUSCO,2023,REMOLQUE Y SEMIREMOLQUE,17
CUSCO,2023,VEHÍCULO NO IDENTIFICADO,41
CUSCO,2023,OTROS,98
CUSCO,2023,MOTO,650
CUSCO,2023,MOTOKAR,119
CUSCO,2023,TRICICLO,3
CUSCO,2023,FURGONETA,0
CUSCO,2023,BICICLETA,25
CUSCO,2023,VEHÍCULO IDENTIFICADO,3
CUSCO,2023,OTROS,36
CUSCO,2024,AUTOMOVIL,2111
CUSCO,2024,STATION WAGON,182
CUSCO,2024,CAMIONETA PICKUP,362
CUSCO,2024,CAMIONETA RURAL,260
CUSCO,2024,CAMIONETA PANEL,77
CUSCO,2024,OMNIBUS,355
CUSCO,2024,CAMION,183
CUSCO,2024,REMOLCADOR,17
CUSCO,2024,REMOLQUE Y SEMIREMOLQUE,8
CUSCO,2024,VEHÍCULO NO IDENTIFICADO,36
CUSCO,2024,OTROS,144
CUSCO,2024,MOTO,624
CUSCO,2024,MOTOKAR,184
CUSCO,2024,TRICICLO,3
CUSCO,2024,FURGONETA,0
CUSCO,2024,BICICLETA,6
CUSCO,2024,VEHÍCULO IDENTIFICADO,0
CUSCO,2024,OTROS,17
HUANCAVELICA,2008,AUTO,16
HUANCAVELICA,2008,CAMIONETA,17
HUANCAVELICA,2008,MICROBUS,0
HUANCAVELICA,2008,OMNIBUS,1
HUANCAVELICA,2008,CAMIÓN,12
HUANCAVELICA,2008,TRAYLER,1
HUANCAVELICA,2008,VOLQUETE,0
HUANCAVELICA,2008,BICICLETA,0
HUANCAVELICA,2008,FURGÓN,0
HUANCAVELICA,2008,TRICICLO,0
HUANCAVELICA,2008,MOTOKAR,0
HUANCAVELICA,2008,MOTO,1
HUANCAVELICA,2008,OTROS,1
HUANCAVELICA,2009,AUTO,23
HUANCAVELICA,2009,CAMIONETA,22
HUANCAVELICA,2009,MICROBUS,0
HUANCAVELICA,2009,OMNIBUS,6
HUANCAVELICA,2009,CAMIÓN,4
HUANCAVELICA,2009,TRAYLER,0
HUANCAVELICA,2009,VOLQUETE,0
HUANCAVELICA,2009,BICICLETA,1
HUANCAVELICA,2009,FURGÓN,0
HUANCAVELICA,2009,TRICICLO,0
HUANCAVELICA,2009,MOTOKAR,1
HUANCAVELICA,2009,MOTO,2
HUANCAVELICA,2009,OTROS,3
HUANCAVELICA,2010,AUTO,48
HUANCAVELICA,2010,CAMIONETA,22
HUANCAVELICA,2010,MICROBUS,0
HUANCAVELICA,2010,OMNIBUS,8
HUANCAVELICA,2010,CAMIÓN,3
HUANCAVELICA,2010,TRAYLER,0
HUANCAVELICA,2010,VOLQUETE,6
HUANCAVELICA,2010,BICICLETA,0
HUANCAVELICA,2010,FURGÓN,0
HUANCAVELICA,2010,TRICICLO,0
HUANCAVELICA,2010,MOTOKAR,1
HUANCAVELICA,2010,MOTO,0
HUANCAVELICA,2010,OTROS,1
HUANCAVELICA,2011,AUTO,20
HUANCAVELICA,2011,CAMIONETA,13
HUANCAVELICA,2011,MICROBUS,1
HUANCAVELICA,2011,OMNIBUS,3
HUANCAVELICA,2011,CAMIÓN,6
HUANCAVELICA,2011,TRAYLER,0
HUANCAVELICA,2011,VOLQUETE,0
HUANCAVELICA,2011,BICICLETA,0
HUANCAVELICA,2011,FURGÓN,0
HUANCAVELICA,2011,TRICICLO,0
HUANCAVELICA,2011,MOTOKAR,8
HUANCAVELICA,2011,MOTO,4
HUANCAVELICA,2011,OTROS,0
HUANCAVELICA,2012,AUTO,101
HUANCAVELICA,2012,CAMIONETA,29
HUANCAVELICA,2012,MICROBUS,3
HUANCAVELICA,2012,OMNIBUS,16
HUANCAVELICA,2012,CAMIÓN,8
HUANCAVELICA,2012,TRAYLER,3
HUANCAVELICA,2012,VOLQUETE,1
HUANCAVELICA,2012,BICICLETA,2
HUANCAVELICA,2012,FURGÓN,0
HUANCAVELICA,2012,TRICICLO,0
HUANCAVELICA,2012,MOTOKAR,0
HUANCAVELICA,2012,MOTO,19
HUANCAVELICA,2012,OTROS,11
HUANCAVELICA,2013,AUTO,46
HUANCAVELICA,2013,CAMIONETA,29
HUANCAVELICA,2013,MICROBUS,2
HUANCAVELICA,2013,OMNIBUS,3
HUANCAVELICA,2013,CAMIÓN,4
HUANCAVELICA,2013,TRAYLER,3
HUANCAVELICA,2013,VOLQUETE,3
HUANCAVELICA,2013,BICICLETA,0
HUANCAVELICA,2013,FURGÓN,2
HUANCAVELICA,2013,TRICICLO,0
HUANCAVELICA,2013,MOTOKAR,1
HUANCAVELICA,2013,MOTO,9
HUANCAVELICA,2013,OTROS,3
HUANCAVELICA,2014,AUTO,94
HUANCAVELICA,2014,CAMIONETA,49
HUANCAVELICA,2014,MICROBUS,10
HUANCAVELICA,2014,OMNIBUS,16
HUANCAVELICA,2014,CAMIÓN,10
HUANCAVELICA,2014,TRAYLER,1
HUANCAVELICA,2014,VOLQUETE,3
HUANCAVELICA,2014,BICICLETA,1
HUANCAVELICA,2014,FURGÓN,0
HUANCAVELICA,2014,TRICICLO,0
HUANCAVELICA,2014,MOTOKAR,5
HUANCAVELICA,2014,MOTO,17
HUANCAVELICA,2014,OTROS,33
HUANCAVELICA,2015,AUTOMOVIL,112
HUANCAVELICA,2015,STATION WAGON,20
HUANCAVELICA,2015,CAMIONETA PICKUP,62
HUANCAVELICA,2015,CAMIONETA RURAL,30
HUANCAVELICA,2015,CAMIONETA PANEL,2
HUANCAVELICA,2015,OMNIBUS,11
HUANCAVELICA,2015,CAMION,18
HUANCAVELICA,2015,REMOLCADOR,4
HUANCAVELICA,2015,REMOLQUE Y SEMIREMOLQUE,3
HUANCAVELICA,2015,VEHÍCULO NO IDENTIFICADO,2
HUANCAVELICA,2015,MOTO,19
HUANCAVELICA,2015,MOTOKAR,4
HUANCAVELICA,2015,TRICICLO,1
HUANCAVELICA,2015,FURGONETA,0
HUANCAVELICA,2015,BICICLETA,1
HUANCAVELICA,2015,VEHÍCULO IDENTIFICADO,0
HUANCAVELICA,2015,OTRO,3
HUANCAVELICA,2016,AUTOMOVIL,145
HUANCAVELICA,2016,STATION WAGON,15
HUANCAVELICA,2016,CAMIONETA PICKUP,46
HUANCAVELICA,2016,CAMIONETA RURAL,20
HUANCAVELICA,2016,CAMIONETA PANEL,3
HUANCAVELICA,2016,OMNIBUS,6
HUANCAVELICA,2016,CAMION,21
HUANCAVELICA,2016,REMOLCADOR,5
HUANCAVELICA,2016,REMOLQUE Y SEMIREMOLQUE,0
HUANCAVELICA,2016,VEHÍCULO NO IDENTIFICADO,7
HUANCAVELICA,2016,MOTO,41
HUANCAVELICA,2016,MOTOKAR,17
HUANCAVELICA,2016,TRICICLO,1
HUANCAVELICA,2016,FURGONETA,0
HUANCAVELICA,2016,BICICLETA,2
HUANCAVELICA,2016,VEHÍCULO IDENTIFICADO,0
HUANCAVELICA,2016,OTRO,18
HUANCAVELICA,2017,AUTOMOVIL,105
HUANCAVELICA,2017,STATION WAGON,26
HUANCAVELICA,2017,CAMIONETA PICKUP,23
HUANCAVELICA,2017,CAMIONETA RURAL,21
HUANCAVELICA,2017,CAMIONETA PANEL,1
HUANCAVELICA,2017,OMNIBUS,6
HUANCAVELICA,2017,CAMION,9
HUANCAVELICA,2017,REMOLCADOR,1
HUANCAVELICA,2017,REMOLQUE Y SEMIREMOLQUE,8
HUANCAVELICA,2017,VEHÍCULO NO IDENTIFICADO,8
HUANCAVELICA,2017,MOTO,21
HUANCAVELICA,2017,MOTOKAR,12
HUANCAVELICA,2017,TRICICLO,0
HUANCAVELICA,2017,FURGONETA,0
HUANCAVELICA,2017,BICICLETA,0
HUANCAVELICA,2017,VEHÍCULO IDENTIFICADO,0
HUANCAVELICA,2017,OTRO,11
HUANCAVELICA,2018,AUTOMOVIL,137
HUANCAVELICA,2018,STATION WAGON,11
HUANCAVELICA,2018,CAMIONETA PICKUP,32
HUANCAVELICA,2018,CAMIONETA RURAL,13
HUANCAVELICA,2018,CAMIONETA PANEL,2
HUANCAVELICA,2018,OMNIBUS,13
HUANCAVELICA,2018,CAMION,15
HUANCAVELICA,2018,REMOLCADOR,2
HUANCAVELICA,2018,REMOLQUE Y SEMIREMOLQUE,3
HUANCAVELICA,2018,VEHÍCULO NO IDENTIFICADO,3
HUANCAVELICA,2018,OTROS,19
HUANCAVELICA,2018,MOTO,13
HUANCAVELICA,2018,MOTOKAR,10
HUANCAVELICA,2018,TRICICLO,0
HUANCAVELICA,2018,FURGONETA,0
HUANCAVELICA,2018,BICICLETA,1
HUANCAVELICA,2018,VEHÍCULO IDENTIFICADO,2
HUANCAVELICA,2018,OTROS,10
HUANCAVELICA,2019,AUTOMOVIL,182
HUANCAVELICA,2019,STATION WAGON,9
HUANCAVELICA,2019,CAMIONETA PICKUP,31
HUANCAVELICA,2019,CAMIONETA RURAL,15
HUANCAVELICA,2019,CAMIONETA PANEL,1
HUANCAVELICA,2019,OMNIBUS,12
HUANCAVELICA,2019,CAMION,14
HUANCAVELICA,2019,REMOLCADOR,2
HUANCAVELICA,2019,REMOLQUE Y SEMIREMOLQUE,2
HUANCAVELICA,2019,VEHÍCULO NO IDENTIFICADO,1
HUANCAVELICA,2019,OTROS,10
HUANCAVELICA,2019,MOTO,27
HUANCAVELICA,2019,MOTOKAR,9
HUANCAVELICA,2019,TRICICLO,0
HUANCAVELICA,2019,FURGONETA,0
HUANCAVELICA,2019,BICICLETA,0
HUANCAVELICA,2019,VEHÍCULO IDENTIFICADO,3
HUANCAVELICA,2019,OTROS,12
HUANCAVELICA,2020,AUTOMOVIL,102
HUANCAVELICA,2020,STATION WAGON,3
HUANCAVELICA,2020,CAMIONETA PICKUP,23
HUANCAVELICA,2020,CAMIONETA RURAL,13
HUANCAVELICA,2020,CAMIONETA PANEL,4
HUANCAVELICA,2020,OMNIBUS,7
HUANCAVELICA,2020,CAMION,14
HUANCAVELICA,2020,REMOLCADOR,2
HUANCAVELICA,2020,REMOLQUE Y SEMIREMOLQUE,0
HUANCAVELICA,2020,VEHÍCULO NO IDENTIFICADO,1
HUANCAVELICA,2020,OTROS,4
HUANCAVELICA,2020,MOTO,16
HUANCAVELICA,2020,MOTOKAR,9
HUANCAVELICA,2020,TRICICLO,0
HUANCAVELICA,2020,FURGONETA,0
HUANCAVELICA,2020,BICICLETA,0
HUANCAVELICA,2020,VEHÍCULO IDENTIFICADO,0
HUANCAVELICA,2020,OTROS,4
HUANCAVELICA,2021,AUTOMOVIL,163
HUANCAVELICA,2021,STATION WAGON,5
HUANCAVELICA,2021,CAMIONETA PICKUP,34
HUANCAVELICA,2021,CAMIONETA RURAL,12
HUANCAVELICA,2021,CAMIONETA PANEL,4
HUANCAVELICA,2021,OMNIBUS,3
HUANCAVELICA,2021,CAMION,15
HUANCAVELICA,2021,REMOLCADOR,6
HUANCAVELICA,2021,REMOLQUE Y SEMIREMOLQUE,0
HUANCAVELICA,2021,VEHÍCULO NO IDENTIFICADO,1
HUANCAVELICA,2021,OTROS,12
HUANCAVELICA,2021,MOTO,37
HUANCAVELICA,2021,MOTOKAR,17
HUANCAVELICA,2021,TRICICLO,0
HUANCAVELICA,2021,FURGONETA,0
HUANCAVELICA,2021,BICICLETA,0
HUANCAVELICA,2021,VEHÍCULO IDENTIFICADO,0
HUANCAVELICA,2021,OTROS,8
HUANCAVELICA,2022,AUTOMOVIL,129
HUANCAVELICA,2022,STATION WAGON,0
HUANCAVELICA,2022,CAMIONETA PICKUP,28
HUANCAVELICA,2022,CAMIONETA RURAL,12
HUANCAVELICA,2022,CAMIONETA PANEL,1
HUANCAVELICA,2022,OMNIBUS,4
HUANCAVELICA,2022,CAMION,8
HUANCAVELICA,2022,REMOLCADOR,1
HUANCAVELICA,2022,REMOLQUE Y SEMIREMOLQUE,2
HUANCAVELICA,2022,VEHÍCULO NO IDENTIFICADO,0
HUANCAVELICA,2022,OTROS,7
HUANCAVELICA,2022,MOTO,50
HUANCAVELICA,2022,MOTOKAR,7
HUANCAVELICA,2022,TRICICLO,0
HUANCAVELICA,2022,FURGONETA,0
HUANCAVELICA,2022,BICICLETA,0
HUANCAVELICA,2022,VEHÍCULO IDENTIFICADO,1
HUANCAVELICA,2022,OTROS,6
HUANCAVELICA,2023,AUTOMOVIL,146
HUANCAVELICA,2023,STATION WAGON,0
HUANCAVELICA,2023,CAMIONETA PICKUP,32
HUANCAVELICA,2023,CAMIONETA RURAL,22
HUANCAVELICA,2023,CAMIONETA PANEL,1
HUANCAVELICA,2023,OMNIBUS,12
HUANCAVELICA,2023,CAMION,6
HUANCAVELICA,2023,REMOLCADOR,0
HUANCAVELICA,2023,REMOLQUE Y SEMIREMOLQUE,1
HUANCAVELICA,2023,VEHÍCULO NO IDENTIFICADO,1
HUANCAVELICA,2023,OTROS,7
HUANCAVELICA,2023,MOTO,30
HUANCAVELICA,2023,MOTOKAR,16
HUANCAVELICA,2023,TRICICLO,0
HUANCAVELICA,2023,FURGONETA,0
HUANCAVELICA,2023,BICICLETA,0
HUANCAVELICA,2023,VEHÍCULO IDENTIFICADO,0
HUANCAVELICA,2023,OTROS,5
HUANCAVELICA,2024,AUTOMOVIL,131
HUANCAVELICA,2024,STATION WAGON,1
HUANCAVELICA,2024,CAMIONETA PICKUP,28
HUANCAVELICA,2024,CAMIONETA RURAL,19
HUANCAVELICA,2024,CAMIONETA PANEL,0
HUANCAVELICA,2024,OMNIBUS,6
HUANCAVELICA,2024,CAMION,12
HUANCAVELICA,2024,REMOLCADOR,2
HUANCAVELICA,2024,REMOLQUE Y SEMIREMOLQUE,0
HUANCAVELICA,2024,VEHÍCULO NO IDENTIFICADO,0
HUANCAVELICA,2024,OTROS,6
HUANCAVELICA,2024,MOTO,25
HUANCAVELICA,2024,MOTOKAR,11
HUANCAVELICA,2024,TRICICLO,0
HUANCAVELICA,2024,FURGONETA,0
HUANCAVELICA,2024,BICICLETA,0
HUANCAVELICA,2024,VEHÍCULO IDENTIFICADO,0
HUANCAVELICA,2024,OTROS,3
HUANUCO,2008,AUTO,227
HUANUCO,2008,CAMIONETA,35
HUANUCO,2008,MICROBUS,6
HUANUCO,2008,OMNIBUS,10
HUANUCO,2008,CAMIÓN,29
HUANUCO,2008,TRAYLER,6
HUANUCO,2008,VOLQUETE,2
HUANUCO,2008,BICICLETA,12
HUANUCO,2008,FURGÓN,0
HUANUCO,2008,TRICICLO,11
HUANUCO,2008,MOTOKAR,124
HUANUCO,2008,MOTO,86
HUANUCO,2008,OTROS,17
HUANUCO,2009,AUTO,246
HUANUCO,2009,CAMIONETA,181
HUANUCO,2009,MICROBUS,4
HUANUCO,2009,OMNIBUS,26
HUANUCO,2009,CAMIÓN,34
HUANUCO,2009,TRAYLER,1
HUANUCO,2009,VOLQUETE,5
HUANUCO,2009,BICICLETA,13
HUANUCO,2009,FURGÓN,0
HUANUCO,2009,TRICICLO,0
HUANUCO,2009,MOTOKAR,213
HUANUCO,2009,MOTO,139
HUANUCO,2009,OTROS,25
HUANUCO,2010,AUTO,335
HUANUCO,2010,CAMIONETA,341
HUANUCO,2010,MICROBUS,5
HUANUCO,2010,OMNIBUS,7
HUANUCO,2010,CAMIÓN,8
HUANUCO,2010,TRAYLER,0
HUANUCO,2010,VOLQUETE,0
HUANUCO,2010,BICICLETA,0
HUANUCO,2010,FURGÓN,0
HUANUCO,2010,TRICICLO,0
HUANUCO,2010,MOTOKAR,132
HUANUCO,2010,MOTO,73
HUANUCO,2010,OTROS,87
HUANUCO,2011,AUTO,484
HUANUCO,2011,CAMIONETA,417
HUANUCO,2011,MICROBUS,5
HUANUCO,2011,OMNIBUS,9
HUANUCO,2011,CAMIÓN,19
HUANUCO,2011,TRAYLER,3
HUANUCO,2011,VOLQUETE,1
HUANUCO,2011,BICICLETA,3
HUANUCO,2011,FURGÓN,0
HUANUCO,2011,TRICICLO,3
HUANUCO,2011,MOTOKAR,295
HUANUCO,2011,MOTO,169
HUANUCO,2011,OTROS,5
HUANUCO,2012,AUTO,600
HUANUCO,2012,CAMIONETA,540
HUANUCO,2012,MICROBUS,1
HUANUCO,2012,OMNIBUS,25
HUANUCO,2012,CAMIÓN,29
HUANUCO,2012,TRAYLER,15
HUANUCO,2012,VOLQUETE,0
HUANUCO,2012,BICICLETA,5
HUANUCO,2012,FURGÓN,3
HUANUCO,2012,TRICICLO,8
HUANUCO,2012,MOTOKAR,314
HUANUCO,2012,MOTO,241
HUANUCO,2012,OTROS,58
HUANUCO,2013,AUTO,857
HUANUCO,2013,CAMIONETA,676
HUANUCO,2013,MICROBUS,3
HUANUCO,2013,OMNIBUS,13
HUANUCO,2013,CAMIÓN,31
HUANUCO,2013,TRAYLER,11
HUANUCO,2013,VOLQUETE,2
HUANUCO,2013,BICICLETA,3
HUANUCO,2013,FURGÓN,7
HUANUCO,2013,TRICICLO,0
HUANUCO,2013,MOTOKAR,504
HUANUCO,2013,MOTO,456
HUANUCO,2013,OTROS,67
HUANUCO,2014,AUTO,2200
HUANUCO,2014,CAMIONETA,1250
HUANUCO,2014,MICROBUS,890
HUANUCO,2014,OMNIBUS,152
HUANUCO,2014,CAMIÓN,197
HUANUCO,2014,TRAYLER,23
HUANUCO,2014,VOLQUETE,11
HUANUCO,2014,BICICLETA,8
HUANUCO,2014,FURGÓN,4
HUANUCO,2014,TRICICLO,1
HUANUCO,2014,MOTOKAR,949
HUANUCO,2014,MOTO,884
HUANUCO,2014,OTROS,47
HUANUCO,2015,AUTOMOVIL,1874
HUANUCO,2015,STATION WAGON,799
HUANUCO,2015,CAMIONETA PICKUP,176
HUANUCO,2015,CAMIONETA RURAL,484
HUANUCO,2015,CAMIONETA PANEL,49
HUANUCO,2015,OMNIBUS,112
HUANUCO,2015,CAMION,153
HUANUCO,2015,REMOLCADOR,13
HUANUCO,2015,REMOLQUE Y SEMIREMOLQUE,17
HUANUCO,2015,VEHÍCULO NO IDENTIFICADO,5
HUANUCO,2015,MOTO,364
HUANUCO,2015,MOTOKAR,524
HUANUCO,2015,TRICICLO,0
HUANUCO,2015,FURGONETA,0
HUANUCO,2015,BICICLETA,0
HUANUCO,2015,VEHÍCULO IDENTIFICADO,1
HUANUCO,2015,OTRO,10
HUANUCO,2016,AUTOMOVIL,1587
HUANUCO,2016,STATION WAGON,740
HUANUCO,2016,CAMIONETA PICKUP,155
HUANUCO,2016,CAMIONETA RURAL,339
HUANUCO,2016,CAMIONETA PANEL,148
HUANUCO,2016,OMNIBUS,130
HUANUCO,2016,CAMION,152
HUANUCO,2016,REMOLCADOR,52
HUANUCO,2016,REMOLQUE Y SEMIREMOLQUE,5
HUANUCO,2016,VEHÍCULO NO IDENTIFICADO,5
HUANUCO,2016,MOTO,228
HUANUCO,2016,MOTOKAR,412
HUANUCO,2016,TRICICLO,0
HUANUCO,2016,FURGONETA,0
HUANUCO,2016,BICICLETA,0
HUANUCO,2016,VEHÍCULO IDENTIFICADO,2
HUANUCO,2016,OTRO,6
HUANUCO,2017,AUTOMOVIL,1176
HUANUCO,2017,STATION WAGON,494
HUANUCO,2017,CAMIONETA PICKUP,252
HUANUCO,2017,CAMIONETA RURAL,194
HUANUCO,2017,CAMIONETA PANEL,61
HUANUCO,2017,OMNIBUS,38
HUANUCO,2017,CAMION,114
HUANUCO,2017,REMOLCADOR,26
HUANUCO,2017,REMOLQUE Y SEMIREMOLQUE,15
HUANUCO,2017,VEHÍCULO NO IDENTIFICADO,7
HUANUCO,2017,MOTO,496
HUANUCO,2017,MOTOKAR,357
HUANUCO,2017,TRICICLO,2
HUANUCO,2017,FURGONETA,8
HUANUCO,2017,BICICLETA,5
HUANUCO,2017,VEHÍCULO IDENTIFICADO,8
HUANUCO,2017,OTRO,19
HUANUCO,2018,AUTOMOVIL,425
HUANUCO,2018,STATION WAGON,89
HUANUCO,2018,CAMIONETA PICKUP,35
HUANUCO,2018,CAMIONETA RURAL,44
HUANUCO,2018,CAMIONETA PANEL,15
HUANUCO,2018,OMNIBUS,32
HUANUCO,2018,CAMION,66
HUANUCO,2018,REMOLCADOR,1
HUANUCO,2018,REMOLQUE Y SEMIREMOLQUE,10
HUANUCO,2018,VEHÍCULO NO IDENTIFICADO,5
HUANUCO,2018,OTROS,25
HUANUCO,2018,MOTO,253
HUANUCO,2018,MOTOKAR,161
HUANUCO,2018,TRICICLO,2
HUANUCO,2018,FURGONETA,17
HUANUCO,2018,BICICLETA,3
HUANUCO,2018,VEHÍCULO IDENTIFICADO,0
HUANUCO,2018,OTROS,26
HUANUCO,2019,AUTOMOVIL,487
HUANUCO,2019,STATION WAGON,100
HUANUCO,2019,CAMIONETA PICKUP,36
HUANUCO,2019,CAMIONETA RURAL,33
HUANUCO,2019,CAMIONETA PANEL,2
HUANUCO,2019,OMNIBUS,21
HUANUCO,2019,CAMION,64
HUANUCO,2019,REMOLCADOR,15
HUANUCO,2019,REMOLQUE Y SEMIREMOLQUE,12
HUANUCO,2019,VEHÍCULO NO IDENTIFICADO,12
HUANUCO,2019,OTROS,52
HUANUCO,2019,MOTO,443
HUANUCO,2019,MOTOKAR,264
HUANUCO,2019,TRICICLO,8
HUANUCO,2019,FURGONETA,5
HUANUCO,2019,BICICLETA,4
HUANUCO,2019,VEHÍCULO IDENTIFICADO,2
HUANUCO,2019,OTROS,59
HUANUCO,2020,AUTOMOVIL,262
HUANUCO,2020,STATION WAGON,34
HUANUCO,2020,CAMIONETA PICKUP,52
HUANUCO,2020,CAMIONETA RURAL,28
HUANUCO,2020,CAMIONETA PANEL,4
HUANUCO,2020,OMNIBUS,13
HUANUCO,2020,CAMION,40
HUANUCO,2020,REMOLCADOR,10
HUANUCO,2020,REMOLQUE Y SEMIREMOLQUE,9
HUANUCO,2020,VEHÍCULO NO IDENTIFICADO,2
HUANUCO,2020,OTROS,26
HUANUCO,2020,MOTO,398
HUANUCO,2020,MOTOKAR,253
HUANUCO,2020,TRICICLO,1
HUANUCO,2020,FURGONETA,6
HUANUCO,2020,BICICLETA,5
HUANUCO,2020,VEHÍCULO IDENTIFICADO,6
HUANUCO,2020,OTROS,10
HUANUCO,2021,AUTOMOVIL,399
HUANUCO,2021,STATION WAGON,63
HUANUCO,2021,CAMIONETA PICKUP,65
HUANUCO,2021,CAMIONETA RURAL,44
HUANUCO,2021,CAMIONETA PANEL,8
HUANUCO,2021,OMNIBUS,7
HUANUCO,2021,CAMION,69
HUANUCO,2021,REMOLCADOR,16
HUANUCO,2021,REMOLQUE Y SEMIREMOLQUE,26
HUANUCO,2021,VEHÍCULO NO IDENTIFICADO,1
HUANUCO,2021,OTROS,35
HUANUCO,2021,MOTO,553
HUANUCO,2021,MOTOKAR,410
HUANUCO,2021,TRICICLO,1
HUANUCO,2021,FURGONETA,14
HUANUCO,2021,BICICLETA,11
HUANUCO,2021,VEHÍCULO IDENTIFICADO,1
HUANUCO,2021,OTROS,45
HUANUCO,2022,AUTOMOVIL,496
HUANUCO,2022,STATION WAGON,42
HUANUCO,2022,CAMIONETA PICKUP,71
HUANUCO,2022,CAMIONETA RURAL,64
HUANUCO,2022,CAMIONETA PANEL,11
HUANUCO,2022,OMNIBUS,22
HUANUCO,2022,CAMION,70
HUANUCO,2022,REMOLCADOR,25
HUANUCO,2022,REMOLQUE Y SEMIREMOLQUE,22
HUANUCO,2022,VEHÍCULO NO IDENTIFICADO,5
HUANUCO,2022,OTROS,53
HUANUCO,2022,MOTO,485
HUANUCO,2022,MOTOKAR,337
HUANUCO,2022,TRICICLO,5
HUANUCO,2022,FURGONETA,14
HUANUCO,2022,BICICLETA,5
HUANUCO,2022,VEHÍCULO IDENTIFICADO,6
HUANUCO,2022,OTROS,76
HUANUCO,2023,AUTOMOVIL,495
HUANUCO,2023,STATION WAGON,78
HUANUCO,2023,CAMIONETA PICKUP,101
HUANUCO,2023,CAMIONETA RURAL,29
HUANUCO,2023,CAMIONETA PANEL,13
HUANUCO,2023,OMNIBUS,11
HUANUCO,2023,CAMION,53
HUANUCO,2023,REMOLCADOR,11
HUANUCO,2023,REMOLQUE Y SEMIREMOLQUE,17
HUANUCO,2023,VEHÍCULO NO IDENTIFICADO,2
HUANUCO,2023,OTROS,30
HUANUCO,2023,MOTO,616
HUANUCO,2023,MOTOKAR,323
HUANUCO,2023,TRICICLO,4
HUANUCO,2023,FURGONETA,13
HUANUCO,2023,BICICLETA,7
HUANUCO,2023,VEHÍCULO IDENTIFICADO,1
HUANUCO,2023,OTROS,133
HUANUCO,2024,AUTOMOVIL,396
HUANUCO,2024,STATION WAGON,68
HUANUCO,2024,CAMIONETA PICKUP,100
HUANUCO,2024,CAMIONETA RURAL,47
HUANUCO,2024,CAMIONETA PANEL,12
HUANUCO,2024,OMNIBUS,7
HUANUCO,2024,CAMION,53
HUANUCO,2024,REMOLCADOR,14
HUANUCO,2024,REMOLQUE Y SEMIREMOLQUE,7
HUANUCO,2024,VEHÍCULO NO IDENTIFICADO,2
HUANUCO,2024,OTROS,99
HUANUCO,2024,MOTO,461
HUANUCO,2024,MOTOKAR,250
HUANUCO,2024,TRICICLO,2
HUANUCO,2024,FURGONETA,11
HUANUCO,2024,BICICLETA,2
HUANUCO,2024,VEHÍCULO IDENTIFICADO,4
HUANUCO,2024,OTROS,64
ICA,2008,AUTO,924
ICA,2008,CAMIONETA,340
ICA,2008,MICROBUS,28
ICA,2008,OMNIBUS,85
ICA,2008,CAMIÓN,135
ICA,2008,TRAYLER,37
ICA,2008,VOLQUETE,12
ICA,2008,BICICLETA,45
ICA,2008,FURGÓN,0
ICA,2008,TRICICLO,18
ICA,2008,MOTOKAR,427
ICA,2008,MOTO,90
ICA,2008,OTROS,48
ICA,2009,AUTO,908
ICA,2009,CAMIONETA,304
ICA,2009,MICROBUS,25
ICA,2009,OMNIBUS,47
ICA,2009,CAMIÓN,136
ICA,2009,TRAYLER,25
ICA,2009,VOLQUETE,12
ICA,2009,BICICLETA,26
ICA,2009,FURGÓN,6
ICA,2009,TRICICLO,6
ICA,2009,MOTOKAR,532
ICA,2009,MOTO,187
ICA,2009,OTROS,68
ICA,2010,AUTO,983
ICA,2010,CAMIONETA,313
ICA,2010,MICROBUS,13
ICA,2010,OMNIBUS,56
ICA,2010,CAMIÓN,124
ICA,2010,TRAYLER,39
ICA,2010,VOLQUETE,17
ICA,2010,BICICLETA,24
ICA,2010,FURGÓN,9
ICA,2010,TRICICLO,14
ICA,2010,MOTOKAR,508
ICA,2010,MOTO,244
ICA,2010,OTROS,70
ICA,2011,AUTO,1044
ICA,2011,CAMIONETA,283
ICA,2011,MICROBUS,6
ICA,2011,OMNIBUS,63
ICA,2011,CAMIÓN,75
ICA,2011,TRAYLER,16
ICA,2011,VOLQUETE,6
ICA,2011,BICICLETA,5
ICA,2011,FURGÓN,3
ICA,2011,TRICICLO,7
ICA,2011,MOTOKAR,459
ICA,2011,MOTO,200
ICA,2011,OTROS,72
ICA,2012,AUTO,954
ICA,2012,CAMIONETA,346
ICA,2012,MICROBUS,20
ICA,2012,OMNIBUS,58
ICA,2012,CAMIÓN,126
ICA,2012,TRAYLER,27
ICA,2012,VOLQUETE,10
ICA,2012,BICICLETA,13
ICA,2012,FURGÓN,3
ICA,2012,TRICICLO,11
ICA,2012,MOTOKAR,369
ICA,2012,MOTO,240
ICA,2012,OTROS,239
ICA,2013,AUTO,1110
ICA,2013,CAMIONETA,365
ICA,2013,MICROBUS,19
ICA,2013,OMNIBUS,72
ICA,2013,CAMIÓN,102
ICA,2013,TRAYLER,29
ICA,2013,VOLQUETE,9
ICA,2013,BICICLETA,12
ICA,2013,FURGÓN,8
ICA,2013,TRICICLO,13
ICA,2013,MOTOKAR,548
ICA,2013,MOTO,367
ICA,2013,OTROS,119
ICA,2014,AUTO,1020
ICA,2014,CAMIONETA,352
ICA,2014,MICROBUS,42
ICA,2014,OMNIBUS,54
ICA,2014,CAMIÓN,91
ICA,2014,TRAYLER,35
ICA,2014,VOLQUETE,13
ICA,2014,BICICLETA,9
ICA,2014,FURGÓN,5
ICA,2014,TRICICLO,13
ICA,2014,MOTOKAR,471
ICA,2014,MOTO,228
ICA,2014,OTROS,61
ICA,2015,AUTOMOVIL,756
ICA,2015,STATION WAGON,108
ICA,2015,CAMIONETA PICKUP,118
ICA,2015,CAMIONETA RURAL,128
ICA,2015,CAMIONETA PANEL,7
ICA,2015,OMNIBUS,55
ICA,2015,CAMION,85
ICA,2015,REMOLCADOR,30
ICA,2015,REMOLQUE Y SEMIREMOLQUE,8
ICA,2015,VEHÍCULO NO IDENTIFICADO,12
ICA,2015,MOTO,279
ICA,2015,MOTOKAR,251
ICA,2015,TRICICLO,6
ICA,2015,FURGONETA,3
ICA,2015,BICICLETA,10
ICA,2015,VEHÍCULO IDENTIFICADO,2
ICA,2015,OTRO,67
ICA,2016,AUTOMOVIL,587
ICA,2016,STATION WAGON,49
ICA,2016,CAMIONETA PICKUP,129
ICA,2016,CAMIONETA RURAL,86
ICA,2016,CAMIONETA PANEL,8
ICA,2016,OMNIBUS,56
ICA,2016,CAMION,49
ICA,2016,REMOLCADOR,40
ICA,2016,REMOLQUE Y SEMIREMOLQUE,42
ICA,2016,VEHÍCULO NO IDENTIFICADO,24
ICA,2016,MOTO,237
ICA,2016,MOTOKAR,108
ICA,2016,TRICICLO,5
ICA,2016,FURGONETA,0
ICA,2016,BICICLETA,21
ICA,2016,VEHÍCULO IDENTIFICADO,5
ICA,2016,OTRO,89
ICA,2017,AUTOMOVIL,637
ICA,2017,STATION WAGON,69
ICA,2017,CAMIONETA PICKUP,191
ICA,2017,CAMIONETA RURAL,72
ICA,2017,CAMIONETA PANEL,11
ICA,2017,OMNIBUS,63
ICA,2017,CAMION,75
ICA,2017,REMOLCADOR,42
ICA,2017,REMOLQUE Y SEMIREMOLQUE,41
ICA,2017,VEHÍCULO NO IDENTIFICADO,33
ICA,2017,MOTO,276
ICA,2017,MOTOKAR,95
ICA,2017,TRICICLO,5
ICA,2017,FURGONETA,0
ICA,2017,BICICLETA,18
ICA,2017,VEHÍCULO IDENTIFICADO,5
ICA,2017,OTRO,71
ICA,2018,AUTOMOVIL,699
ICA,2018,STATION WAGON,61
ICA,2018,CAMIONETA PICKUP,131
ICA,2018,CAMIONETA RURAL,69
ICA,2018,CAMIONETA PANEL,28
ICA,2018,OMNIBUS,53
ICA,2018,CAMION,107
ICA,2018,REMOLCADOR,40
ICA,2018,REMOLQUE Y SEMIREMOLQUE,35
ICA,2018,VEHÍCULO NO IDENTIFICADO,8
ICA,2018,OTROS,129
ICA,2018,MOTO,259
ICA,2018,MOTOKAR,129
ICA,2018,TRICICLO,4
ICA,2018,FURGONETA,2
ICA,2018,BICICLETA,10
ICA,2018,VEHÍCULO IDENTIFICADO,3
ICA,2018,OTROS,97
ICA,2019,AUTOMOVIL,1001
ICA,2019,STATION WAGON,57
ICA,2019,CAMIONETA PICKUP,175
ICA,2019,CAMIONETA RURAL,67
ICA,2019,CAMIONETA PANEL,30
ICA,2019,OMNIBUS,57
ICA,2019,CAMION,87
ICA,2019,REMOLCADOR,41
ICA,2019,REMOLQUE Y SEMIREMOLQUE,43
ICA,2019,VEHÍCULO NO IDENTIFICADO,11
ICA,2019,OTROS,177
ICA,2019,MOTO,316
ICA,2019,MOTOKAR,177
ICA,2019,TRICICLO,7
ICA,2019,FURGONETA,0
ICA,2019,BICICLETA,17
ICA,2019,VEHÍCULO IDENTIFICADO,21
ICA,2019,OTROS,277
ICA,2020,AUTOMOVIL,617
ICA,2020,STATION WAGON,33
ICA,2020,CAMIONETA PICKUP,87
ICA,2020,CAMIONETA RURAL,51
ICA,2020,CAMIONETA PANEL,4
ICA,2020,OMNIBUS,17
ICA,2020,CAMION,70
ICA,2020,REMOLCADOR,21
ICA,2020,REMOLQUE Y SEMIREMOLQUE,19
ICA,2020,VEHÍCULO NO IDENTIFICADO,9
ICA,2020,OTROS,71
ICA,2020,MOTO,237
ICA,2020,MOTOKAR,27
ICA,2020,TRICICLO,8
ICA,2020,FURGONETA,0
ICA,2020,BICICLETA,9
ICA,2020,VEHÍCULO IDENTIFICADO,14
ICA,2020,OTROS,187
ICA,2021,AUTOMOVIL,915
ICA,2021,STATION WAGON,54
ICA,2021,CAMIONETA PICKUP,119
ICA,2021,CAMIONETA RURAL,76
ICA,2021,CAMIONETA PANEL,7
ICA,2021,OMNIBUS,31
ICA,2021,CAMION,91
ICA,2021,REMOLCADOR,26
ICA,2021,REMOLQUE Y SEMIREMOLQUE,29
ICA,2021,VEHÍCULO NO IDENTIFICADO,16
ICA,2021,OTROS,212
ICA,2021,MOTO,393
ICA,2021,MOTOKAR,52
ICA,2021,TRICICLO,8
ICA,2021,FURGONETA,0
ICA,2021,BICICLETA,10
ICA,2021,VEHÍCULO IDENTIFICADO,7
ICA,2021,OTROS,286
ICA,2022,AUTOMOVIL,1224
ICA,2022,STATION WAGON,115
ICA,2022,CAMIONETA PICKUP,188
ICA,2022,CAMIONETA RURAL,159
ICA,2022,CAMIONETA PANEL,9
ICA,2022,OMNIBUS,28
ICA,2022,CAMION,120
ICA,2022,REMOLCADOR,39
ICA,2022,REMOLQUE Y SEMIREMOLQUE,13
ICA,2022,VEHÍCULO NO IDENTIFICADO,22
ICA,2022,OTROS,205
ICA,2022,MOTO,502
ICA,2022,MOTOKAR,126
ICA,2022,TRICICLO,6
ICA,2022,FURGONETA,0
ICA,2022,BICICLETA,9
ICA,2022,VEHÍCULO IDENTIFICADO,4
ICA,2022,OTROS,285
ICA,2023,AUTOMOVIL,1277
ICA,2023,STATION WAGON,248
ICA,2023,CAMIONETA PICKUP,303
ICA,2023,CAMIONETA RURAL,122
ICA,2023,CAMIONETA PANEL,7
ICA,2023,OMNIBUS,36
ICA,2023,CAMION,71
ICA,2023,REMOLCADOR,31
ICA,2023,REMOLQUE Y SEMIREMOLQUE,21
ICA,2023,VEHÍCULO NO IDENTIFICADO,40
ICA,2023,OTROS,127
ICA,2023,MOTO,499
ICA,2023,MOTOKAR,177
ICA,2023,TRICICLO,6
ICA,2023,FURGONETA,0
ICA,2023,BICICLETA,19
ICA,2023,VEHÍCULO IDENTIFICADO,0
ICA,2023,OTROS,258
ICA,2024,AUTOMOVIL,1626
ICA,2024,STATION WAGON,65
ICA,2024,CAMIONETA PICKUP,225
ICA,2024,CAMIONETA RURAL,107
ICA,2024,CAMIONETA PANEL,11
ICA,2024,OMNIBUS,54
ICA,2024,CAMION,78
ICA,2024,REMOLCADOR,32
ICA,2024,REMOLQUE Y SEMIREMOLQUE,15
ICA,2024,VEHÍCULO NO IDENTIFICADO,7
ICA,2024,OTROS,171
ICA,2024,MOTO,578
ICA,2024,MOTOKAR,148
ICA,2024,TRICICLO,11
ICA,2024,FURGONETA,1
ICA,2024,BICICLETA,16
ICA,2024,VEHÍCULO IDENTIFICADO,3
ICA,2024,OTROS,303
JUNIN,2008,AUTO,722
JUNIN,2008,CAMIONETA,387
JUNIN,2008,MICROBUS,195
JUNIN,2008,OMNIBUS,99
JUNIN,2008,CAMIÓN,185
JUNIN,2008,TRAYLER,33
JUNIN,2008,VOLQUETE,19
JUNIN,2008,BICICLETA,63
JUNIN,2008,FURGÓN,3
JUNIN,2008,TRICICLO,21
JUNIN,2008,MOTOKAR,197
JUNIN,2008,MOTO,66
JUNIN,2008,OTROS,386
JUNIN,2009,AUTO,804
JUNIN,2009,CAMIONETA,421
JUNIN,2009,MICROBUS,111
JUNIN,2009,OMNIBUS,92
JUNIN,2009,CAMIÓN,141
JUNIN,2009,TRAYLER,17
JUNIN,2009,VOLQUETE,12
JUNIN,2009,BICICLETA,72
JUNIN,2009,FURGÓN,1
JUNIN,2009,TRICICLO,56
JUNIN,2009,MOTOKAR,175
JUNIN,2009,MOTO,104
JUNIN,2009,OTROS,285
JUNIN,2010,AUTO,1246
JUNIN,2010,CAMIONETA,357
JUNIN,2010,MICROBUS,160
JUNIN,2010,OMNIBUS,146
JUNIN,2010,CAMIÓN,130
JUNIN,2010,TRAYLER,17
JUNIN,2010,VOLQUETE,11
JUNIN,2010,BICICLETA,51
JUNIN,2010,FURGÓN,1
JUNIN,2010,TRICICLO,39
JUNIN,2010,MOTOKAR,182
JUNIN,2010,MOTO,117
JUNIN,2010,OTROS,222
JUNIN,2011,AUTO,1300
JUNIN,2011,CAMIONETA,450
JUNIN,2011,MICROBUS,102
JUNIN,2011,OMNIBUS,118
JUNIN,2011,CAMIÓN,144
JUNIN,2011,TRAYLER,33
JUNIN,2011,VOLQUETE,29
JUNIN,2011,BICICLETA,77
JUNIN,2011,FURGÓN,0
JUNIN,2011,TRICICLO,26
JUNIN,2011,MOTOKAR,191
JUNIN,2011,MOTO,255
JUNIN,2011,OTROS,55
JUNIN,2012,AUTO,1669
JUNIN,2012,CAMIONETA,627
JUNIN,2012,MICROBUS,185
JUNIN,2012,OMNIBUS,160
JUNIN,2012,CAMIÓN,170
JUNIN,2012,TRAYLER,50
JUNIN,2012,VOLQUETE,13
JUNIN,2012,BICICLETA,97
JUNIN,2012,FURGÓN,7
JUNIN,2012,TRICICLO,7
JUNIN,2012,MOTOKAR,420
JUNIN,2012,MOTO,509
JUNIN,2012,OTROS,119
JUNIN,2013,AUTO,2000
JUNIN,2013,CAMIONETA,679
JUNIN,2013,MICROBUS,112
JUNIN,2013,OMNIBUS,104
JUNIN,2013,CAMIÓN,168
JUNIN,2013,TRAYLER,54
JUNIN,2013,VOLQUETE,7
JUNIN,2013,BICICLETA,117
JUNIN,2013,FURGÓN,13
JUNIN,2013,TRICICLO,25
JUNIN,2013,MOTOKAR,412
JUNIN,2013,MOTO,575
JUNIN,2013,OTROS,197
JUNIN,2014,AUTO,1244
JUNIN,2014,CAMIONETA,538
JUNIN,2014,MICROBUS,276
JUNIN,2014,OMNIBUS,89
JUNIN,2014,CAMIÓN,171
JUNIN,2014,TRAYLER,19
JUNIN,2014,VOLQUETE,28
JUNIN,2014,BICICLETA,45
JUNIN,2014,FURGÓN,8
JUNIN,2014,TRICICLO,7
JUNIN,2014,MOTOKAR,417
JUNIN,2014,MOTO,552
JUNIN,2014,OTROS,113
JUNIN,2015,AUTOMOVIL,1090
JUNIN,2015,STATION WAGON,302
JUNIN,2015,CAMIONETA PICKUP,287
JUNIN,2015,CAMIONETA RURAL,245
JUNIN,2015,CAMIONETA PANEL,3
JUNIN,2015,OMNIBUS,101
JUNIN,2015,CAMION,155
JUNIN,2015,REMOLCADOR,77
JUNIN,2015,REMOLQUE Y SEMIREMOLQUE,37
JUNIN,2015,VEHÍCULO NO IDENTIFICADO,91
JUNIN,2015,MOTO,413
JUNIN,2015,MOTOKAR,319
JUNIN,2015,TRICICLO,5
JUNIN,2015,FURGONETA,2
JUNIN,2015,BICICLETA,8
JUNIN,2015,VEHÍCULO IDENTIFICADO,10
JUNIN,2015,OTRO,36
JUNIN,2016,AUTOMOVIL,1164
JUNIN,2016,STATION WAGON,239
JUNIN,2016,CAMIONETA PICKUP,288
JUNIN,2016,CAMIONETA RURAL,234
JUNIN,2016,CAMIONETA PANEL,14
JUNIN,2016,OMNIBUS,68
JUNIN,2016,CAMION,189
JUNIN,2016,REMOLCADOR,36
JUNIN,2016,REMOLQUE Y SEMIREMOLQUE,13
JUNIN,2016,VEHÍCULO NO IDENTIFICADO,41
JUNIN,2016,MOTO,550
JUNIN,2016,MOTOKAR,330
JUNIN,2016,TRICICLO,4
JUNIN,2016,FURGONETA,3
JUNIN,2016,BICICLETA,8
JUNIN,2016,VEHÍCULO IDENTIFICADO,4
JUNIN,2016,OTRO,42
JUNIN,2017,AUTOMOVIL,1195
JUNIN,2017,STATION WAGON,246
JUNIN,2017,CAMIONETA PICKUP,356
JUNIN,2017,CAMIONETA RURAL,228
JUNIN,2017,CAMIONETA PANEL,40
JUNIN,2017,OMNIBUS,117
JUNIN,2017,CAMION,195
JUNIN,2017,REMOLCADOR,27
JUNIN,2017,REMOLQUE Y SEMIREMOLQUE,26
JUNIN,2017,VEHÍCULO NO IDENTIFICADO,27
JUNIN,2017,MOTO,462
JUNIN,2017,MOTOKAR,262
JUNIN,2017,TRICICLO,7
JUNIN,2017,FURGONETA,0
JUNIN,2017,BICICLETA,12
JUNIN,2017,VEHÍCULO IDENTIFICADO,7
JUNIN,2017,OTRO,50
JUNIN,2018,AUTOMOVIL,1292
JUNIN,2018,STATION WAGON,198
JUNIN,2018,CAMIONETA PICKUP,396
JUNIN,2018,CAMIONETA RURAL,177
JUNIN,2018,CAMIONETA PANEL,62
JUNIN,2018,OMNIBUS,104
JUNIN,2018,CAMION,145
JUNIN,2018,REMOLCADOR,47
JUNIN,2018,REMOLQUE Y SEMIREMOLQUE,18
JUNIN,2018,VEHÍCULO NO IDENTIFICADO,19
JUNIN,2018,OTROS,107
JUNIN,2018,MOTO,395
JUNIN,2018,MOTOKAR,231
JUNIN,2018,TRICICLO,6
JUNIN,2018,FURGONETA,0
JUNIN,2018,BICICLETA,9
JUNIN,2018,VEHÍCULO IDENTIFICADO,7
JUNIN,2018,OTROS,51
JUNIN,2019,AUTOMOVIL,1574
JUNIN,2019,STATION WAGON,288
JUNIN,2019,CAMIONETA PICKUP,459
JUNIN,2019,CAMIONETA RURAL,263
JUNIN,2019,CAMIONETA PANEL,80
JUNIN,2019,OMNIBUS,117
JUNIN,2019,CAMION,221
JUNIN,2019,REMOLCADOR,54
JUNIN,2019,REMOLQUE Y SEMIREMOLQUE,33
JUNIN,2019,VEHÍCULO NO IDENTIFICADO,29
JUNIN,2019,OTROS,126
JUNIN,2019,MOTO,544
JUNIN,2019,MOTOKAR,363
JUNIN,2019,TRICICLO,2
JUNIN,2019,FURGONETA,2
JUNIN,2019,BICICLETA,24
JUNIN,2019,VEHÍCULO IDENTIFICADO,3
JUNIN,2019,OTROS,48
JUNIN,2020,AUTOMOVIL,1159
JUNIN,2020,STATION WAGON,177
JUNIN,2020,CAMIONETA PICKUP,331
JUNIN,2020,CAMIONETA RURAL,185
JUNIN,2020,CAMIONETA PANEL,60
JUNIN,2020,OMNIBUS,52
JUNIN,2020,CAMION,186
JUNIN,2020,REMOLCADOR,65
JUNIN,2020,REMOLQUE Y SEMIREMOLQUE,32
JUNIN,2020,VEHÍCULO NO IDENTIFICADO,41
JUNIN,2020,OTROS,74
JUNIN,2020,MOTO,512
JUNIN,2020,MOTOKAR,209
JUNIN,2020,TRICICLO,4
JUNIN,2020,FURGONETA,1
JUNIN,2020,BICICLETA,90
JUNIN,2020,VEHÍCULO IDENTIFICADO,3
JUNIN,2020,OTROS,52
JUNIN,2021,AUTOMOVIL,1622
JUNIN,2021,STATION WAGON,186
JUNIN,2021,CAMIONETA PICKUP,390
JUNIN,2021,CAMIONETA RURAL,319
JUNIN,2021,CAMIONETA PANEL,71
JUNIN,2021,OMNIBUS,63
JUNIN,2021,CAMION,260
JUNIN,2021,REMOLCADOR,89
JUNIN,2021,REMOLQUE Y SEMIREMOLQUE,19
JUNIN,2021,VEHÍCULO NO IDENTIFICADO,31
JUNIN,2021,OTROS,111
JUNIN,2021,MOTO,897
JUNIN,2021,MOTOKAR,319
JUNIN,2021,TRICICLO,5
JUNIN,2021,FURGONETA,4
JUNIN,2021,BICICLETA,41
JUNIN,2021,VEHÍCULO IDENTIFICADO,3
JUNIN,2021,OTROS,93
JUNIN,2022,AUTOMOVIL,2064
JUNIN,2022,STATION WAGON,322
JUNIN,2022,CAMIONETA PICKUP,470
JUNIN,2022,CAMIONETA RURAL,362
JUNIN,2022,CAMIONETA PANEL,110
JUNIN,2022,OMNIBUS,156
JUNIN,2022,CAMION,258
JUNIN,2022,REMOLCADOR,117
JUNIN,2022,REMOLQUE Y SEMIREMOLQUE,14
JUNIN,2022,VEHÍCULO NO IDENTIFICADO,7
JUNIN,2022,OTROS,112
JUNIN,2022,MOTO,912
JUNIN,2022,MOTOKAR,310
JUNIN,2022,TRICICLO,5
JUNIN,2022,FURGONETA,5
JUNIN,2022,BICICLETA,35
JUNIN,2022,VEHÍCULO IDENTIFICADO,4
JUNIN,2022,OTROS,41
JUNIN,2023,AUTOMOVIL,2296
JUNIN,2023,STATION WAGON,449
JUNIN,2023,CAMIONETA PICKUP,451
JUNIN,2023,CAMIONETA RURAL,283
JUNIN,2023,CAMIONETA PANEL,131
JUNIN,2023,OMNIBUS,112
JUNIN,2023,CAMION,257
JUNIN,2023,REMOLCADOR,104
JUNIN,2023,REMOLQUE Y SEMIREMOLQUE,11
JUNIN,2023,VEHÍCULO NO IDENTIFICADO,43
JUNIN,2023,OTROS,65
JUNIN,2023,MOTO,996
JUNIN,2023,MOTOKAR,332
JUNIN,2023,TRICICLO,2
JUNIN,2023,FURGONETA,4
JUNIN,2023,BICICLETA,36
JUNIN,2023,VEHÍCULO IDENTIFICADO,6
JUNIN,2023,OTROS,59
JUNIN,2024,AUTOMOVIL,1874
JUNIN,2024,STATION WAGON,359
JUNIN,2024,CAMIONETA PICKUP,296
JUNIN,2024,CAMIONETA RURAL,300
JUNIN,2024,CAMIONETA PANEL,47
JUNIN,2024,OMNIBUS,103
JUNIN,2024,CAMION,187
JUNIN,2024,REMOLCADOR,57
JUNIN,2024,REMOLQUE Y SEMIREMOLQUE,49
JUNIN,2024,VEHÍCULO NO IDENTIFICADO,52
JUNIN,2024,OTROS,108
JUNIN,2024,MOTO,744
JUNIN,2024,MOTOKAR,274
JUNIN,2024,TRICICLO,3
JUNIN,2024,FURGONETA,1
JUNIN,2024,BICICLETA,24
JUNIN,2024,VEHÍCULO IDENTIFICADO,7
JUNIN,2024,OTROS,40
LA LIBERTAD,2008,AUTO,2042
LA LIBERTAD,2008,CAMIONETA,1471
LA LIBERTAD,2008,MICROBUS,405
LA LIBERTAD,2008,OMNIBUS,411
LA LIBERTAD,2008,CAMIÓN,390
LA LIBERTAD,2008,TRAYLER,146
LA LIBERTAD,2008,VOLQUETE,37
LA LIBERTAD,2008,BICICLETA,168
LA LIBERTAD,2008,FURGÓN,45
LA LIBERTAD,2008,TRICICLO,89
LA LIBERTAD,2008,MOTOKAR,418
LA LIBERTAD,2008,MOTO,373
LA LIBERTAD,2008,OTROS,236
LA LIBERTAD,2009,AUTO,2038
LA LIBERTAD,2009,CAMIONETA,1100
LA LIBERTAD,2009,MICROBUS,330
LA LIBERTAD,2009,OMNIBUS,260
LA LIBERTAD,2009,CAMIÓN,292
LA LIBERTAD,2009,TRAYLER,50
LA LIBERTAD,2009,VOLQUETE,13
LA LIBERTAD,2009,BICICLETA,111
LA LIBERTAD,2009,FURGÓN,13
LA LIBERTAD,2009,TRICICLO,52
LA LIBERTAD,2009,MOTOKAR,426
LA LIBERTAD,2009,MOTO,607
LA LIBERTAD,2009,OTROS,214
LA LIBERTAD,2010,AUTO,1886
LA LIBERTAD,2010,CAMIONETA,922
LA LIBERTAD,2010,MICROBUS,279
LA LIBERTAD,2010,OMNIBUS,205
LA LIBERTAD,2010,CAMIÓN,311
LA LIBERTAD,2010,TRAYLER,112
LA LIBERTAD,2010,VOLQUETE,37
LA LIBERTAD,2010,BICICLETA,74
LA LIBERTAD,2010,FURGÓN,27
LA LIBERTAD,2010,TRICICLO,31
LA LIBERTAD,2010,MOTOKAR,629
LA LIBERTAD,2010,MOTO,483
LA LIBERTAD,2010,OTROS,247
LA LIBERTAD,2011,AUTO,1911
LA LIBERTAD,2011,CAMIONETA,1044
LA LIBERTAD,2011,MICROBUS,229
LA LIBERTAD,2011,OMNIBUS,250
LA LIBERTAD,2011,CAMIÓN,332
LA LIBERTAD,2011,TRAYLER,66
LA LIBERTAD,2011,VOLQUETE,31
LA LIBERTAD,2011,BICICLETA,77
LA LIBERTAD,2011,FURGÓN,79
LA LIBERTAD,2011,TRICICLO,53
LA LIBERTAD,2011,MOTOKAR,645
LA LIBERTAD,2011,MOTO,469
LA LIBERTAD,2011,OTROS,362
LA LIBERTAD,2012,AUTO,2315
LA LIBERTAD,2012,CAMIONETA,1388
LA LIBERTAD,2012,MICROBUS,343
LA LIBERTAD,2012,OMNIBUS,271
LA LIBERTAD,2012,CAMIÓN,452
LA LIBERTAD,2012,TRAYLER,102
LA LIBERTAD,2012,VOLQUETE,38
LA LIBERTAD,2012,BICICLETA,101
LA LIBERTAD,2012,FURGÓN,89
LA LIBERTAD,2012,TRICICLO,67
LA LIBERTAD,2012,MOTOKAR,688
LA LIBERTAD,2012,MOTO,763
LA LIBERTAD,2012,OTROS,532
LA LIBERTAD,2013,AUTO,2230
LA LIBERTAD,2013,CAMIONETA,1384
LA LIBERTAD,2013,MICROBUS,382
LA LIBERTAD,2013,OMNIBUS,275
LA LIBERTAD,2013,CAMIÓN,520
LA LIBERTAD,2013,TRAYLER,40
LA LIBERTAD,2013,VOLQUETE,25
LA LIBERTAD,2013,BICICLETA,61
LA LIBERTAD,2013,FURGÓN,71
LA LIBERTAD,2013,TRICICLO,26
LA LIBERTAD,2013,MOTOKAR,747
LA LIBERTAD,2013,MOTO,767
LA LIBERTAD,2013,OTROS,775
LA LIBERTAD,2014,AUTO,1908
LA LIBERTAD,2014,CAMIONETA,1125
LA LIBERTAD,2014,MICROBUS,707
LA LIBERTAD,2014,OMNIBUS,298
LA LIBERTAD,2014,CAMIÓN,286
LA LIBERTAD,2014,TRAYLER,51
LA LIBERTAD,2014,VOLQUETE,56
LA LIBERTAD,2014,BICICLETA,62
LA LIBERTAD,2014,FURGÓN,8
LA LIBERTAD,2014,TRICICLO,121
LA LIBERTAD,2014,MOTOKAR,470
LA LIBERTAD,2014,MOTO,907
LA LIBERTAD,2014,OTROS,279
LA LIBERTAD,2015,AUTOMOVIL,2148
LA LIBERTAD,2015,STATION WAGON,973
LA LIBERTAD,2015,CAMIONETA PICKUP,640
LA LIBERTAD,2015,CAMIONETA RURAL,504
LA LIBERTAD,2015,CAMIONETA PANEL,88
LA LIBERTAD,2015,OMNIBUS,212
LA LIBERTAD,2015,CAMION,261
LA LIBERTAD,2015,REMOLCADOR,55
LA LIBERTAD,2015,REMOLQUE Y SEMIREMOLQUE,66
LA LIBERTAD,2015,VEHÍCULO NO IDENTIFICADO,146
LA LIBERTAD,2015,MOTO,1085
LA LIBERTAD,2015,MOTOKAR,327
LA LIBERTAD,2015,TRICICLO,9
LA LIBERTAD,2015,FURGONETA,3
LA LIBERTAD,2015,BICICLETA,46
LA LIBERTAD,2015,VEHÍCULO IDENTIFICADO,80
LA LIBERTAD,2015,OTRO,61
LA LIBERTAD,2016,AUTOMOVIL,2331
LA LIBERTAD,2016,STATION WAGON,714
LA LIBERTAD,2016,CAMIONETA PICKUP,532
LA LIBERTAD,2016,CAMIONETA RURAL,391
LA LIBERTAD,2016,CAMIONETA PANEL,82
LA LIBERTAD,2016,OMNIBUS,216
LA LIBERTAD,2016,CAMION,210
LA LIBERTAD,2016,REMOLCADOR,49
LA LIBERTAD,2016,REMOLQUE Y SEMIREMOLQUE,51
LA LIBERTAD,2016,VEHÍCULO NO IDENTIFICADO,192
LA LIBERTAD,2016,MOTO,1113
LA LIBERTAD,2016,MOTOKAR,306
LA LIBERTAD,2016,TRICICLO,2
LA LIBERTAD,2016,FURGONETA,2
LA LIBERTAD,2016,BICICLETA,22
LA LIBERTAD,2016,VEHÍCULO IDENTIFICADO,17
LA LIBERTAD,2016,OTRO,133
LA LIBERTAD,2017,AUTOMOVIL,2093
LA LIBERTAD,2017,STATION WAGON,537
LA LIBERTAD,2017,CAMIONETA PICKUP,439
LA LIBERTAD,2017,CAMIONETA RURAL,347
LA LIBERTAD,2017,CAMIONETA PANEL,62
LA LIBERTAD,2017,OMNIBUS,213
LA LIBERTAD,2017,CAMION,208
LA LIBERTAD,2017,REMOLCADOR,48
LA LIBERTAD,2017,REMOLQUE Y SEMIREMOLQUE,75
LA LIBERTAD,2017,VEHÍCULO NO IDENTIFICADO,169
LA LIBERTAD,2017,MOTO,1331
LA LIBERTAD,2017,MOTOKAR,265
LA LIBERTAD,2017,TRICICLO,7
LA LIBERTAD,2017,FURGONETA,6
LA LIBERTAD,2017,BICICLETA,44
LA LIBERTAD,2017,VEHÍCULO IDENTIFICADO,22
LA LIBERTAD,2017,OTRO,55
LA LIBERTAD,2018,AUTOMOVIL,2523
LA LIBERTAD,2018,STATION WAGON,297
LA LIBERTAD,2018,CAMIONETA PICKUP,593
LA LIBERTAD,2018,CAMIONETA RURAL,415
LA LIBERTAD,2018,CAMIONETA PANEL,56
LA LIBERTAD,2018,OMNIBUS,334
LA LIBERTAD,2018,CAMION,303
LA LIBERTAD,2018,REMOLCADOR,78
LA LIBERTAD,2018,REMOLQUE Y SEMIREMOLQUE,101
LA LIBERTAD,2018,VEHÍCULO NO IDENTIFICADO,49
LA LIBERTAD,2018,OTROS,193
LA LIBERTAD,2018,MOTO,1655
LA LIBERTAD,2018,MOTOKAR,444
LA LIBERTAD,2018,TRICICLO,25
LA LIBERTAD,2018,FURGONETA,10
LA LIBERTAD,2018,BICICLETA,50
LA LIBERTAD,2018,VEHÍCULO IDENTIFICADO,19
LA LIBERTAD,2018,OTROS,247
LA LIBERTAD,2019,AUTOMOVIL,2834
LA LIBERTAD,2019,STATION WAGON,236
LA LIBERTAD,2019,CAMIONETA PICKUP,684
LA LIBERTAD,2019,CAMIONETA RURAL,425
LA LIBERTAD,2019,CAMIONETA PANEL,128
LA LIBERTAD,2019,OMNIBUS,344
LA LIBERTAD,2019,CAMION,386
LA LIBERTAD,2019,REMOLCADOR,81
LA LIBERTAD,2019,REMOLQUE Y SEMIREMOLQUE,68
LA LIBERTAD,2019,VEHÍCULO NO IDENTIFICADO,57
LA LIBERTAD,2019,OTROS,133
LA LIBERTAD,2019,MOTO,1907
LA LIBERTAD,2019,MOTOKAR,390
LA LIBERTAD,2019,TRICICLO,10
LA LIBERTAD,2019,FURGONETA,9
LA LIBERTAD,2019,BICICLETA,46
LA LIBERTAD,2019,VEHÍCULO IDENTIFICADO,13
LA LIBERTAD,2019,OTROS,141
LA LIBERTAD,2020,AUTOMOVIL,1583
LA LIBERTAD,2020,STATION WAGON,84
LA LIBERTAD,2020,CAMIONETA PICKUP,388
LA LIBERTAD,2020,CAMIONETA RURAL,199
LA LIBERTAD,2020,CAMIONETA PANEL,30
LA LIBERTAD,2020,OMNIBUS,161
LA LIBERTAD,2020,CAMION,231
LA LIBERTAD,2020,REMOLCADOR,62
LA LIBERTAD,2020,REMOLQUE Y SEMIREMOLQUE,56
LA LIBERTAD,2020,VEHÍCULO NO IDENTIFICADO,11
LA LIBERTAD,2020,OTROS,105
LA LIBERTAD,2020,MOTO,1220
LA LIBERTAD,2020,MOTOKAR,266
LA LIBERTAD,2020,TRICICLO,6
LA LIBERTAD,2020,FURGONETA,5
LA LIBERTAD,2020,BICICLETA,55
LA LIBERTAD,2020,VEHÍCULO IDENTIFICADO,4
LA LIBERTAD,2020,OTROS,45
LA LIBERTAD,2021,AUTOMOVIL,2044
LA LIBERTAD,2021,STATION WAGON,96
LA LIBERTAD,2021,CAMIONETA PICKUP,501
LA LIBERTAD,2021,CAMIONETA RURAL,294
LA LIBERTAD,2021,CAMIONETA PANEL,51
LA LIBERTAD,2021,OMNIBUS,193
LA LIBERTAD,2021,CAMION,286
LA LIBERTAD,2021,REMOLCADOR,107
LA LIBERTAD,2021,REMOLQUE Y SEMIREMOLQUE,81
LA LIBERTAD,2021,VEHÍCULO NO IDENTIFICADO,24
LA LIBERTAD,2021,OTROS,89
LA LIBERTAD,2021,MOTO,1711
LA LIBERTAD,2021,MOTOKAR,319
LA LIBERTAD,2021,TRICICLO,16
LA LIBERTAD,2021,FURGONETA,14
LA LIBERTAD,2021,BICICLETA,73
LA LIBERTAD,2021,VEHÍCULO IDENTIFICADO,16
LA LIBERTAD,2021,OTROS,72
LA LIBERTAD,2022,AUTOMOVIL,1935
LA LIBERTAD,2022,STATION WAGON,85
LA LIBERTAD,2022,CAMIONETA PICKUP,468
LA LIBERTAD,2022,CAMIONETA RURAL,299
LA LIBERTAD,2022,CAMIONETA PANEL,79
LA LIBERTAD,2022,OMNIBUS,216
LA LIBERTAD,2022,CAMION,218
LA LIBERTAD,2022,REMOLCADOR,56
LA LIBERTAD,2022,REMOLQUE Y SEMIREMOLQUE,62
LA LIBERTAD,2022,VEHÍCULO NO IDENTIFICADO,59
LA LIBERTAD,2022,OTROS,155
LA LIBERTAD,2022,MOTO,1610
LA LIBERTAD,2022,MOTOKAR,271
LA LIBERTAD,2022,TRICICLO,15
LA LIBERTAD,2022,FURGONETA,15
LA LIBERTAD,2022,BICICLETA,71
LA LIBERTAD,2022,VEHÍCULO IDENTIFICADO,30
LA LIBERTAD,2022,OTROS,80
LA LIBERTAD,2023,AUTOMOVIL,2032
LA LIBERTAD,2023,STATION WAGON,173
LA LIBERTAD,2023,CAMIONETA PICKUP,474
LA LIBERTAD,2023,CAMIONETA RURAL,242
LA LIBERTAD,2023,CAMIONETA PANEL,26
LA LIBERTAD,2023,OMNIBUS,176
LA LIBERTAD,2023,CAMION,236
LA LIBERTAD,2023,REMOLCADOR,56
LA LIBERTAD,2023,REMOLQUE Y SEMIREMOLQUE,75
LA LIBERTAD,2023,VEHÍCULO NO IDENTIFICADO,15
LA LIBERTAD,2023,OTROS,117
LA LIBERTAD,2023,MOTO,1414
LA LIBERTAD,2023,MOTOKAR,252
LA LIBERTAD,2023,TRICICLO,2
LA LIBERTAD,2023,FURGONETA,6
LA LIBERTAD,2023,BICICLETA,37
LA LIBERTAD,2023,VEHÍCULO IDENTIFICADO,7
LA LIBERTAD,2023,OTROS,33
LA LIBERTAD,2024,AUTOMOVIL,2016
LA LIBERTAD,2024,STATION WAGON,52
LA LIBERTAD,2024,CAMIONETA PICKUP,411
LA LIBERTAD,2024,CAMIONETA RURAL,258
LA LIBERTAD,2024,CAMIONETA PANEL,38
LA LIBERTAD,2024,OMNIBUS,139
LA LIBERTAD,2024,CAMION,234
LA LIBERTAD,2024,REMOLCADOR,32
LA LIBERTAD,2024,REMOLQUE Y SEMIREMOLQUE,51
LA LIBERTAD,2024,VEHÍCULO NO IDENTIFICADO,7
LA LIBERTAD,2024,OTROS,128
LA LIBERTAD,2024,MOTO,1339
LA LIBERTAD,2024,MOTOKAR,122
LA LIBERTAD,2024,TRICICLO,6
LA LIBERTAD,2024,FURGONETA,1
LA LIBERTAD,2024,BICICLETA,38
LA LIBERTAD,2024,VEHÍCULO IDENTIFICADO,16
LA LIBERTAD,2024,OTROS,115
LAMBAYEQUE,2008,AUTO,220
LAMBAYEQUE,2008,CAMIONETA,200
LAMBAYEQUE,2008,MICROBUS,1
LAMBAYEQUE,2008,OMNIBUS,36
LAMBAYEQUE,2008,CAMIÓN,80
LAMBAYEQUE,2008,TRAYLER,30
LAMBAYEQUE,2008,VOLQUETE,9
LAMBAYEQUE,2008,BICICLETA,31
LAMBAYEQUE,2008,FURGÓN,0
LAMBAYEQUE,2008,TRICICLO,6
LAMBAYEQUE,2008,MOTOKAR,204
LAMBAYEQUE,2008,MOTO,103
LAMBAYEQUE,2008,OTROS,14
LAMBAYEQUE,2009,AUTO,289
LAMBAYEQUE,2009,CAMIONETA,318
LAMBAYEQUE,2009,MICROBUS,7
LAMBAYEQUE,2009,OMNIBUS,49
LAMBAYEQUE,2009,CAMIÓN,83
LAMBAYEQUE,2009,TRAYLER,23
LAMBAYEQUE,2009,VOLQUETE,14
LAMBAYEQUE,2009,BICICLETA,37
LAMBAYEQUE,2009,FURGÓN,0
LAMBAYEQUE,2009,TRICICLO,8
LAMBAYEQUE,2009,MOTOKAR,365
LAMBAYEQUE,2009,MOTO,241
LAMBAYEQUE,2009,OTROS,12
LAMBAYEQUE,2010,AUTO,565
LAMBAYEQUE,2010,CAMIONETA,388
LAMBAYEQUE,2010,MICROBUS,18
LAMBAYEQUE,2010,OMNIBUS,59
LAMBAYEQUE,2010,CAMIÓN,118
LAMBAYEQUE,2010,TRAYLER,48
LAMBAYEQUE,2010,VOLQUETE,18
LAMBAYEQUE,2010,BICICLETA,57
LAMBAYEQUE,2010,FURGÓN,14
LAMBAYEQUE,2010,TRICICLO,14
LAMBAYEQUE,2010,MOTOKAR,674
LAMBAYEQUE,2010,MOTO,292
LAMBAYEQUE,2010,OTROS,18
LAMBAYEQUE,2011,AUTO,714
LAMBAYEQUE,2011,CAMIONETA,543
LAMBAYEQUE,2011,MICROBUS,35
LAMBAYEQUE,2011,OMNIBUS,62
LAMBAYEQUE,2011,CAMIÓN,154
LAMBAYEQUE,2011,TRAYLER,70
LAMBAYEQUE,2011,VOLQUETE,17
LAMBAYEQUE,2011,BICICLETA,76
LAMBAYEQUE,2011,FURGÓN,28
LAMBAYEQUE,2011,TRICICLO,40
LAMBAYEQUE,2011,MOTOKAR,953
LAMBAYEQUE,2011,MOTO,527
LAMBAYEQUE,2011,OTROS,57
LAMBAYEQUE,2012,AUTO,1058
LAMBAYEQUE,2012,CAMIONETA,757
LAMBAYEQUE,2012,MICROBUS,29
LAMBAYEQUE,2012,OMNIBUS,84
LAMBAYEQUE,2012,CAMIÓN,236
LAMBAYEQUE,2012,TRAYLER,52
LAMBAYEQUE,2012,VOLQUETE,28
LAMBAYEQUE,2012,BICICLETA,93
LAMBAYEQUE,2012,FURGÓN,80
LAMBAYEQUE,2012,TRICICLO,34
LAMBAYEQUE,2012,MOTOKAR,1384
LAMBAYEQUE,2012,MOTO,591
LAMBAYEQUE,2012,OTROS,126
LAMBAYEQUE,2013,AUTO,1441
LAMBAYEQUE,2013,CAMIONETA,803
LAMBAYEQUE,2013,MICROBUS,32
LAMBAYEQUE,2013,OMNIBUS,73
LAMBAYEQUE,2013,CAMIÓN,202
LAMBAYEQUE,2013,TRAYLER,65
LAMBAYEQUE,2013,VOLQUETE,27
LAMBAYEQUE,2013,BICICLETA,96
LAMBAYEQUE,2013,FURGÓN,91
LAMBAYEQUE,2013,TRICICLO,27
LAMBAYEQUE,2013,MOTOKAR,1440
LAMBAYEQUE,2013,MOTO,604
LAMBAYEQUE,2013,OTROS,94
LAMBAYEQUE,2014,AUTO,1423
LAMBAYEQUE,2014,CAMIONETA,840
LAMBAYEQUE,2014,MICROBUS,112
LAMBAYEQUE,2014,OMNIBUS,96
LAMBAYEQUE,2014,CAMIÓN,137
LAMBAYEQUE,2014,TRAYLER,20
LAMBAYEQUE,2014,VOLQUETE,12
LAMBAYEQUE,2014,BICICLETA,76
LAMBAYEQUE,2014,FURGÓN,154
LAMBAYEQUE,2014,TRICICLO,126
LAMBAYEQUE,2014,MOTOKAR,1303
LAMBAYEQUE,2014,MOTO,655
LAMBAYEQUE,2014,OTROS,275
LAMBAYEQUE,2015,AUTOMOVIL,1129
LAMBAYEQUE,2015,STATION WAGON,35
LAMBAYEQUE,2015,CAMIONETA PICKUP,362
LAMBAYEQUE,2015,CAMIONETA RURAL,286
LAMBAYEQUE,2015,CAMIONETA PANEL,119
LAMBAYEQUE,2015,OMNIBUS,22
LAMBAYEQUE,2015,CAMION,76
LAMBAYEQUE,2015,REMOLCADOR,19
LAMBAYEQUE,2015,REMOLQUE Y SEMIREMOLQUE,15
LAMBAYEQUE,2015,VEHÍCULO NO IDENTIFICADO,7
LAMBAYEQUE,2015,MOTO,493
LAMBAYEQUE,2015,MOTOKAR,820
LAMBAYEQUE,2015,TRICICLO,125
LAMBAYEQUE,2015,FURGONETA,55
LAMBAYEQUE,2015,BICICLETA,43
LAMBAYEQUE,2015,VEHÍCULO IDENTIFICADO,45
LAMBAYEQUE,2015,OTRO,208
LAMBAYEQUE,2016,AUTOMOVIL,1417
LAMBAYEQUE,2016,STATION WAGON,89
LAMBAYEQUE,2016,CAMIONETA PICKUP,271
LAMBAYEQUE,2016,CAMIONETA RURAL,299
LAMBAYEQUE,2016,CAMIONETA PANEL,29
LAMBAYEQUE,2016,OMNIBUS,45
LAMBAYEQUE,2016,CAMION,94
LAMBAYEQUE,2016,REMOLCADOR,15
LAMBAYEQUE,2016,REMOLQUE Y SEMIREMOLQUE,11
LAMBAYEQUE,2016,VEHÍCULO NO IDENTIFICADO,11
LAMBAYEQUE,2016,MOTO,743
LAMBAYEQUE,2016,MOTOKAR,859
LAMBAYEQUE,2016,TRICICLO,13
LAMBAYEQUE,2016,FURGONETA,25
LAMBAYEQUE,2016,BICICLETA,33
LAMBAYEQUE,2016,VEHÍCULO IDENTIFICADO,17
LAMBAYEQUE,2016,OTRO,134
LAMBAYEQUE,2017,AUTOMOVIL,1558
LAMBAYEQUE,2017,STATION WAGON,227
LAMBAYEQUE,2017,CAMIONETA PICKUP,402
LAMBAYEQUE,2017,CAMIONETA RURAL,449
LAMBAYEQUE,2017,CAMIONETA PANEL,32
LAMBAYEQUE,2017,OMNIBUS,45
LAMBAYEQUE,2017,CAMION,121
LAMBAYEQUE,2017,REMOLCADOR,18
LAMBAYEQUE,2017,REMOLQUE Y SEMIREMOLQUE,13
LAMBAYEQUE,2017,VEHÍCULO NO IDENTIFICADO,31
LAMBAYEQUE,2017,MOTO,795
LAMBAYEQUE,2017,MOTOKAR,748
LAMBAYEQUE,2017,TRICICLO,21
LAMBAYEQUE,2017,FURGONETA,15
LAMBAYEQUE,2017,BICICLETA,22
LAMBAYEQUE,2017,VEHÍCULO IDENTIFICADO,27
LAMBAYEQUE,2017,OTRO,163
LAMBAYEQUE,2018,AUTOMOVIL,1637
LAMBAYEQUE,2018,STATION WAGON,379
LAMBAYEQUE,2018,CAMIONETA PICKUP,427
LAMBAYEQUE,2018,CAMIONETA RURAL,471
LAMBAYEQUE,2018,CAMIONETA PANEL,77
LAMBAYEQUE,2018,OMNIBUS,32
LAMBAYEQUE,2018,CAMION,106
LAMBAYEQUE,2018,REMOLCADOR,38
LAMBAYEQUE,2018,REMOLQUE Y SEMIREMOLQUE,24
LAMBAYEQUE,2018,VEHÍCULO NO IDENTIFICADO,47
LAMBAYEQUE,2018,OTROS,79
LAMBAYEQUE,2018,MOTO,745
LAMBAYEQUE,2018,MOTOKAR,760
LAMBAYEQUE,2018,TRICICLO,10
LAMBAYEQUE,2018,FURGONETA,19
LAMBAYEQUE,2018,BICICLETA,32
LAMBAYEQUE,2018,VEHÍCULO IDENTIFICADO,15
LAMBAYEQUE,2018,OTROS,179
LAMBAYEQUE,2019,AUTOMOVIL,2329
LAMBAYEQUE,2019,STATION WAGON,668
LAMBAYEQUE,2019,CAMIONETA PICKUP,342
LAMBAYEQUE,2019,CAMIONETA RURAL,393
LAMBAYEQUE,2019,CAMIONETA PANEL,132
LAMBAYEQUE,2019,OMNIBUS,51
LAMBAYEQUE,2019,CAMION,167
LAMBAYEQUE,2019,REMOLCADOR,22
LAMBAYEQUE,2019,REMOLQUE Y SEMIREMOLQUE,24
LAMBAYEQUE,2019,VEHÍCULO NO IDENTIFICADO,79
LAMBAYEQUE,2019,OTROS,74
LAMBAYEQUE,2019,MOTO,831
LAMBAYEQUE,2019,MOTOKAR,720
LAMBAYEQUE,2019,TRICICLO,18
LAMBAYEQUE,2019,FURGONETA,27
LAMBAYEQUE,2019,BICICLETA,21
LAMBAYEQUE,2019,VEHÍCULO IDENTIFICADO,18
LAMBAYEQUE,2019,OTROS,109
LAMBAYEQUE,2020,AUTOMOVIL,1311
LAMBAYEQUE,2020,STATION WAGON,139
LAMBAYEQUE,2020,CAMIONETA PICKUP,216
LAMBAYEQUE,2020,CAMIONETA RURAL,216
LAMBAYEQUE,2020,CAMIONETA PANEL,86
LAMBAYEQUE,2020,OMNIBUS,44
LAMBAYEQUE,2020,CAMION,110
LAMBAYEQUE,2020,REMOLCADOR,11
LAMBAYEQUE,2020,REMOLQUE Y SEMIREMOLQUE,23
LAMBAYEQUE,2020,VEHÍCULO NO IDENTIFICADO,19
LAMBAYEQUE,2020,OTROS,60
LAMBAYEQUE,2020,MOTO,708
LAMBAYEQUE,2020,MOTOKAR,485
LAMBAYEQUE,2020,TRICICLO,21
LAMBAYEQUE,2020,FURGONETA,32
LAMBAYEQUE,2020,BICICLETA,30
LAMBAYEQUE,2020,VEHÍCULO IDENTIFICADO,10
LAMBAYEQUE,2020,OTROS,92
LAMBAYEQUE,2021,AUTOMOVIL,1380
LAMBAYEQUE,2021,STATION WAGON,68
LAMBAYEQUE,2021,CAMIONETA PICKUP,229
LAMBAYEQUE,2021,CAMIONETA RURAL,220
LAMBAYEQUE,2021,CAMIONETA PANEL,49
LAMBAYEQUE,2021,OMNIBUS,45
LAMBAYEQUE,2021,CAMION,113
LAMBAYEQUE,2021,REMOLCADOR,22
LAMBAYEQUE,2021,REMOLQUE Y SEMIREMOLQUE,16
LAMBAYEQUE,2021,VEHÍCULO NO IDENTIFICADO,39
LAMBAYEQUE,2021,OTROS,106
LAMBAYEQUE,2021,MOTO,869
LAMBAYEQUE,2021,MOTOKAR,529
LAMBAYEQUE,2021,TRICICLO,27
LAMBAYEQUE,2021,FURGONETA,20
LAMBAYEQUE,2021,BICICLETA,36
LAMBAYEQUE,2021,VEHÍCULO IDENTIFICADO,19
LAMBAYEQUE,2021,OTROS,147
LAMBAYEQUE,2022,AUTOMOVIL,1720
LAMBAYEQUE,2022,STATION WAGON,54
LAMBAYEQUE,2022,CAMIONETA PICKUP,216
LAMBAYEQUE,2022,CAMIONETA RURAL,201
LAMBAYEQUE,2022,CAMIONETA PANEL,47
LAMBAYEQUE,2022,OMNIBUS,53
LAMBAYEQUE,2022,CAMION,88
LAMBAYEQUE,2022,REMOLCADOR,20
LAMBAYEQUE,2022,REMOLQUE Y SEMIREMOLQUE,10
LAMBAYEQUE,2022,VEHÍCULO NO IDENTIFICADO,59
LAMBAYEQUE,2022,OTROS,188
LAMBAYEQUE,2022,MOTO,1086
LAMBAYEQUE,2022,MOTOKAR,632
LAMBAYEQUE,2022,TRICICLO,13
LAMBAYEQUE,2022,FURGONETA,14
LAMBAYEQUE,2022,BICICLETA,39
LAMBAYEQUE,2022,VEHÍCULO IDENTIFICADO,21
LAMBAYEQUE,2022,OTROS,147
LAMBAYEQUE,2023,AUTOMOVIL,1487
LAMBAYEQUE,2023,STATION WAGON,14
LAMBAYEQUE,2023,CAMIONETA PICKUP,292
LAMBAYEQUE,2023,CAMIONETA RURAL,212
LAMBAYEQUE,2023,CAMIONETA PANEL,35
LAMBAYEQUE,2023,OMNIBUS,31
LAMBAYEQUE,2023,CAMION,91
LAMBAYEQUE,2023,REMOLCADOR,17
LAMBAYEQUE,2023,REMOLQUE Y SEMIREMOLQUE,8
LAMBAYEQUE,2023,VEHÍCULO NO IDENTIFICADO,13
LAMBAYEQUE,2023,OTROS,94
LAMBAYEQUE,2023,MOTO,1388
LAMBAYEQUE,2023,MOTOKAR,500
LAMBAYEQUE,2023,TRICICLO,22
LAMBAYEQUE,2023,FURGONETA,11
LAMBAYEQUE,2023,BICICLETA,28
LAMBAYEQUE,2023,VEHÍCULO IDENTIFICADO,26
LAMBAYEQUE,2023,OTROS,83
LAMBAYEQUE,2024,AUTOMOVIL,1744
LAMBAYEQUE,2024,STATION WAGON,30
LAMBAYEQUE,2024,CAMIONETA PICKUP,284
LAMBAYEQUE,2024,CAMIONETA RURAL,270
LAMBAYEQUE,2024,CAMIONETA PANEL,24
LAMBAYEQUE,2024,OMNIBUS,31
LAMBAYEQUE,2024,CAMION,97
LAMBAYEQUE,2024,REMOLCADOR,14
LAMBAYEQUE,2024,REMOLQUE Y SEMIREMOLQUE,0
LAMBAYEQUE,2024,VEHÍCULO NO IDENTIFICADO,33
LAMBAYEQUE,2024,OTROS,234
LAMBAYEQUE,2024,MOTO,1338
LAMBAYEQUE,2024,MOTOKAR,563
LAMBAYEQUE,2024,TRICICLO,17
LAMBAYEQUE,2024,FURGONETA,19
LAMBAYEQUE,2024,BICICLETA,19
LAMBAYEQUE,2024,VEHÍCULO IDENTIFICADO,31
LAMBAYEQUE,2024,OTROS,237
LIMA,2008,AUTO,30726
LIMA,2008,CAMIONETA,16440
LIMA,2008,MICROBUS,4748
LIMA,2008,OMNIBUS,3637
LIMA,2008,CAMIÓN,1776
LIMA,2008,TRAYLER,426
LIMA,2008,VOLQUETE,143
LIMA,2008,BICICLETA,746
LIMA,2008,FURGÓN,149
LIMA,2008,TRICICLO,175
LIMA,2008,MOTOKAR,6724
LIMA,2008,MOTO,1735
LIMA,2008,OTROS,2738
LIMA,2009,AUTO,32033
LIMA,2009,CAMIONETA,15724
LIMA,2009,MICROBUS,4049
LIMA,2009,OMNIBUS,3657
LIMA,2009,CAMIÓN,1782
LIMA,2009,TRAYLER,312
LIMA,2009,VOLQUETE,211
LIMA,2009,BICICLETA,645
LIMA,2009,FURGÓN,91
LIMA,2009,TRICICLO,138
LIMA,2009,MOTOKAR,7166
LIMA,2009,MOTO,2054
LIMA,2009,OTROS,1484
LIMA,2010,AUTO,34713
LIMA,2010,CAMIONETA,16764
LIMA,2010,MICROBUS,3935
LIMA,2010,OMNIBUS,3330
LIMA,2010,CAMIÓN,1790
LIMA,2010,TRAYLER,375
LIMA,2010,VOLQUETE,241
LIMA,2010,BICICLETA,357
LIMA,2010,FURGÓN,86
LIMA,2010,TRICICLO,172
LIMA,2010,MOTOKAR,6487
LIMA,2010,MOTO,1861
LIMA,2010,OTROS,1584
LIMA,2011,AUTO,35317
LIMA,2011,CAMIONETA,17070
LIMA,2011,MICROBUS,4442
LIMA,2011,OMNIBUS,3099
LIMA,2011,CAMIÓN,1654
LIMA,2011,TRAYLER,473
LIMA,2011,VOLQUETE,143
LIMA,2011,BICICLETA,331
LIMA,2011,FURGÓN,78
LIMA,2011,TRICICLO,199
LIMA,2011,MOTOKAR,6137
LIMA,2011,MOTO,2073
LIMA,2011,OTROS,1256
LIMA,2012,AUTO,35526
LIMA,2012,CAMIONETA,16307
LIMA,2012,MICROBUS,3739
LIMA,2012,OMNIBUS,3703
LIMA,2012,CAMIÓN,1845
LIMA,2012,TRAYLER,567
LIMA,2012,VOLQUETE,210
LIMA,2012,BICICLETA,286
LIMA,2012,FURGÓN,283
LIMA,2012,TRICICLO,136
LIMA,2012,MOTOKAR,6019
LIMA,2012,MOTO,2438
LIMA,2012,OTROS,2458
LIMA,2013,AUTO,37462
LIMA,2013,CAMIONETA,16807
LIMA,2013,MICROBUS,4117
LIMA,2013,OMNIBUS,3985
LIMA,2013,CAMIÓN,2160
LIMA,2013,TRAYLER,592
LIMA,2013,VOLQUETE,330
LIMA,2013,BICICLETA,306
LIMA,2013,FURGÓN,189
LIMA,2013,TRICICLO,125
LIMA,2013,MOTOKAR,6128
LIMA,2013,MOTO,2969
LIMA,2013,OTROS,2655
LIMA,2014,AUTO,38115
LIMA,2014,CAMIONETA,12041
LIMA,2014,MICROBUS,7561
LIMA,2014,OMNIBUS,4428
LIMA,2014,CAMIÓN,1963
LIMA,2014,TRAYLER,494
LIMA,2014,VOLQUETE,305
LIMA,2014,BICICLETA,318
LIMA,2014,FURGÓN,81
LIMA,2014,TRICICLO,104
LIMA,2014,MOTOKAR,5439
LIMA,2014,MOTO,3443
LIMA,2014,OTROS,3487
LIMA,2015,AUTOMOVIL,36132
LIMA,2015,STATION WAGON,9808
LIMA,2015,CAMIONETA PICKUP,4634
LIMA,2015,CAMIONETA RURAL,4947
LIMA,2015,CAMIONETA PANEL,1808
LIMA,2015,OMNIBUS,3888
LIMA,2015,CAMION,1941
LIMA,2015,REMOLCADOR,441
LIMA,2015,REMOLQUE Y SEMIREMOLQUE,366
LIMA,2015,VEHÍCULO NO IDENTIFICADO,769
LIMA,2015,MOTO,3698
LIMA,2015,MOTOKAR,4298
LIMA,2015,TRICICLO,71
LIMA,2015,FURGONETA,49
LIMA,2015,BICICLETA,301
LIMA,2015,VEHÍCULO IDENTIFICADO,1145
LIMA,2015,OTRO,881
LIMA,2016,AUTOMOVIL,30607
LIMA,2016,STATION WAGON,8930
LIMA,2016,CAMIONETA PICKUP,5375
LIMA,2016,CAMIONETA RURAL,4535
LIMA,2016,CAMIONETA PANEL,1611
LIMA,2016,OMNIBUS,4111
LIMA,2016,CAMION,1820
LIMA,2016,REMOLCADOR,489
LIMA,2016,REMOLQUE Y SEMIREMOLQUE,420
LIMA,2016,VEHÍCULO NO IDENTIFICADO,975
LIMA,2016,MOTO,4169
LIMA,2016,MOTOKAR,3625
LIMA,2016,TRICICLO,79
LIMA,2016,FURGONETA,51
LIMA,2016,BICICLETA,273
LIMA,2016,VEHÍCULO IDENTIFICADO,1996
LIMA,2016,OTRO,2573
LIMA,2017,AUTOMOVIL,31000
LIMA,2017,STATION WAGON,8084
LIMA,2017,CAMIONETA PICKUP,5122
LIMA,2017,CAMIONETA RURAL,4424
LIMA,2017,CAMIONETA PANEL,1563
LIMA,2017,OMNIBUS,4167
LIMA,2017,CAMION,1862
LIMA,2017,REMOLCADOR,506
LIMA,2017,REMOLQUE Y SEMIREMOLQUE,277
LIMA,2017,VEHÍCULO NO IDENTIFICADO,1223
LIMA,2017,MOTO,4454
LIMA,2017,MOTOKAR,3829
LIMA,2017,TRICICLO,101
LIMA,2017,FURGONETA,66
LIMA,2017,BICICLETA,323
LIMA,2017,VEHÍCULO IDENTIFICADO,3295
LIMA,2017,OTRO,2177
LIMA,2018,AUTOMOVIL,30309
LIMA,2018,STATION WAGON,6393
LIMA,2018,CAMIONETA PICKUP,4367
LIMA,2018,CAMIONETA RURAL,5264
LIMA,2018,CAMIONETA PANEL,1674
LIMA,2018,OMNIBUS,4471
LIMA,2018,CAMION,2150
LIMA,2018,REMOLCADOR,568
LIMA,2018,REMOLQUE Y SEMIREMOLQUE,404
LIMA,2018,VEHÍCULO NO IDENTIFICADO,1635
LIMA,2018,OTROS,1964
LIMA,2018,MOTO,5727
LIMA,2018,MOTOKAR,5352
LIMA,2018,TRICICLO,70
LIMA,2018,FURGONETA,67
LIMA,2018,BICICLETA,376
LIMA,2018,VEHÍCULO IDENTIFICADO,246
LIMA,2018,OTROS,1090
LIMA,2019,AUTOMOVIL,25843
LIMA,2019,STATION WAGON,6002
LIMA,2019,CAMIONETA PICKUP,4468
LIMA,2019,CAMIONETA RURAL,4397
LIMA,2019,CAMIONETA PANEL,1307
LIMA,2019,OMNIBUS,4471
LIMA,2019,CAMION,1966
LIMA,2019,REMOLCADOR,472
LIMA,2019,REMOLQUE Y SEMIREMOLQUE,376
LIMA,2019,VEHÍCULO NO IDENTIFICADO,1680
LIMA,2019,OTROS,2638
LIMA,2019,MOTO,6421
LIMA,2019,MOTOKAR,6027
LIMA,2019,TRICICLO,88
LIMA,2019,FURGONETA,102
LIMA,2019,BICICLETA,371
LIMA,2019,VEHÍCULO IDENTIFICADO,387
LIMA,2019,OTROS,1432
LIMA,2020,AUTOMOVIL,14989
LIMA,2020,STATION WAGON,2416
LIMA,2020,CAMIONETA PICKUP,2719
LIMA,2020,CAMIONETA RURAL,2118
LIMA,2020,CAMIONETA PANEL,808
LIMA,2020,OMNIBUS,2228
LIMA,2020,CAMION,1370
LIMA,2020,REMOLCADOR,325
LIMA,2020,REMOLQUE Y SEMIREMOLQUE,211
LIMA,2020,VEHÍCULO NO IDENTIFICADO,654
LIMA,2020,OTROS,1753
LIMA,2020,MOTO,4883
LIMA,2020,MOTOKAR,3232
LIMA,2020,TRICICLO,49
LIMA,2020,FURGONETA,37
LIMA,2020,BICICLETA,419
LIMA,2020,VEHÍCULO IDENTIFICADO,415
LIMA,2020,OTROS,941
LIMA,2021,AUTOMOVIL,17923
LIMA,2021,STATION WAGON,3347
LIMA,2021,CAMIONETA PICKUP,3191
LIMA,2021,CAMIONETA RURAL,2974
LIMA,2021,CAMIONETA PANEL,792
LIMA,2021,OMNIBUS,2437
LIMA,2021,CAMION,1647
LIMA,2021,REMOLCADOR,347
LIMA,2021,REMOLQUE Y SEMIREMOLQUE,322
LIMA,2021,VEHÍCULO NO IDENTIFICADO,738
LIMA,2021,OTROS,2300
LIMA,2021,MOTO,7269
LIMA,2021,MOTOKAR,3889
LIMA,2021,TRICICLO,71
LIMA,2021,FURGONETA,15
LIMA,2021,BICICLETA,640
LIMA,2021,VEHÍCULO IDENTIFICADO,147
LIMA,2021,OTROS,832
LIMA,2022,AUTOMOVIL,19633
LIMA,2022,STATION WAGON,2773
LIMA,2022,CAMIONETA PICKUP,3683
LIMA,2022,CAMIONETA RURAL,3489
LIMA,2022,CAMIONETA PANEL,1097
LIMA,2022,OMNIBUS,3099
LIMA,2022,CAMION,1857
LIMA,2022,REMOLCADOR,425
LIMA,2022,REMOLQUE Y SEMIREMOLQUE,248
LIMA,2022,VEHÍCULO NO IDENTIFICADO,1152
LIMA,2022,OTROS,2882
LIMA,2022,MOTO,8271
LIMA,2022,MOTOKAR,4141
LIMA,2022,TRICICLO,52
LIMA,2022,FURGONETA,30
LIMA,2022,BICICLETA,525
LIMA,2022,VEHÍCULO IDENTIFICADO,306
LIMA,2022,OTROS,1261
LIMA,2023,AUTOMOVIL,21254
LIMA,2023,STATION WAGON,3124
LIMA,2023,CAMIONETA PICKUP,4327
LIMA,2023,CAMIONETA RURAL,4214
LIMA,2023,CAMIONETA PANEL,1254
LIMA,2023,OMNIBUS,3453
LIMA,2023,CAMION,1891
LIMA,2023,REMOLCADOR,459
LIMA,2023,REMOLQUE Y SEMIREMOLQUE,185
LIMA,2023,VEHÍCULO NO IDENTIFICADO,1046
LIMA,2023,OTROS,3430
LIMA,2023,MOTO,8431
LIMA,2023,MOTOKAR,3821
LIMA,2023,TRICICLO,53
LIMA,2023,FURGONETA,22
LIMA,2023,BICICLETA,569
LIMA,2023,VEHÍCULO IDENTIFICADO,234
LIMA,2023,OTROS,1425
LIMA,2024,AUTOMOVIL,22363
LIMA,2024,STATION WAGON,3120
LIMA,2024,CAMIONETA PICKUP,4290
LIMA,2024,CAMIONETA RURAL,3939
LIMA,2024,CAMIONETA PANEL,1369
LIMA,2024,OMNIBUS,3242
LIMA,2024,CAMION,1813
LIMA,2024,REMOLCADOR,442
LIMA,2024,REMOLQUE Y SEMIREMOLQUE,203
LIMA,2024,VEHÍCULO NO IDENTIFICADO,1044
LIMA,2024,OTROS,2893
LIMA,2024,MOTO,7761
LIMA,2024,MOTOKAR,3214
LIMA,2024,TRICICLO,118
LIMA,2024,FURGONETA,33
LIMA,2024,BICICLETA,496
LIMA,2024,VEHÍCULO IDENTIFICADO,151
LIMA,2024,OTROS,1285
LORETO,2008,AUTO,51
LORETO,2008,CAMIONETA,50
LORETO,2008,MICROBUS,23
LORETO,2008,OMNIBUS,67
LORETO,2008,CAMIÓN,29
LORETO,2008,TRAYLER,4
LORETO,2008,VOLQUETE,4
LORETO,2008,BICICLETA,0
LORETO,2008,FURGÓN,4
LORETO,2008,TRICICLO,6
LORETO,2008,MOTOKAR,668
LORETO,2008,MOTO,573
LORETO,2008,OTROS,1
LORETO,2009,AUTO,85
LORETO,2009,CAMIONETA,74
LORETO,2009,MICROBUS,9
LORETO,2009,OMNIBUS,57
LORETO,2009,CAMIÓN,34
LORETO,2009,TRAYLER,6
LORETO,2009,VOLQUETE,1
LORETO,2009,BICICLETA,2
LORETO,2009,FURGÓN,4
LORETO,2009,TRICICLO,4
LORETO,2009,MOTOKAR,741
LORETO,2009,MOTO,684
LORETO,2009,OTROS,5
LORETO,2010,AUTO,30
LORETO,2010,CAMIONETA,53
LORETO,2010,MICROBUS,6
LORETO,2010,OMNIBUS,80
LORETO,2010,CAMIÓN,7
LORETO,2010,TRAYLER,0
LORETO,2010,VOLQUETE,2
LORETO,2010,BICICLETA,0
LORETO,2010,FURGÓN,15
LORETO,2010,TRICICLO,3
LORETO,2010,MOTOKAR,731
LORETO,2010,MOTO,753
LORETO,2010,OTROS,9
LORETO,2011,AUTO,26
LORETO,2011,CAMIONETA,32
LORETO,2011,MICROBUS,9
LORETO,2011,OMNIBUS,67
LORETO,2011,CAMIÓN,24
LORETO,2011,TRAYLER,0
LORETO,2011,VOLQUETE,3
LORETO,2011,BICICLETA,3
LORETO,2011,FURGÓN,21
LORETO,2011,TRICICLO,3
LORETO,2011,MOTOKAR,513
LORETO,2011,MOTO,509
LORETO,2011,OTROS,21
LORETO,2012,AUTO,25
LORETO,2012,CAMIONETA,27
LORETO,2012,MICROBUS,0
LORETO,2012,OMNIBUS,8
LORETO,2012,CAMIÓN,11
LORETO,2012,TRAYLER,0
LORETO,2012,VOLQUETE,7
LORETO,2012,BICICLETA,1
LORETO,2012,FURGÓN,3
LORETO,2012,TRICICLO,6
LORETO,2012,MOTOKAR,248
LORETO,2012,MOTO,272
LORETO,2012,OTROS,9
LORETO,2013,AUTO,8
LORETO,2013,CAMIONETA,14
LORETO,2013,MICROBUS,0
LORETO,2013,OMNIBUS,5
LORETO,2013,CAMIÓN,5
LORETO,2013,TRAYLER,0
LORETO,2013,VOLQUETE,1
LORETO,2013,BICICLETA,0
LORETO,2013,FURGÓN,0
LORETO,2013,TRICICLO,0
LORETO,2013,MOTOKAR,135
LORETO,2013,MOTO,150
LORETO,2013,OTROS,0
LORETO,2014,AUTO,18
LORETO,2014,CAMIONETA,9
LORETO,2014,MICROBUS,5
LORETO,2014,OMNIBUS,6
LORETO,2014,CAMIÓN,18
LORETO,2014,TRAYLER,0
LORETO,2014,VOLQUETE,0
LORETO,2014,BICICLETA,1
LORETO,2014,FURGÓN,4
LORETO,2014,TRICICLO,0
LORETO,2014,MOTOKAR,235
LORETO,2014,MOTO,258
LORETO,2014,OTROS,14
LORETO,2015,AUTOMOVIL,26
LORETO,2015,STATION WAGON,1
LORETO,2015,CAMIONETA PICKUP,1
LORETO,2015,CAMIONETA RURAL,4
LORETO,2015,CAMIONETA PANEL,0
LORETO,2015,OMNIBUS,6
LORETO,2015,CAMION,6
LORETO,2015,REMOLCADOR,0
LORETO,2015,REMOLQUE Y SEMIREMOLQUE,0
LORETO,2015,VEHÍCULO NO IDENTIFICADO,0
LORETO,2015,MOTO,325
LORETO,2015,MOTOKAR,223
LORETO,2015,TRICICLO,0
LORETO,2015,FURGONETA,6
LORETO,2015,BICICLETA,0
LORETO,2015,VEHÍCULO IDENTIFICADO,0
LORETO,2015,OTRO,2
LORETO,2016,AUTOMOVIL,28
LORETO,2016,STATION WAGON,0
LORETO,2016,CAMIONETA PICKUP,2
LORETO,2016,CAMIONETA RURAL,1
LORETO,2016,CAMIONETA PANEL,0
LORETO,2016,OMNIBUS,1
LORETO,2016,CAMION,10
LORETO,2016,REMOLCADOR,0
LORETO,2016,REMOLQUE Y SEMIREMOLQUE,0
LORETO,2016,VEHÍCULO NO IDENTIFICADO,0
LORETO,2016,MOTO,293
LORETO,2016,MOTOKAR,190
LORETO,2016,TRICICLO,0
LORETO,2016,FURGONETA,3
LORETO,2016,BICICLETA,0
LORETO,2016,VEHÍCULO IDENTIFICADO,11
LORETO,2016,OTRO,3
LORETO,2017,AUTOMOVIL,30
LORETO,2017,STATION WAGON,1
LORETO,2017,CAMIONETA PICKUP,5
LORETO,2017,CAMIONETA RURAL,7
LORETO,2017,CAMIONETA PANEL,2
LORETO,2017,OMNIBUS,13
LORETO,2017,CAMION,9
LORETO,2017,REMOLCADOR,0
LORETO,2017,REMOLQUE Y SEMIREMOLQUE,0
LORETO,2017,VEHÍCULO NO IDENTIFICADO,0
LORETO,2017,MOTO,406
LORETO,2017,MOTOKAR,194
LORETO,2017,TRICICLO,0
LORETO,2017,FURGONETA,5
LORETO,2017,BICICLETA,0
LORETO,2017,VEHÍCULO IDENTIFICADO,1
LORETO,2017,OTRO,0
LORETO,2018,AUTOMOVIL,7
LORETO,2018,STATION WAGON,0
LORETO,2018,CAMIONETA PICKUP,10
LORETO,2018,CAMIONETA RURAL,2
LORETO,2018,CAMIONETA PANEL,0
LORETO,2018,OMNIBUS,2
LORETO,2018,CAMION,12
LORETO,2018,REMOLCADOR,1
LORETO,2018,REMOLQUE Y SEMIREMOLQUE,0
LORETO,2018,VEHÍCULO NO IDENTIFICADO,0
LORETO,2018,OTROS,8
LORETO,2018,MOTO,238
LORETO,2018,MOTOKAR,167
LORETO,2018,TRICICLO,0
LORETO,2018,FURGONETA,4
LORETO,2018,BICICLETA,0
LORETO,2018,VEHÍCULO IDENTIFICADO,0
LORETO,2018,OTROS,1
LORETO,2019,AUTOMOVIL,16
LORETO,2019,STATION WAGON,2
LORETO,2019,CAMIONETA PICKUP,5
LORETO,2019,CAMIONETA RURAL,20
LORETO,2019,CAMIONETA PANEL,1
LORETO,2019,OMNIBUS,1
LORETO,2019,CAMION,11
LORETO,2019,REMOLCADOR,1
LORETO,2019,REMOLQUE Y SEMIREMOLQUE,1
LORETO,2019,VEHÍCULO NO IDENTIFICADO,0
LORETO,2019,OTROS,5
LORETO,2019,MOTO,233
LORETO,2019,MOTOKAR,203
LORETO,2019,TRICICLO,5
LORETO,2019,FURGONETA,2
LORETO,2019,BICICLETA,0
LORETO,2019,VEHÍCULO IDENTIFICADO,0
LORETO,2019,OTROS,5
LORETO,2020,AUTOMOVIL,16
LORETO,2020,STATION WAGON,1
LORETO,2020,CAMIONETA PICKUP,1
LORETO,2020,CAMIONETA RURAL,5
LORETO,2020,CAMIONETA PANEL,0
LORETO,2020,OMNIBUS,0
LORETO,2020,CAMION,4
LORETO,2020,REMOLCADOR,1
LORETO,2020,REMOLQUE Y SEMIREMOLQUE,1
LORETO,2020,VEHÍCULO NO IDENTIFICADO,0
LORETO,2020,OTROS,3
LORETO,2020,MOTO,148
LORETO,2020,MOTOKAR,128
LORETO,2020,TRICICLO,0
LORETO,2020,FURGONETA,3
LORETO,2020,BICICLETA,0
LORETO,2020,VEHÍCULO IDENTIFICADO,0
LORETO,2020,OTROS,0
LORETO,2021,AUTOMOVIL,13
LORETO,2021,STATION WAGON,0
LORETO,2021,CAMIONETA PICKUP,1
LORETO,2021,CAMIONETA RURAL,10
LORETO,2021,CAMIONETA PANEL,3
LORETO,2021,OMNIBUS,0
LORETO,2021,CAMION,7
LORETO,2021,REMOLCADOR,0
LORETO,2021,REMOLQUE Y SEMIREMOLQUE,0
LORETO,2021,VEHÍCULO NO IDENTIFICADO,0
LORETO,2021,OTROS,7
LORETO,2021,MOTO,117
LORETO,2021,MOTOKAR,99
LORETO,2021,TRICICLO,0
LORETO,2021,FURGONETA,4
LORETO,2021,BICICLETA,1
LORETO,2021,VEHÍCULO IDENTIFICADO,0
LORETO,2021,OTROS,0
LORETO,2022,AUTOMOVIL,6
LORETO,2022,STATION WAGON,0
LORETO,2022,CAMIONETA PICKUP,1
LORETO,2022,CAMIONETA RURAL,10
LORETO,2022,CAMIONETA PANEL,1
LORETO,2022,OMNIBUS,6
LORETO,2022,CAMION,5
LORETO,2022,REMOLCADOR,0
LORETO,2022,REMOLQUE Y SEMIREMOLQUE,1
LORETO,2022,VEHÍCULO NO IDENTIFICADO,1
LORETO,2022,OTROS,8
LORETO,2022,MOTO,123
LORETO,2022,MOTOKAR,51
LORETO,2022,TRICICLO,0
LORETO,2022,FURGONETA,6
LORETO,2022,BICICLETA,0
LORETO,2022,VEHÍCULO IDENTIFICADO,0
LORETO,2022,OTROS,0
LORETO,2023,AUTOMOVIL,24
LORETO,2023,STATION WAGON,0
LORETO,2023,CAMIONETA PICKUP,0
LORETO,2023,CAMIONETA RURAL,8
LORETO,2023,CAMIONETA PANEL,0
LORETO,2023,OMNIBUS,3
LORETO,2023,CAMION,9
LORETO,2023,REMOLCADOR,0
LORETO,2023,REMOLQUE Y SEMIREMOLQUE,2
LORETO,2023,VEHÍCULO NO IDENTIFICADO,0
LORETO,2023,OTROS,12
LORETO,2023,MOTO,143
LORETO,2023,MOTOKAR,134
LORETO,2023,TRICICLO,0
LORETO,2023,FURGONETA,0
LORETO,2023,BICICLETA,0
LORETO,2023,VEHÍCULO IDENTIFICADO,3
LORETO,2023,OTROS,4
LORETO,2024,AUTOMOVIL,22
LORETO,2024,STATION WAGON,0
LORETO,2024,CAMIONETA PICKUP,0
LORETO,2024,CAMIONETA RURAL,6
LORETO,2024,CAMIONETA PANEL,0
LORETO,2024,OMNIBUS,2
LORETO,2024,CAMION,11
LORETO,2024,REMOLCADOR,0
LORETO,2024,REMOLQUE Y SEMIREMOLQUE,3
LORETO,2024,VEHÍCULO NO IDENTIFICADO,0
LORETO,2024,OTROS,3
LORETO,2024,MOTO,236
LORETO,2024,MOTOKAR,189
LORETO,2024,TRICICLO,6
LORETO,2024,FURGONETA,3
LORETO,2024,BICICLETA,0
LORETO,2024,VEHÍCULO IDENTIFICADO,1
LORETO,2024,OTROS,7
MADRE DE DIOS,2008,AUTO,12
MADRE DE DIOS,2008,CAMIONETA,8
MADRE DE DIOS,2008,MICROBUS,1
MADRE DE DIOS,2008,OMNIBUS,4
MADRE DE DIOS,2008,CAMIÓN,3
MADRE DE DIOS,2008,TRAYLER,0
MADRE DE DIOS,2008,VOLQUETE,6
MADRE DE DIOS,2008,BICICLETA,1
MADRE DE DIOS,2008,FURGÓN,0
MADRE DE DIOS,2008,TRICICLO,11
MADRE DE DIOS,2008,MOTOKAR,65
MADRE DE DIOS,2008,MOTO,34
MADRE DE DIOS,2008,OTROS,3
MADRE DE DIOS,2009,AUTO,11
MADRE DE DIOS,2009,CAMIONETA,2
MADRE DE DIOS,2009,MICROBUS,1
MADRE DE DIOS,2009,OMNIBUS,3
MADRE DE DIOS,2009,CAMIÓN,0
MADRE DE DIOS,2009,TRAYLER,1
MADRE DE DIOS,2009,VOLQUETE,1
MADRE DE DIOS,2009,BICICLETA,0
MADRE DE DIOS,2009,FURGÓN,0
MADRE DE DIOS,2009,TRICICLO,9
MADRE DE DIOS,2009,MOTOKAR,42
MADRE DE DIOS,2009,MOTO,28
MADRE DE DIOS,2009,OTROS,2
MADRE DE DIOS,2010,AUTO,7
MADRE DE DIOS,2010,CAMIONETA,24
MADRE DE DIOS,2010,MICROBUS,0
MADRE DE DIOS,2010,OMNIBUS,1
MADRE DE DIOS,2010,CAMIÓN,7
MADRE DE DIOS,2010,TRAYLER,0
MADRE DE DIOS,2010,VOLQUETE,1
MADRE DE DIOS,2010,BICICLETA,0
MADRE DE DIOS,2010,FURGÓN,0
MADRE DE DIOS,2010,TRICICLO,0
MADRE DE DIOS,2010,MOTOKAR,1
MADRE DE DIOS,2010,MOTO,36
MADRE DE DIOS,2010,OTROS,0
MADRE DE DIOS,2011,AUTO,13
MADRE DE DIOS,2011,CAMIONETA,9
MADRE DE DIOS,2011,MICROBUS,1
MADRE DE DIOS,2011,OMNIBUS,1
MADRE DE DIOS,2011,CAMIÓN,8
MADRE DE DIOS,2011,TRAYLER,0
MADRE DE DIOS,2011,VOLQUETE,1
MADRE DE DIOS,2011,BICICLETA,0
MADRE DE DIOS,2011,FURGÓN,0
MADRE DE DIOS,2011,TRICICLO,0
MADRE DE DIOS,2011,MOTOKAR,6
MADRE DE DIOS,2011,MOTO,69
MADRE DE DIOS,2011,OTROS,1
MADRE DE DIOS,2012,AUTO,11
MADRE DE DIOS,2012,CAMIONETA,6
MADRE DE DIOS,2012,MICROBUS,4
MADRE DE DIOS,2012,OMNIBUS,0
MADRE DE DIOS,2012,CAMIÓN,2
MADRE DE DIOS,2012,TRAYLER,0
MADRE DE DIOS,2012,VOLQUETE,0
MADRE DE DIOS,2012,BICICLETA,0
MADRE DE DIOS,2012,FURGÓN,0
MADRE DE DIOS,2012,TRICICLO,0
MADRE DE DIOS,2012,MOTOKAR,1
MADRE DE DIOS,2012,MOTO,165
MADRE DE DIOS,2012,OTROS,1
MADRE DE DIOS,2013,AUTO,31
MADRE DE DIOS,2013,CAMIONETA,53
MADRE DE DIOS,2013,MICROBUS,0
MADRE DE DIOS,2013,OMNIBUS,4
MADRE DE DIOS,2013,CAMIÓN,9
MADRE DE DIOS,2013,TRAYLER,1
MADRE DE DIOS,2013,VOLQUETE,1
MADRE DE DIOS,2013,BICICLETA,0
MADRE DE DIOS,2013,FURGÓN,0
MADRE DE DIOS,2013,TRICICLO,0
MADRE DE DIOS,2013,MOTOKAR,129
MADRE DE DIOS,2013,MOTO,444
MADRE DE DIOS,2013,OTROS,11
MADRE DE DIOS,2014,AUTO,43
MADRE DE DIOS,2014,CAMIONETA,35
MADRE DE DIOS,2014,MICROBUS,24
MADRE DE DIOS,2014,OMNIBUS,3
MADRE DE DIOS,2014,CAMIÓN,13
MADRE DE DIOS,2014,TRAYLER,1
MADRE DE DIOS,2014,VOLQUETE,1
MADRE DE DIOS,2014,BICICLETA,2
MADRE DE DIOS,2014,FURGÓN,2
MADRE DE DIOS,2014,TRICICLO,0
MADRE DE DIOS,2014,MOTOKAR,105
MADRE DE DIOS,2014,MOTO,438
MADRE DE DIOS,2014,OTROS,6
MADRE DE DIOS,2015,AUTOMOVIL,71
MADRE DE DIOS,2015,STATION WAGON,25
MADRE DE DIOS,2015,CAMIONETA PICKUP,14
MADRE DE DIOS,2015,CAMIONETA RURAL,16
MADRE DE DIOS,2015,CAMIONETA PANEL,2
MADRE DE DIOS,2015,OMNIBUS,3
MADRE DE DIOS,2015,CAMION,13
MADRE DE DIOS,2015,REMOLCADOR,6
MADRE DE DIOS,2015,REMOLQUE Y SEMIREMOLQUE,4
MADRE DE DIOS,2015,VEHÍCULO NO IDENTIFICADO,5
MADRE DE DIOS,2015,MOTO,465
MADRE DE DIOS,2015,MOTOKAR,80
MADRE DE DIOS,2015,TRICICLO,2
MADRE DE DIOS,2015,FURGONETA,0
MADRE DE DIOS,2015,BICICLETA,2
MADRE DE DIOS,2015,VEHÍCULO IDENTIFICADO,2
MADRE DE DIOS,2015,OTRO,0
MADRE DE DIOS,2016,AUTOMOVIL,49
MADRE DE DIOS,2016,STATION WAGON,30
MADRE DE DIOS,2016,CAMIONETA PICKUP,18
MADRE DE DIOS,2016,CAMIONETA RURAL,18
MADRE DE DIOS,2016,CAMIONETA PANEL,0
MADRE DE DIOS,2016,OMNIBUS,0
MADRE DE DIOS,2016,CAMION,14
MADRE DE DIOS,2016,REMOLCADOR,1
MADRE DE DIOS,2016,REMOLQUE Y SEMIREMOLQUE,3
MADRE DE DIOS,2016,VEHÍCULO NO IDENTIFICADO,1
MADRE DE DIOS,2016,MOTO,612
MADRE DE DIOS,2016,MOTOKAR,146
MADRE DE DIOS,2016,TRICICLO,3
MADRE DE DIOS,2016,FURGONETA,0
MADRE DE DIOS,2016,BICICLETA,0
MADRE DE DIOS,2016,VEHÍCULO IDENTIFICADO,2
MADRE DE DIOS,2016,OTRO,3
MADRE DE DIOS,2017,AUTOMOVIL,85
MADRE DE DIOS,2017,STATION WAGON,40
MADRE DE DIOS,2017,CAMIONETA PICKUP,43
MADRE DE DIOS,2017,CAMIONETA RURAL,10
MADRE DE DIOS,2017,CAMIONETA PANEL,6
MADRE DE DIOS,2017,OMNIBUS,7
MADRE DE DIOS,2017,CAMION,23
MADRE DE DIOS,2017,REMOLCADOR,5
MADRE DE DIOS,2017,REMOLQUE Y SEMIREMOLQUE,2
MADRE DE DIOS,2017,VEHÍCULO NO IDENTIFICADO,3
MADRE DE DIOS,2017,MOTO,412
MADRE DE DIOS,2017,MOTOKAR,203
MADRE DE DIOS,2017,TRICICLO,17
MADRE DE DIOS,2017,FURGONETA,9
MADRE DE DIOS,2017,BICICLETA,1
MADRE DE DIOS,2017,VEHÍCULO IDENTIFICADO,3
MADRE DE DIOS,2017,OTRO,2
MADRE DE DIOS,2018,AUTOMOVIL,72
MADRE DE DIOS,2018,STATION WAGON,22
MADRE DE DIOS,2018,CAMIONETA PICKUP,36
MADRE DE DIOS,2018,CAMIONETA RURAL,8
MADRE DE DIOS,2018,CAMIONETA PANEL,1
MADRE DE DIOS,2018,OMNIBUS,8
MADRE DE DIOS,2018,CAMION,20
MADRE DE DIOS,2018,REMOLCADOR,0
MADRE DE DIOS,2018,REMOLQUE Y SEMIREMOLQUE,1
MADRE DE DIOS,2018,VEHÍCULO NO IDENTIFICADO,0
MADRE DE DIOS,2018,OTROS,1
MADRE DE DIOS,2018,MOTO,417
MADRE DE DIOS,2018,MOTOKAR,97
MADRE DE DIOS,2018,TRICICLO,9
MADRE DE DIOS,2018,FURGONETA,0
MADRE DE DIOS,2018,BICICLETA,0
MADRE DE DIOS,2018,VEHÍCULO IDENTIFICADO,0
MADRE DE DIOS,2018,OTROS,1
MADRE DE DIOS,2019,AUTOMOVIL,42
MADRE DE DIOS,2019,STATION WAGON,7
MADRE DE DIOS,2019,CAMIONETA PICKUP,15
MADRE DE DIOS,2019,CAMIONETA RURAL,4
MADRE DE DIOS,2019,CAMIONETA PANEL,1
MADRE DE DIOS,2019,OMNIBUS,4
MADRE DE DIOS,2019,CAMION,10
MADRE DE DIOS,2019,REMOLCADOR,2
MADRE DE DIOS,2019,REMOLQUE Y SEMIREMOLQUE,1
MADRE DE DIOS,2019,VEHÍCULO NO IDENTIFICADO,0
MADRE DE DIOS,2019,OTROS,3
MADRE DE DIOS,2019,MOTO,327
MADRE DE DIOS,2019,MOTOKAR,146
MADRE DE DIOS,2019,TRICICLO,9
MADRE DE DIOS,2019,FURGONETA,0
MADRE DE DIOS,2019,BICICLETA,0
MADRE DE DIOS,2019,VEHÍCULO IDENTIFICADO,0
MADRE DE DIOS,2019,OTROS,3
MADRE DE DIOS,2020,AUTOMOVIL,53
MADRE DE DIOS,2020,STATION WAGON,2
MADRE DE DIOS,2020,CAMIONETA PICKUP,12
MADRE DE DIOS,2020,CAMIONETA RURAL,8
MADRE DE DIOS,2020,CAMIONETA PANEL,10
MADRE DE DIOS,2020,OMNIBUS,1
MADRE DE DIOS,2020,CAMION,11
MADRE DE DIOS,2020,REMOLCADOR,6
MADRE DE DIOS,2020,REMOLQUE Y SEMIREMOLQUE,28
MADRE DE DIOS,2020,VEHÍCULO NO IDENTIFICADO,1
MADRE DE DIOS,2020,OTROS,3
MADRE DE DIOS,2020,MOTO,344
MADRE DE DIOS,2020,MOTOKAR,66
MADRE DE DIOS,2020,TRICICLO,0
MADRE DE DIOS,2020,FURGONETA,2
MADRE DE DIOS,2020,BICICLETA,0
MADRE DE DIOS,2020,VEHÍCULO IDENTIFICADO,3
MADRE DE DIOS,2020,OTROS,18
MADRE DE DIOS,2021,AUTOMOVIL,101
MADRE DE DIOS,2021,STATION WAGON,3
MADRE DE DIOS,2021,CAMIONETA PICKUP,13
MADRE DE DIOS,2021,CAMIONETA RURAL,4
MADRE DE DIOS,2021,CAMIONETA PANEL,3
MADRE DE DIOS,2021,OMNIBUS,2
MADRE DE DIOS,2021,CAMION,15
MADRE DE DIOS,2021,REMOLCADOR,2
MADRE DE DIOS,2021,REMOLQUE Y SEMIREMOLQUE,9
MADRE DE DIOS,2021,VEHÍCULO NO IDENTIFICADO,1
MADRE DE DIOS,2021,OTROS,17
MADRE DE DIOS,2021,MOTO,531
MADRE DE DIOS,2021,MOTOKAR,101
MADRE DE DIOS,2021,TRICICLO,3
MADRE DE DIOS,2021,FURGONETA,4
MADRE DE DIOS,2021,BICICLETA,0
MADRE DE DIOS,2021,VEHÍCULO IDENTIFICADO,0
MADRE DE DIOS,2021,OTROS,32
MADRE DE DIOS,2022,AUTOMOVIL,71
MADRE DE DIOS,2022,STATION WAGON,6
MADRE DE DIOS,2022,CAMIONETA PICKUP,19
MADRE DE DIOS,2022,CAMIONETA RURAL,18
MADRE DE DIOS,2022,CAMIONETA PANEL,2
MADRE DE DIOS,2022,OMNIBUS,2
MADRE DE DIOS,2022,CAMION,17
MADRE DE DIOS,2022,REMOLCADOR,3
MADRE DE DIOS,2022,REMOLQUE Y SEMIREMOLQUE,0
MADRE DE DIOS,2022,VEHÍCULO NO IDENTIFICADO,4
MADRE DE DIOS,2022,OTROS,45
MADRE DE DIOS,2022,MOTO,536
MADRE DE DIOS,2022,MOTOKAR,114
MADRE DE DIOS,2022,TRICICLO,1
MADRE DE DIOS,2022,FURGONETA,4
MADRE DE DIOS,2022,BICICLETA,0
MADRE DE DIOS,2022,VEHÍCULO IDENTIFICADO,0
MADRE DE DIOS,2022,OTROS,32
MADRE DE DIOS,2023,AUTOMOVIL,64
MADRE DE DIOS,2023,STATION WAGON,4
MADRE DE DIOS,2023,CAMIONETA PICKUP,11
MADRE DE DIOS,2023,CAMIONETA RURAL,26
MADRE DE DIOS,2023,CAMIONETA PANEL,1
MADRE DE DIOS,2023,OMNIBUS,1
MADRE DE DIOS,2023,CAMION,5
MADRE DE DIOS,2023,REMOLCADOR,1
MADRE DE DIOS,2023,REMOLQUE Y SEMIREMOLQUE,2
MADRE DE DIOS,2023,VEHÍCULO NO IDENTIFICADO,2
MADRE DE DIOS,2023,OTROS,7
MADRE DE DIOS,2023,MOTO,322
MADRE DE DIOS,2023,MOTOKAR,78
MADRE DE DIOS,2023,TRICICLO,2
MADRE DE DIOS,2023,FURGONETA,9
MADRE DE DIOS,2023,BICICLETA,0
MADRE DE DIOS,2023,VEHÍCULO IDENTIFICADO,1
MADRE DE DIOS,2023,OTROS,2
MADRE DE DIOS,2024,AUTOMOVIL,78
MADRE DE DIOS,2024,STATION WAGON,1
MADRE DE DIOS,2024,CAMIONETA PICKUP,6
MADRE DE DIOS,2024,CAMIONETA RURAL,15
MADRE DE DIOS,2024,CAMIONETA PANEL,1
MADRE DE DIOS,2024,OMNIBUS,2
MADRE DE DIOS,2024,CAMION,16
MADRE DE DIOS,2024,REMOLCADOR,0
MADRE DE DIOS,2024,REMOLQUE Y SEMIREMOLQUE,0
MADRE DE DIOS,2024,VEHÍCULO NO IDENTIFICADO,2
MADRE DE DIOS,2024,OTROS,6
MADRE DE DIOS,2024,MOTO,330
MADRE DE DIOS,2024,MOTOKAR,18
MADRE DE DIOS,2024,TRICICLO,0
MADRE DE DIOS,2024,FURGONETA,9
MADRE DE DIOS,2024,BICICLETA,0
MADRE DE DIOS,2024,VEHÍCULO IDENTIFICADO,1
MADRE DE DIOS,2024,OTROS,8
MOQUEGUA,2008,AUTO,164
MOQUEGUA,2008,CAMIONETA,381
MOQUEGUA,2008,MICROBUS,11
MOQUEGUA,2008,OMNIBUS,37
MOQUEGUA,2008,CAMIÓN,33
MOQUEGUA,2008,TRAYLER,22
MOQUEGUA,2008,VOLQUETE,5
MOQUEGUA,2008,BICICLETA,8
MOQUEGUA,2008,FURGÓN,0
MOQUEGUA,2008,TRICICLO,0
MOQUEGUA,2008,MOTOKAR,0
MOQUEGUA,2008,MOTO,38
MOQUEGUA,2008,OTROS,13
MOQUEGUA,2009,AUTO,197
MOQUEGUA,2009,CAMIONETA,343
MOQUEGUA,2009,MICROBUS,2
MOQUEGUA,2009,OMNIBUS,30
MOQUEGUA,2009,CAMIÓN,40
MOQUEGUA,2009,TRAYLER,32
MOQUEGUA,2009,VOLQUETE,4
MOQUEGUA,2009,BICICLETA,8
MOQUEGUA,2009,FURGÓN,0
MOQUEGUA,2009,TRICICLO,4
MOQUEGUA,2009,MOTOKAR,2
MOQUEGUA,2009,MOTO,56
MOQUEGUA,2009,OTROS,166
MOQUEGUA,2010,AUTO,243
MOQUEGUA,2010,CAMIONETA,144
MOQUEGUA,2010,MICROBUS,6
MOQUEGUA,2010,OMNIBUS,45
MOQUEGUA,2010,CAMIÓN,55
MOQUEGUA,2010,TRAYLER,13
MOQUEGUA,2010,VOLQUETE,6
MOQUEGUA,2010,BICICLETA,1
MOQUEGUA,2010,FURGÓN,0
MOQUEGUA,2010,TRICICLO,4
MOQUEGUA,2010,MOTOKAR,1
MOQUEGUA,2010,MOTO,69
MOQUEGUA,2010,OTROS,283
MOQUEGUA,2011,AUTO,308
MOQUEGUA,2011,CAMIONETA,366
MOQUEGUA,2011,MICROBUS,18
MOQUEGUA,2011,OMNIBUS,58
MOQUEGUA,2011,CAMIÓN,50
MOQUEGUA,2011,TRAYLER,10
MOQUEGUA,2011,VOLQUETE,2
MOQUEGUA,2011,BICICLETA,7
MOQUEGUA,2011,FURGÓN,1
MOQUEGUA,2011,TRICICLO,4
MOQUEGUA,2011,MOTOKAR,21
MOQUEGUA,2011,MOTO,98
MOQUEGUA,2011,OTROS,53
MOQUEGUA,2012,AUTO,286
MOQUEGUA,2012,CAMIONETA,351
MOQUEGUA,2012,MICROBUS,9
MOQUEGUA,2012,OMNIBUS,36
MOQUEGUA,2012,CAMIÓN,69
MOQUEGUA,2012,TRAYLER,11
MOQUEGUA,2012,VOLQUETE,10
MOQUEGUA,2012,BICICLETA,4
MOQUEGUA,2012,FURGÓN,2
MOQUEGUA,2012,TRICICLO,3
MOQUEGUA,2012,MOTOKAR,6
MOQUEGUA,2012,MOTO,71
MOQUEGUA,2012,OTROS,129
MOQUEGUA,2013,AUTO,395
MOQUEGUA,2013,CAMIONETA,472
MOQUEGUA,2013,MICROBUS,9
MOQUEGUA,2013,OMNIBUS,44
MOQUEGUA,2013,CAMIÓN,51
MOQUEGUA,2013,TRAYLER,23
MOQUEGUA,2013,VOLQUETE,12
MOQUEGUA,2013,BICICLETA,2
MOQUEGUA,2013,FURGÓN,1
MOQUEGUA,2013,TRICICLO,2
MOQUEGUA,2013,MOTOKAR,10
MOQUEGUA,2013,MOTO,71
MOQUEGUA,2013,OTROS,28
MOQUEGUA,2014,AUTO,318
MOQUEGUA,2014,CAMIONETA,237
MOQUEGUA,2014,MICROBUS,74
MOQUEGUA,2014,OMNIBUS,24
MOQUEGUA,2014,CAMIÓN,61
MOQUEGUA,2014,TRAYLER,3
MOQUEGUA,2014,VOLQUETE,11
MOQUEGUA,2014,BICICLETA,1
MOQUEGUA,2014,FURGÓN,0
MOQUEGUA,2014,TRICICLO,1
MOQUEGUA,2014,MOTOKAR,10
MOQUEGUA,2014,MOTO,64
MOQUEGUA,2014,OTROS,15
MOQUEGUA,2015,AUTOMOVIL,305
MOQUEGUA,2015,STATION WAGON,59
MOQUEGUA,2015,CAMIONETA PICKUP,134
MOQUEGUA,2015,CAMIONETA RURAL,68
MOQUEGUA,2015,CAMIONETA PANEL,4
MOQUEGUA,2015,OMNIBUS,23
MOQUEGUA,2015,CAMION,57
MOQUEGUA,2015,REMOLCADOR,11
MOQUEGUA,2015,REMOLQUE Y SEMIREMOLQUE,8
MOQUEGUA,2015,VEHÍCULO NO IDENTIFICADO,8
MOQUEGUA,2015,MOTO,47
MOQUEGUA,2015,MOTOKAR,9
MOQUEGUA,2015,TRICICLO,0
MOQUEGUA,2015,FURGONETA,0
MOQUEGUA,2015,BICICLETA,3
MOQUEGUA,2015,VEHÍCULO IDENTIFICADO,2
MOQUEGUA,2015,OTRO,7
MOQUEGUA,2016,AUTOMOVIL,320
MOQUEGUA,2016,STATION WAGON,75
MOQUEGUA,2016,CAMIONETA PICKUP,111
MOQUEGUA,2016,CAMIONETA RURAL,59
MOQUEGUA,2016,CAMIONETA PANEL,7
MOQUEGUA,2016,OMNIBUS,21
MOQUEGUA,2016,CAMION,22
MOQUEGUA,2016,REMOLCADOR,9
MOQUEGUA,2016,REMOLQUE Y SEMIREMOLQUE,16
MOQUEGUA,2016,VEHÍCULO NO IDENTIFICADO,19
MOQUEGUA,2016,MOTO,66
MOQUEGUA,2016,MOTOKAR,7
MOQUEGUA,2016,TRICICLO,0
MOQUEGUA,2016,FURGONETA,0
MOQUEGUA,2016,BICICLETA,2
MOQUEGUA,2016,VEHÍCULO IDENTIFICADO,2
MOQUEGUA,2016,OTRO,4
MOQUEGUA,2017,AUTOMOVIL,385
MOQUEGUA,2017,STATION WAGON,87
MOQUEGUA,2017,CAMIONETA PICKUP,86
MOQUEGUA,2017,CAMIONETA RURAL,58
MOQUEGUA,2017,CAMIONETA PANEL,16
MOQUEGUA,2017,OMNIBUS,26
MOQUEGUA,2017,CAMION,25
MOQUEGUA,2017,REMOLCADOR,10
MOQUEGUA,2017,REMOLQUE Y SEMIREMOLQUE,14
MOQUEGUA,2017,VEHÍCULO NO IDENTIFICADO,6
MOQUEGUA,2017,MOTO,49
MOQUEGUA,2017,MOTOKAR,2
MOQUEGUA,2017,TRICICLO,1
MOQUEGUA,2017,FURGONETA,0
MOQUEGUA,2017,BICICLETA,4
MOQUEGUA,2017,VEHÍCULO IDENTIFICADO,1
MOQUEGUA,2017,OTRO,23
MOQUEGUA,2018,AUTOMOVIL,307
MOQUEGUA,2018,STATION WAGON,83
MOQUEGUA,2018,CAMIONETA PICKUP,93
MOQUEGUA,2018,CAMIONETA RURAL,61
MOQUEGUA,2018,CAMIONETA PANEL,11
MOQUEGUA,2018,OMNIBUS,12
MOQUEGUA,2018,CAMION,28
MOQUEGUA,2018,REMOLCADOR,12
MOQUEGUA,2018,REMOLQUE Y SEMIREMOLQUE,29
MOQUEGUA,2018,VEHÍCULO NO IDENTIFICADO,11
MOQUEGUA,2018,OTROS,17
MOQUEGUA,2018,MOTO,39
MOQUEGUA,2018,MOTOKAR,1
MOQUEGUA,2018,TRICICLO,1
MOQUEGUA,2018,FURGONETA,0
MOQUEGUA,2018,BICICLETA,0
MOQUEGUA,2018,VEHÍCULO IDENTIFICADO,0
MOQUEGUA,2018,OTROS,0
MOQUEGUA,2019,AUTOMOVIL,336
MOQUEGUA,2019,STATION WAGON,77
MOQUEGUA,2019,CAMIONETA PICKUP,81
MOQUEGUA,2019,CAMIONETA RURAL,62
MOQUEGUA,2019,CAMIONETA PANEL,5
MOQUEGUA,2019,OMNIBUS,19
MOQUEGUA,2019,CAMION,25
MOQUEGUA,2019,REMOLCADOR,10
MOQUEGUA,2019,REMOLQUE Y SEMIREMOLQUE,11
MOQUEGUA,2019,VEHÍCULO NO IDENTIFICADO,5
MOQUEGUA,2019,OTROS,17
MOQUEGUA,2019,MOTO,57
MOQUEGUA,2019,MOTOKAR,6
MOQUEGUA,2019,TRICICLO,0
MOQUEGUA,2019,FURGONETA,1
MOQUEGUA,2019,BICICLETA,1
MOQUEGUA,2019,VEHÍCULO IDENTIFICADO,2
MOQUEGUA,2019,OTROS,0
MOQUEGUA,2020,AUTOMOVIL,244
MOQUEGUA,2020,STATION WAGON,16
MOQUEGUA,2020,CAMIONETA PICKUP,12
MOQUEGUA,2020,CAMIONETA RURAL,34
MOQUEGUA,2020,CAMIONETA PANEL,6
MOQUEGUA,2020,OMNIBUS,7
MOQUEGUA,2020,CAMION,36
MOQUEGUA,2020,REMOLCADOR,17
MOQUEGUA,2020,REMOLQUE Y SEMIREMOLQUE,7
MOQUEGUA,2020,VEHÍCULO NO IDENTIFICADO,3
MOQUEGUA,2020,OTROS,11
MOQUEGUA,2020,MOTO,41
MOQUEGUA,2020,MOTOKAR,1
MOQUEGUA,2020,TRICICLO,0
MOQUEGUA,2020,FURGONETA,0
MOQUEGUA,2020,BICICLETA,1
MOQUEGUA,2020,VEHÍCULO IDENTIFICADO,0
MOQUEGUA,2020,OTROS,5
MOQUEGUA,2021,AUTOMOVIL,301
MOQUEGUA,2021,STATION WAGON,57
MOQUEGUA,2021,CAMIONETA PICKUP,70
MOQUEGUA,2021,CAMIONETA RURAL,34
MOQUEGUA,2021,CAMIONETA PANEL,9
MOQUEGUA,2021,OMNIBUS,8
MOQUEGUA,2021,CAMION,38
MOQUEGUA,2021,REMOLCADOR,9
MOQUEGUA,2021,REMOLQUE Y SEMIREMOLQUE,21
MOQUEGUA,2021,VEHÍCULO NO IDENTIFICADO,2
MOQUEGUA,2021,OTROS,27
MOQUEGUA,2021,MOTO,73
MOQUEGUA,2021,MOTOKAR,10
MOQUEGUA,2021,TRICICLO,0
MOQUEGUA,2021,FURGONETA,0
MOQUEGUA,2021,BICICLETA,2
MOQUEGUA,2021,VEHÍCULO IDENTIFICADO,0
MOQUEGUA,2021,OTROS,5
MOQUEGUA,2022,AUTOMOVIL,324
MOQUEGUA,2022,STATION WAGON,84
MOQUEGUA,2022,CAMIONETA PICKUP,101
MOQUEGUA,2022,CAMIONETA RURAL,51
MOQUEGUA,2022,CAMIONETA PANEL,11
MOQUEGUA,2022,OMNIBUS,24
MOQUEGUA,2022,CAMION,34
MOQUEGUA,2022,REMOLCADOR,14
MOQUEGUA,2022,REMOLQUE Y SEMIREMOLQUE,21
MOQUEGUA,2022,VEHÍCULO NO IDENTIFICADO,14
MOQUEGUA,2022,OTROS,22
MOQUEGUA,2022,MOTO,138
MOQUEGUA,2022,MOTOKAR,30
MOQUEGUA,2022,TRICICLO,2
MOQUEGUA,2022,FURGONETA,0
MOQUEGUA,2022,BICICLETA,0
MOQUEGUA,2022,VEHÍCULO IDENTIFICADO,3
MOQUEGUA,2022,OTROS,17
MOQUEGUA,2023,AUTOMOVIL,358
MOQUEGUA,2023,STATION WAGON,121
MOQUEGUA,2023,CAMIONETA PICKUP,113
MOQUEGUA,2023,CAMIONETA RURAL,48
MOQUEGUA,2023,CAMIONETA PANEL,14
MOQUEGUA,2023,OMNIBUS,30
MOQUEGUA,2023,CAMION,39
MOQUEGUA,2023,REMOLCADOR,19
MOQUEGUA,2023,REMOLQUE Y SEMIREMOLQUE,15
MOQUEGUA,2023,VEHÍCULO NO IDENTIFICADO,14
MOQUEGUA,2023,OTROS,52
MOQUEGUA,2023,MOTO,107
MOQUEGUA,2023,MOTOKAR,8
MOQUEGUA,2023,TRICICLO,1
MOQUEGUA,2023,FURGONETA,0
MOQUEGUA,2023,BICICLETA,1
MOQUEGUA,2023,VEHÍCULO IDENTIFICADO,4
MOQUEGUA,2023,OTROS,26
MOQUEGUA,2024,AUTOMOVIL,310
MOQUEGUA,2024,STATION WAGON,41
MOQUEGUA,2024,CAMIONETA PICKUP,102
MOQUEGUA,2024,CAMIONETA RURAL,42
MOQUEGUA,2024,CAMIONETA PANEL,19
MOQUEGUA,2024,OMNIBUS,16
MOQUEGUA,2024,CAMION,31
MOQUEGUA,2024,REMOLCADOR,8
MOQUEGUA,2024,REMOLQUE Y SEMIREMOLQUE,16
MOQUEGUA,2024,VEHÍCULO NO IDENTIFICADO,9
MOQUEGUA,2024,OTROS,33
MOQUEGUA,2024,MOTO,81
MOQUEGUA,2024,MOTOKAR,1
MOQUEGUA,2024,TRICICLO,0
MOQUEGUA,2024,FURGONETA,1
MOQUEGUA,2024,BICICLETA,3
MOQUEGUA,2024,VEHÍCULO IDENTIFICADO,0
MOQUEGUA,2024,OTROS,2
PASCO,2008,AUTO,29
PASCO,2008,CAMIONETA,30
PASCO,2008,MICROBUS,1
PASCO,2008,OMNIBUS,3
PASCO,2008,CAMIÓN,2
PASCO,2008,TRAYLER,0
PASCO,2008,VOLQUETE,0
PASCO,2008,BICICLETA,0
PASCO,2008,FURGÓN,0
PASCO,2008,TRICICLO,0
PASCO,2008,MOTOKAR,14
PASCO,2008,MOTO,13
PASCO,2008,OTROS,1
PASCO,2009,AUTO,58
PASCO,2009,CAMIONETA,87
PASCO,2009,MICROBUS,1
PASCO,2009,OMNIBUS,10
PASCO,2009,CAMIÓN,23
PASCO,2009,TRAYLER,4
PASCO,2009,VOLQUETE,6
PASCO,2009,BICICLETA,1
PASCO,2009,FURGÓN,0
PASCO,2009,TRICICLO,0
PASCO,2009,MOTOKAR,8
PASCO,2009,MOTO,3
PASCO,2009,OTROS,19
PASCO,2010,AUTO,62
PASCO,2010,CAMIONETA,92
PASCO,2010,MICROBUS,4
PASCO,2010,OMNIBUS,10
PASCO,2010,CAMIÓN,16
PASCO,2010,TRAYLER,4
PASCO,2010,VOLQUETE,3
PASCO,2010,BICICLETA,0
PASCO,2010,FURGÓN,0
PASCO,2010,TRICICLO,0
PASCO,2010,MOTOKAR,5
PASCO,2010,MOTO,3
PASCO,2010,OTROS,9
PASCO,2011,AUTO,57
PASCO,2011,CAMIONETA,98
PASCO,2011,MICROBUS,3
PASCO,2011,OMNIBUS,13
PASCO,2011,CAMIÓN,20
PASCO,2011,TRAYLER,2
PASCO,2011,VOLQUETE,0
PASCO,2011,BICICLETA,0
PASCO,2011,FURGÓN,0
PASCO,2011,TRICICLO,0
PASCO,2011,MOTOKAR,6
PASCO,2011,MOTO,3
PASCO,2011,OTROS,27
PASCO,2012,AUTO,38
PASCO,2012,CAMIONETA,59
PASCO,2012,MICROBUS,0
PASCO,2012,OMNIBUS,3
PASCO,2012,CAMIÓN,19
PASCO,2012,TRAYLER,0
PASCO,2012,VOLQUETE,0
PASCO,2012,BICICLETA,0
PASCO,2012,FURGÓN,0
PASCO,2012,TRICICLO,0
PASCO,2012,MOTOKAR,5
PASCO,2012,MOTO,2
PASCO,2012,OTROS,19
PASCO,2013,AUTO,43
PASCO,2013,CAMIONETA,32
PASCO,2013,MICROBUS,0
PASCO,2013,OMNIBUS,3
PASCO,2013,CAMIÓN,22
PASCO,2013,TRAYLER,1
PASCO,2013,VOLQUETE,0
PASCO,2013,BICICLETA,0
PASCO,2013,FURGÓN,0
PASCO,2013,TRICICLO,0
PASCO,2013,MOTOKAR,1
PASCO,2013,MOTO,6
PASCO,2013,OTROS,5
PASCO,2014,AUTO,20
PASCO,2014,CAMIONETA,14
PASCO,2014,MICROBUS,1
PASCO,2014,OMNIBUS,3
PASCO,2014,CAMIÓN,5
PASCO,2014,TRAYLER,0
PASCO,2014,VOLQUETE,1
PASCO,2014,BICICLETA,15
PASCO,2014,FURGÓN,28
PASCO,2014,TRICICLO,56
PASCO,2014,MOTOKAR,118
PASCO,2014,MOTO,226
PASCO,2014,OTROS,16
PASCO,2015,AUTOMOVIL,24
PASCO,2015,STATION WAGON,6
PASCO,2015,CAMIONETA PICKUP,26
PASCO,2015,CAMIONETA RURAL,14
PASCO,2015,CAMIONETA PANEL,2
PASCO,2015,OMNIBUS,3
PASCO,2015,CAMION,13
PASCO,2015,REMOLCADOR,0
PASCO,2015,REMOLQUE Y SEMIREMOLQUE,2
PASCO,2015,VEHÍCULO NO IDENTIFICADO,2
PASCO,2015,MOTO,14
PASCO,2015,MOTOKAR,11
PASCO,2015,TRICICLO,0
PASCO,2015,FURGONETA,0
PASCO,2015,BICICLETA,0
PASCO,2015,VEHÍCULO IDENTIFICADO,1
PASCO,2015,OTRO,0
PASCO,2016,AUTOMOVIL,19
PASCO,2016,STATION WAGON,4
PASCO,2016,CAMIONETA PICKUP,3
PASCO,2016,CAMIONETA RURAL,6
PASCO,2016,CAMIONETA PANEL,0
PASCO,2016,OMNIBUS,3
PASCO,2016,CAMION,2
PASCO,2016,REMOLCADOR,0
PASCO,2016,REMOLQUE Y SEMIREMOLQUE,0
PASCO,2016,VEHÍCULO NO IDENTIFICADO,2
PASCO,2016,MOTO,10
PASCO,2016,MOTOKAR,14
PASCO,2016,TRICICLO,0
PASCO,2016,FURGONETA,0
PASCO,2016,BICICLETA,0
PASCO,2016,VEHÍCULO IDENTIFICADO,0
PASCO,2016,OTRO,1
PASCO,2017,AUTOMOVIL,55
PASCO,2017,STATION WAGON,6
PASCO,2017,CAMIONETA PICKUP,22
PASCO,2017,CAMIONETA RURAL,12
PASCO,2017,CAMIONETA PANEL,0
PASCO,2017,OMNIBUS,6
PASCO,2017,CAMION,14
PASCO,2017,REMOLCADOR,6
PASCO,2017,REMOLQUE Y SEMIREMOLQUE,0
PASCO,2017,VEHÍCULO NO IDENTIFICADO,3
PASCO,2017,MOTO,18
PASCO,2017,MOTOKAR,3
PASCO,2017,TRICICLO,0
PASCO,2017,FURGONETA,0
PASCO,2017,BICICLETA,0
PASCO,2017,VEHÍCULO IDENTIFICADO,0
PASCO,2017,OTRO,3
PASCO,2018,AUTOMOVIL,105
PASCO,2018,STATION WAGON,4
PASCO,2018,CAMIONETA PICKUP,39
PASCO,2018,CAMIONETA RURAL,26
PASCO,2018,CAMIONETA PANEL,2
PASCO,2018,OMNIBUS,5
PASCO,2018,CAMION,18
PASCO,2018,REMOLCADOR,3
PASCO,2018,REMOLQUE Y SEMIREMOLQUE,3
PASCO,2018,VEHÍCULO NO IDENTIFICADO,1
PASCO,2018,OTROS,14
PASCO,2018,MOTO,86
PASCO,2018,MOTOKAR,46
PASCO,2018,TRICICLO,0
PASCO,2018,FURGONETA,1
PASCO,2018,BICICLETA,1
PASCO,2018,VEHÍCULO IDENTIFICADO,0
PASCO,2018,OTROS,8
PASCO,2019,AUTOMOVIL,284
PASCO,2019,STATION WAGON,52
PASCO,2019,CAMIONETA PICKUP,75
PASCO,2019,CAMIONETA RURAL,27
PASCO,2019,CAMIONETA PANEL,8
PASCO,2019,OMNIBUS,13
PASCO,2019,CAMION,61
PASCO,2019,REMOLCADOR,5
PASCO,2019,REMOLQUE Y SEMIREMOLQUE,0
PASCO,2019,VEHÍCULO NO IDENTIFICADO,8
PASCO,2019,OTROS,57
PASCO,2019,MOTO,133
PASCO,2019,MOTOKAR,66
PASCO,2019,TRICICLO,3
PASCO,2019,FURGONETA,2
PASCO,2019,BICICLETA,1
PASCO,2019,VEHÍCULO IDENTIFICADO,6
PASCO,2019,OTROS,25
PASCO,2020,AUTOMOVIL,162
PASCO,2020,STATION WAGON,12
PASCO,2020,CAMIONETA PICKUP,60
PASCO,2020,CAMIONETA RURAL,32
PASCO,2020,CAMIONETA PANEL,2
PASCO,2020,OMNIBUS,8
PASCO,2020,CAMION,37
PASCO,2020,REMOLCADOR,7
PASCO,2020,REMOLQUE Y SEMIREMOLQUE,4
PASCO,2020,VEHÍCULO NO IDENTIFICADO,1
PASCO,2020,OTROS,26
PASCO,2020,MOTO,83
PASCO,2020,MOTOKAR,42
PASCO,2020,TRICICLO,0
PASCO,2020,FURGONETA,1
PASCO,2020,BICICLETA,2
PASCO,2020,VEHÍCULO IDENTIFICADO,1
PASCO,2020,OTROS,6
PASCO,2021,AUTOMOVIL,127
PASCO,2021,STATION WAGON,13
PASCO,2021,CAMIONETA PICKUP,19
PASCO,2021,CAMIONETA RURAL,36
PASCO,2021,CAMIONETA PANEL,1
PASCO,2021,OMNIBUS,8
PASCO,2021,CAMION,13
PASCO,2021,REMOLCADOR,3
PASCO,2021,REMOLQUE Y SEMIREMOLQUE,0
PASCO,2021,VEHÍCULO NO IDENTIFICADO,0
PASCO,2021,OTROS,7
PASCO,2021,MOTO,123
PASCO,2021,MOTOKAR,58
PASCO,2021,TRICICLO,0
PASCO,2021,FURGONETA,11
PASCO,2021,BICICLETA,1
PASCO,2021,VEHÍCULO IDENTIFICADO,0
PASCO,2021,OTROS,8
PASCO,2022,AUTOMOVIL,128
PASCO,2022,STATION WAGON,3
PASCO,2022,CAMIONETA PICKUP,29
PASCO,2022,CAMIONETA RURAL,35
PASCO,2022,CAMIONETA PANEL,7
PASCO,2022,OMNIBUS,6
PASCO,2022,CAMION,28
PASCO,2022,REMOLCADOR,3
PASCO,2022,REMOLQUE Y SEMIREMOLQUE,5
PASCO,2022,VEHÍCULO NO IDENTIFICADO,5
PASCO,2022,OTROS,33
PASCO,2022,MOTO,119
PASCO,2022,MOTOKAR,57
PASCO,2022,TRICICLO,1
PASCO,2022,FURGONETA,0
PASCO,2022,BICICLETA,0
PASCO,2022,VEHÍCULO IDENTIFICADO,0
PASCO,2022,OTROS,10
PASCO,2023,AUTOMOVIL,115
PASCO,2023,STATION WAGON,0
PASCO,2023,CAMIONETA PICKUP,29
PASCO,2023,CAMIONETA RURAL,11
PASCO,2023,CAMIONETA PANEL,4
PASCO,2023,OMNIBUS,2
PASCO,2023,CAMION,14
PASCO,2023,REMOLCADOR,1
PASCO,2023,REMOLQUE Y SEMIREMOLQUE,1
PASCO,2023,VEHÍCULO NO IDENTIFICADO,0
PASCO,2023,OTROS,46
PASCO,2023,MOTO,150
PASCO,2023,MOTOKAR,47
PASCO,2023,TRICICLO,1
PASCO,2023,FURGONETA,1
PASCO,2023,BICICLETA,2
PASCO,2023,VEHÍCULO IDENTIFICADO,1
PASCO,2023,OTROS,6
PASCO,2024,AUTOMOVIL,156
PASCO,2024,STATION WAGON,2
PASCO,2024,CAMIONETA PICKUP,47
PASCO,2024,CAMIONETA RURAL,29
PASCO,2024,CAMIONETA PANEL,13
PASCO,2024,OMNIBUS,9
PASCO,2024,CAMION,28
PASCO,2024,REMOLCADOR,2
PASCO,2024,REMOLQUE Y SEMIREMOLQUE,0
PASCO,2024,VEHÍCULO NO IDENTIFICADO,0
PASCO,2024,OTROS,28
PASCO,2024,MOTO,142
PASCO,2024,MOTOKAR,29
PASCO,2024,TRICICLO,0
PASCO,2024,FURGONETA,1
PASCO,2024,BICICLETA,0
PASCO,2024,VEHÍCULO IDENTIFICADO,0
PASCO,2024,OTROS,9
PIURA,2008,AUTO,430
PIURA,2008,CAMIONETA,339
PIURA,2008,MICROBUS,161
PIURA,2008,OMNIBUS,59
PIURA,2008,CAMIÓN,104
PIURA,2008,TRAYLER,16
PIURA,2008,VOLQUETE,14
PIURA,2008,BICICLETA,38
PIURA,2008,FURGÓN,0
PIURA,2008,TRICICLO,26
PIURA,2008,MOTOKAR,542
PIURA,2008,MOTO,395
PIURA,2008,OTROS,52
PIURA,2009,AUTO,447
PIURA,2009,CAMIONETA,385
PIURA,2009,MICROBUS,83
PIURA,2009,OMNIBUS,55
PIURA,2009,CAMIÓN,79
PIURA,2009,TRAYLER,13
PIURA,2009,VOLQUETE,12
PIURA,2009,BICICLETA,33
PIURA,2009,FURGÓN,0
PIURA,2009,TRICICLO,7
PIURA,2009,MOTOKAR,697
PIURA,2009,MOTO,442
PIURA,2009,OTROS,37
PIURA,2010,AUTO,611
PIURA,2010,CAMIONETA,423
PIURA,2010,MICROBUS,64
PIURA,2010,OMNIBUS,93
PIURA,2010,CAMIÓN,97
PIURA,2010,TRAYLER,4
PIURA,2010,VOLQUETE,9
PIURA,2010,BICICLETA,58
PIURA,2010,FURGÓN,0
PIURA,2010,TRICICLO,28
PIURA,2010,MOTOKAR,874
PIURA,2010,MOTO,508
PIURA,2010,OTROS,3
PIURA,2011,AUTO,647
PIURA,2011,CAMIONETA,423
PIURA,2011,MICROBUS,69
PIURA,2011,OMNIBUS,64
PIURA,2011,CAMIÓN,90
PIURA,2011,TRAYLER,3
PIURA,2011,VOLQUETE,7
PIURA,2011,BICICLETA,43
PIURA,2011,FURGÓN,8
PIURA,2011,TRICICLO,25
PIURA,2011,MOTOKAR,802
PIURA,2011,MOTO,517
PIURA,2011,OTROS,15
PIURA,2012,AUTO,1158
PIURA,2012,CAMIONETA,529
PIURA,2012,MICROBUS,109
PIURA,2012,OMNIBUS,131
PIURA,2012,CAMIÓN,152
PIURA,2012,TRAYLER,44
PIURA,2012,VOLQUETE,53
PIURA,2012,BICICLETA,85
PIURA,2012,FURGÓN,37
PIURA,2012,TRICICLO,111
PIURA,2012,MOTOKAR,1517
PIURA,2012,MOTO,995
PIURA,2012,OTROS,225
PIURA,2013,AUTO,1224
PIURA,2013,CAMIONETA,708
PIURA,2013,MICROBUS,165
PIURA,2013,OMNIBUS,138
PIURA,2013,CAMIÓN,178
PIURA,2013,TRAYLER,43
PIURA,2013,VOLQUETE,67
PIURA,2013,BICICLETA,92
PIURA,2013,FURGÓN,112
PIURA,2013,TRICICLO,70
PIURA,2013,MOTOKAR,1904
PIURA,2013,MOTO,1376
PIURA,2013,OTROS,138
PIURA,2014,AUTO,1237
PIURA,2014,CAMIONETA,848
PIURA,2014,MICROBUS,340
PIURA,2014,OMNIBUS,156
PIURA,2014,CAMIÓN,214
PIURA,2014,TRAYLER,28
PIURA,2014,VOLQUETE,55
PIURA,2014,BICICLETA,70
PIURA,2014,FURGÓN,294
PIURA,2014,TRICICLO,38
PIURA,2014,MOTOKAR,1645
PIURA,2014,MOTO,996
PIURA,2014,OTROS,80
PIURA,2015,AUTOMOVIL,994
PIURA,2015,STATION WAGON,471
PIURA,2015,CAMIONETA PICKUP,408
PIURA,2015,CAMIONETA RURAL,285
PIURA,2015,CAMIONETA PANEL,118
PIURA,2015,OMNIBUS,191
PIURA,2015,CAMION,173
PIURA,2015,REMOLCADOR,29
PIURA,2015,REMOLQUE Y SEMIREMOLQUE,71
PIURA,2015,VEHÍCULO NO IDENTIFICADO,61
PIURA,2015,MOTO,1114
PIURA,2015,MOTOKAR,1454
PIURA,2015,TRICICLO,42
PIURA,2015,FURGONETA,233
PIURA,2015,BICICLETA,64
PIURA,2015,VEHÍCULO IDENTIFICADO,19
PIURA,2015,OTRO,18
PIURA,2016,AUTOMOVIL,1439
PIURA,2016,STATION WAGON,516
PIURA,2016,CAMIONETA PICKUP,408
PIURA,2016,CAMIONETA RURAL,253
PIURA,2016,CAMIONETA PANEL,85
PIURA,2016,OMNIBUS,162
PIURA,2016,CAMION,119
PIURA,2016,REMOLCADOR,24
PIURA,2016,REMOLQUE Y SEMIREMOLQUE,13
PIURA,2016,VEHÍCULO NO IDENTIFICADO,50
PIURA,2016,MOTO,1247
PIURA,2016,MOTOKAR,1153
PIURA,2016,TRICICLO,74
PIURA,2016,FURGONETA,95
PIURA,2016,BICICLETA,13
PIURA,2016,VEHÍCULO IDENTIFICADO,9
PIURA,2016,OTRO,31
PIURA,2017,AUTOMOVIL,666
PIURA,2017,STATION WAGON,186
PIURA,2017,CAMIONETA PICKUP,196
PIURA,2017,CAMIONETA RURAL,139
PIURA,2017,CAMIONETA PANEL,43
PIURA,2017,OMNIBUS,103
PIURA,2017,CAMION,60
PIURA,2017,REMOLCADOR,12
PIURA,2017,REMOLQUE Y SEMIREMOLQUE,5
PIURA,2017,VEHÍCULO NO IDENTIFICADO,37
PIURA,2017,MOTO,825
PIURA,2017,MOTOKAR,677
PIURA,2017,TRICICLO,5
PIURA,2017,FURGONETA,46
PIURA,2017,BICICLETA,6
PIURA,2017,VEHÍCULO IDENTIFICADO,9
PIURA,2017,OTRO,32
PIURA,2018,AUTOMOVIL,851
PIURA,2018,STATION WAGON,104
PIURA,2018,CAMIONETA PICKUP,135
PIURA,2018,CAMIONETA RURAL,123
PIURA,2018,CAMIONETA PANEL,16
PIURA,2018,OMNIBUS,76
PIURA,2018,CAMION,118
PIURA,2018,REMOLCADOR,35
PIURA,2018,REMOLQUE Y SEMIREMOLQUE,16
PIURA,2018,VEHÍCULO NO IDENTIFICADO,22
PIURA,2018,OTROS,69
PIURA,2018,MOTO,767
PIURA,2018,MOTOKAR,622
PIURA,2018,TRICICLO,9
PIURA,2018,FURGONETA,39
PIURA,2018,BICICLETA,8
PIURA,2018,VEHÍCULO IDENTIFICADO,19
PIURA,2018,OTROS,133
PIURA,2019,AUTOMOVIL,1679
PIURA,2019,STATION WAGON,204
PIURA,2019,CAMIONETA PICKUP,291
PIURA,2019,CAMIONETA RURAL,198
PIURA,2019,CAMIONETA PANEL,32
PIURA,2019,OMNIBUS,79
PIURA,2019,CAMION,138
PIURA,2019,REMOLCADOR,26
PIURA,2019,REMOLQUE Y SEMIREMOLQUE,23
PIURA,2019,VEHÍCULO NO IDENTIFICADO,130
PIURA,2019,OTROS,159
PIURA,2019,MOTO,1097
PIURA,2019,MOTOKAR,964
PIURA,2019,TRICICLO,50
PIURA,2019,FURGONETA,70
PIURA,2019,BICICLETA,21
PIURA,2019,VEHÍCULO IDENTIFICADO,75
PIURA,2019,OTROS,95
PIURA,2020,AUTOMOVIL,746
PIURA,2020,STATION WAGON,180
PIURA,2020,CAMIONETA PICKUP,248
PIURA,2020,CAMIONETA RURAL,177
PIURA,2020,CAMIONETA PANEL,35
PIURA,2020,OMNIBUS,103
PIURA,2020,CAMION,110
PIURA,2020,REMOLCADOR,21
PIURA,2020,REMOLQUE Y SEMIREMOLQUE,30
PIURA,2020,VEHÍCULO NO IDENTIFICADO,21
PIURA,2020,OTROS,88
PIURA,2020,MOTO,893
PIURA,2020,MOTOKAR,631
PIURA,2020,TRICICLO,2
PIURA,2020,FURGONETA,42
PIURA,2020,BICICLETA,29
PIURA,2020,VEHÍCULO IDENTIFICADO,10
PIURA,2020,OTROS,68
PIURA,2021,AUTOMOVIL,862
PIURA,2021,STATION WAGON,151
PIURA,2021,CAMIONETA PICKUP,327
PIURA,2021,CAMIONETA RURAL,174
PIURA,2021,CAMIONETA PANEL,33
PIURA,2021,OMNIBUS,75
PIURA,2021,CAMION,113
PIURA,2021,REMOLCADOR,24
PIURA,2021,REMOLQUE Y SEMIREMOLQUE,25
PIURA,2021,VEHÍCULO NO IDENTIFICADO,20
PIURA,2021,OTROS,69
PIURA,2021,MOTO,1509
PIURA,2021,MOTOKAR,966
PIURA,2021,TRICICLO,7
PIURA,2021,FURGONETA,41
PIURA,2021,BICICLETA,27
PIURA,2021,VEHÍCULO IDENTIFICADO,16
PIURA,2021,OTROS,54
PIURA,2022,AUTOMOVIL,1057
PIURA,2022,STATION WAGON,170
PIURA,2022,CAMIONETA PICKUP,349
PIURA,2022,CAMIONETA RURAL,199
PIURA,2022,CAMIONETA PANEL,73
PIURA,2022,OMNIBUS,70
PIURA,2022,CAMION,90
PIURA,2022,REMOLCADOR,19
PIURA,2022,REMOLQUE Y SEMIREMOLQUE,34
PIURA,2022,VEHÍCULO NO IDENTIFICADO,37
PIURA,2022,OTROS,125
PIURA,2022,MOTO,1655
PIURA,2022,MOTOKAR,1020
PIURA,2022,TRICICLO,6
PIURA,2022,FURGONETA,37
PIURA,2022,BICICLETA,35
PIURA,2022,VEHÍCULO IDENTIFICADO,8
PIURA,2022,OTROS,42
PIURA,2023,AUTOMOVIL,887
PIURA,2023,STATION WAGON,81
PIURA,2023,CAMIONETA PICKUP,238
PIURA,2023,CAMIONETA RURAL,130
PIURA,2023,CAMIONETA PANEL,41
PIURA,2023,OMNIBUS,87
PIURA,2023,CAMION,75
PIURA,2023,REMOLCADOR,14
PIURA,2023,REMOLQUE Y SEMIREMOLQUE,15
PIURA,2023,VEHÍCULO NO IDENTIFICADO,8
PIURA,2023,OTROS,126
PIURA,2023,MOTO,1359
PIURA,2023,MOTOKAR,801
PIURA,2023,TRICICLO,5
PIURA,2023,FURGONETA,47
PIURA,2023,BICICLETA,11
PIURA,2023,VEHÍCULO IDENTIFICADO,12
PIURA,2023,OTROS,88
PIURA,2024,AUTOMOVIL,871
PIURA,2024,STATION WAGON,86
PIURA,2024,CAMIONETA PICKUP,256
PIURA,2024,CAMIONETA RURAL,151
PIURA,2024,CAMIONETA PANEL,74
PIURA,2024,OMNIBUS,69
PIURA,2024,CAMION,74
PIURA,2024,REMOLCADOR,19
PIURA,2024,REMOLQUE Y SEMIREMOLQUE,14
PIURA,2024,VEHÍCULO NO IDENTIFICADO,17
PIURA,2024,OTROS,108
PIURA,2024,MOTO,1575
PIURA,2024,MOTOKAR,928
PIURA,2024,TRICICLO,4
PIURA,2024,FURGONETA,47
PIURA,2024,BICICLETA,16
PIURA,2024,VEHÍCULO IDENTIFICADO,13
PIURA,2024,OTROS,46
PUNO,2008,AUTO,268
PUNO,2008,CAMIONETA,166
PUNO,2008,MICROBUS,89
PUNO,2008,OMNIBUS,68
PUNO,2008,CAMIÓN,51
PUNO,2008,TRAYLER,19
PUNO,2008,VOLQUETE,12
PUNO,2008,BICICLETA,45
PUNO,2008,FURGÓN,4
PUNO,2008,TRICICLO,52
PUNO,2008,MOTOKAR,69
PUNO,2008,MOTO,33
PUNO,2008,OTROS,56
PUNO,2009,AUTO,276
PUNO,2009,CAMIONETA,203
PUNO,2009,MICROBUS,105
PUNO,2009,OMNIBUS,71
PUNO,2009,CAMIÓN,64
PUNO,2009,TRAYLER,16
PUNO,2009,VOLQUETE,18
PUNO,2009,BICICLETA,44
PUNO,2009,FURGÓN,8
PUNO,2009,TRICICLO,40
PUNO,2009,MOTOKAR,26
PUNO,2009,MOTO,22
PUNO,2009,OTROS,60
PUNO,2010,AUTO,297
PUNO,2010,CAMIONETA,326
PUNO,2010,MICROBUS,77
PUNO,2010,OMNIBUS,72
PUNO,2010,CAMIÓN,72
PUNO,2010,TRAYLER,18
PUNO,2010,VOLQUETE,12
PUNO,2010,BICICLETA,25
PUNO,2010,FURGÓN,5
PUNO,2010,TRICICLO,24
PUNO,2010,MOTOKAR,118
PUNO,2010,MOTO,77
PUNO,2010,OTROS,42
PUNO,2011,AUTO,441
PUNO,2011,CAMIONETA,398
PUNO,2011,MICROBUS,63
PUNO,2011,OMNIBUS,81
PUNO,2011,CAMIÓN,67
PUNO,2011,TRAYLER,26
PUNO,2011,VOLQUETE,24
PUNO,2011,BICICLETA,20
PUNO,2011,FURGÓN,4
PUNO,2011,TRICICLO,32
PUNO,2011,MOTOKAR,171
PUNO,2011,MOTO,125
PUNO,2011,OTROS,50
PUNO,2012,AUTO,345
PUNO,2012,CAMIONETA,314
PUNO,2012,MICROBUS,88
PUNO,2012,OMNIBUS,77
PUNO,2012,CAMIÓN,78
PUNO,2012,TRAYLER,38
PUNO,2012,VOLQUETE,24
PUNO,2012,BICICLETA,20
PUNO,2012,FURGÓN,2
PUNO,2012,TRICICLO,17
PUNO,2012,MOTOKAR,99
PUNO,2012,MOTO,57
PUNO,2012,OTROS,24
PUNO,2013,AUTO,393
PUNO,2013,CAMIONETA,365
PUNO,2013,MICROBUS,113
PUNO,2013,OMNIBUS,109
PUNO,2013,CAMIÓN,69
PUNO,2013,TRAYLER,14
PUNO,2013,VOLQUETE,13
PUNO,2013,BICICLETA,17
PUNO,2013,FURGÓN,2
PUNO,2013,TRICICLO,38
PUNO,2013,MOTOKAR,104
PUNO,2013,MOTO,127
PUNO,2013,OTROS,64
PUNO,2014,AUTO,287
PUNO,2014,CAMIONETA,357
PUNO,2014,MICROBUS,114
PUNO,2014,OMNIBUS,63
PUNO,2014,CAMIÓN,55
PUNO,2014,TRAYLER,29
PUNO,2014,VOLQUETE,14
PUNO,2014,BICICLETA,11
PUNO,2014,FURGÓN,0
PUNO,2014,TRICICLO,30
PUNO,2014,MOTOKAR,54
PUNO,2014,MOTO,142
PUNO,2014,OTROS,43
PUNO,2015,AUTOMOVIL,249
PUNO,2015,STATION WAGON,100
PUNO,2015,CAMIONETA PICKUP,185
PUNO,2015,CAMIONETA RURAL,197
PUNO,2015,CAMIONETA PANEL,12
PUNO,2015,OMNIBUS,62
PUNO,2015,CAMION,69
PUNO,2015,REMOLCADOR,30
PUNO,2015,REMOLQUE Y SEMIREMOLQUE,5
PUNO,2015,VEHÍCULO NO IDENTIFICADO,57
PUNO,2015,MOTO,119
PUNO,2015,MOTOKAR,62
PUNO,2015,TRICICLO,18
PUNO,2015,FURGONETA,0
PUNO,2015,BICICLETA,18
PUNO,2015,VEHÍCULO IDENTIFICADO,0
PUNO,2015,OTRO,18
PUNO,2016,AUTOMOVIL,227
PUNO,2016,STATION WAGON,75
PUNO,2016,CAMIONETA PICKUP,147
PUNO,2016,CAMIONETA RURAL,185
PUNO,2016,CAMIONETA PANEL,14
PUNO,2016,OMNIBUS,45
PUNO,2016,CAMION,77
PUNO,2016,REMOLCADOR,16
PUNO,2016,REMOLQUE Y SEMIREMOLQUE,1
PUNO,2016,VEHÍCULO NO IDENTIFICADO,52
PUNO,2016,MOTO,114
PUNO,2016,MOTOKAR,69
PUNO,2016,TRICICLO,6
PUNO,2016,FURGONETA,0
PUNO,2016,BICICLETA,11
PUNO,2016,VEHÍCULO IDENTIFICADO,0
PUNO,2016,OTRO,18
PUNO,2017,AUTOMOVIL,310
PUNO,2017,STATION WAGON,87
PUNO,2017,CAMIONETA PICKUP,162
PUNO,2017,CAMIONETA RURAL,191
PUNO,2017,CAMIONETA PANEL,23
PUNO,2017,OMNIBUS,51
PUNO,2017,CAMION,89
PUNO,2017,REMOLCADOR,40
PUNO,2017,REMOLQUE Y SEMIREMOLQUE,8
PUNO,2017,VEHÍCULO NO IDENTIFICADO,63
PUNO,2017,MOTO,160
PUNO,2017,MOTOKAR,103
PUNO,2017,TRICICLO,9
PUNO,2017,FURGONETA,0
PUNO,2017,BICICLETA,17
PUNO,2017,VEHÍCULO IDENTIFICADO,14
PUNO,2017,OTRO,22
PUNO,2018,AUTOMOVIL,438
PUNO,2018,STATION WAGON,76
PUNO,2018,CAMIONETA PICKUP,128
PUNO,2018,CAMIONETA RURAL,180
PUNO,2018,CAMIONETA PANEL,17
PUNO,2018,OMNIBUS,44
PUNO,2018,CAMION,47
PUNO,2018,REMOLCADOR,16
PUNO,2018,REMOLQUE Y SEMIREMOLQUE,13
PUNO,2018,VEHÍCULO NO IDENTIFICADO,18
PUNO,2018,OTROS,24
PUNO,2018,MOTO,158
PUNO,2018,MOTOKAR,90
PUNO,2018,TRICICLO,6
PUNO,2018,FURGONETA,0
PUNO,2018,BICICLETA,12
PUNO,2018,VEHÍCULO IDENTIFICADO,1
PUNO,2018,OTROS,28
PUNO,2019,AUTOMOVIL,523
PUNO,2019,STATION WAGON,60
PUNO,2019,CAMIONETA PICKUP,163
PUNO,2019,CAMIONETA RURAL,173
PUNO,2019,CAMIONETA PANEL,17
PUNO,2019,OMNIBUS,48
PUNO,2019,CAMION,67
PUNO,2019,REMOLCADOR,22
PUNO,2019,REMOLQUE Y SEMIREMOLQUE,8
PUNO,2019,VEHÍCULO NO IDENTIFICADO,12
PUNO,2019,OTROS,83
PUNO,2019,MOTO,146
PUNO,2019,MOTOKAR,92
PUNO,2019,TRICICLO,13
PUNO,2019,FURGONETA,3
PUNO,2019,BICICLETA,16
PUNO,2019,VEHÍCULO IDENTIFICADO,1
PUNO,2019,OTROS,50
PUNO,2020,AUTOMOVIL,270
PUNO,2020,STATION WAGON,21
PUNO,2020,CAMIONETA PICKUP,61
PUNO,2020,CAMIONETA RURAL,59
PUNO,2020,CAMIONETA PANEL,9
PUNO,2020,OMNIBUS,14
PUNO,2020,CAMION,32
PUNO,2020,REMOLCADOR,14
PUNO,2020,REMOLQUE Y SEMIREMOLQUE,6
PUNO,2020,VEHÍCULO NO IDENTIFICADO,15
PUNO,2020,OTROS,57
PUNO,2020,MOTO,159
PUNO,2020,MOTOKAR,23
PUNO,2020,TRICICLO,1
PUNO,2020,FURGONETA,0
PUNO,2020,BICICLETA,9
PUNO,2020,VEHÍCULO IDENTIFICADO,1
PUNO,2020,OTROS,29
PUNO,2021,AUTOMOVIL,624
PUNO,2021,STATION WAGON,44
PUNO,2021,CAMIONETA PICKUP,172
PUNO,2021,CAMIONETA RURAL,154
PUNO,2021,CAMIONETA PANEL,22
PUNO,2021,OMNIBUS,15
PUNO,2021,CAMION,69
PUNO,2021,REMOLCADOR,7
PUNO,2021,REMOLQUE Y SEMIREMOLQUE,13
PUNO,2021,VEHÍCULO NO IDENTIFICADO,12
PUNO,2021,OTROS,119
PUNO,2021,MOTO,261
PUNO,2021,MOTOKAR,54
PUNO,2021,TRICICLO,2
PUNO,2021,FURGONETA,0
PUNO,2021,BICICLETA,10
PUNO,2021,VEHÍCULO IDENTIFICADO,1
PUNO,2021,OTROS,43
PUNO,2022,AUTOMOVIL,697
PUNO,2022,STATION WAGON,55
PUNO,2022,CAMIONETA PICKUP,161
PUNO,2022,CAMIONETA RURAL,166
PUNO,2022,CAMIONETA PANEL,76
PUNO,2022,OMNIBUS,26
PUNO,2022,CAMION,95
PUNO,2022,REMOLCADOR,20
PUNO,2022,REMOLQUE Y SEMIREMOLQUE,5
PUNO,2022,VEHÍCULO NO IDENTIFICADO,27
PUNO,2022,OTROS,111
PUNO,2022,MOTO,273
PUNO,2022,MOTOKAR,70
PUNO,2022,TRICICLO,5
PUNO,2022,FURGONETA,0
PUNO,2022,BICICLETA,7
PUNO,2022,VEHÍCULO IDENTIFICADO,1
PUNO,2022,OTROS,26
PUNO,2023,AUTOMOVIL,475
PUNO,2023,STATION WAGON,31
PUNO,2023,CAMIONETA PICKUP,165
PUNO,2023,CAMIONETA RURAL,112
PUNO,2023,CAMIONETA PANEL,12
PUNO,2023,OMNIBUS,23
PUNO,2023,CAMION,67
PUNO,2023,REMOLCADOR,11
PUNO,2023,REMOLQUE Y SEMIREMOLQUE,12
PUNO,2023,VEHÍCULO NO IDENTIFICADO,28
PUNO,2023,OTROS,135
PUNO,2023,MOTO,272
PUNO,2023,MOTOKAR,41
PUNO,2023,TRICICLO,8
PUNO,2023,FURGONETA,2
PUNO,2023,BICICLETA,2
PUNO,2023,VEHÍCULO IDENTIFICADO,7
PUNO,2023,OTROS,38
PUNO,2024,AUTOMOVIL,638
PUNO,2024,STATION WAGON,88
PUNO,2024,CAMIONETA PICKUP,180
PUNO,2024,CAMIONETA RURAL,117
PUNO,2024,CAMIONETA PANEL,8
PUNO,2024,OMNIBUS,33
PUNO,2024,CAMION,65
PUNO,2024,REMOLCADOR,13
PUNO,2024,REMOLQUE Y SEMIREMOLQUE,18
PUNO,2024,VEHÍCULO NO IDENTIFICADO,21
PUNO,2024,OTROS,94
PUNO,2024,MOTO,240
PUNO,2024,MOTOKAR,60
PUNO,2024,TRICICLO,6
PUNO,2024,FURGONETA,4
PUNO,2024,BICICLETA,3
PUNO,2024,VEHÍCULO IDENTIFICADO,6
PUNO,2024,OTROS,27
SAN MARTIN,2008,AUTO,44
SAN MARTIN,2008,CAMIONETA,76
SAN MARTIN,2008,MICROBUS,1
SAN MARTIN,2008,OMNIBUS,11
SAN MARTIN,2008,CAMIÓN,22
SAN MARTIN,2008,TRAYLER,6
SAN MARTIN,2008,VOLQUETE,1
SAN MARTIN,2008,BICICLETA,5
SAN MARTIN,2008,FURGÓN,1
SAN MARTIN,2008,TRICICLO,1
SAN MARTIN,2008,MOTOKAR,241
SAN MARTIN,2008,MOTO,165
SAN MARTIN,2008,OTROS,11
SAN MARTIN,2009,AUTO,55
SAN MARTIN,2009,CAMIONETA,106
SAN MARTIN,2009,MICROBUS,1
SAN MARTIN,2009,OMNIBUS,13
SAN MARTIN,2009,CAMIÓN,29
SAN MARTIN,2009,TRAYLER,7
SAN MARTIN,2009,VOLQUETE,11
SAN MARTIN,2009,BICICLETA,4
SAN MARTIN,2009,FURGÓN,4
SAN MARTIN,2009,TRICICLO,3
SAN MARTIN,2009,MOTOKAR,226
SAN MARTIN,2009,MOTO,220
SAN MARTIN,2009,OTROS,10
SAN MARTIN,2010,AUTO,65
SAN MARTIN,2010,CAMIONETA,175
SAN MARTIN,2010,MICROBUS,4
SAN MARTIN,2010,OMNIBUS,16
SAN MARTIN,2010,CAMIÓN,34
SAN MARTIN,2010,TRAYLER,10
SAN MARTIN,2010,VOLQUETE,1
SAN MARTIN,2010,BICICLETA,1
SAN MARTIN,2010,FURGÓN,6
SAN MARTIN,2010,TRICICLO,8
SAN MARTIN,2010,MOTOKAR,381
SAN MARTIN,2010,MOTO,453
SAN MARTIN,2010,OTROS,13
SAN MARTIN,2011,AUTO,98
SAN MARTIN,2011,CAMIONETA,126
SAN MARTIN,2011,MICROBUS,1
SAN MARTIN,2011,OMNIBUS,9
SAN MARTIN,2011,CAMIÓN,36
SAN MARTIN,2011,TRAYLER,6
SAN MARTIN,2011,VOLQUETE,3
SAN MARTIN,2011,BICICLETA,4
SAN MARTIN,2011,FURGÓN,8
SAN MARTIN,2011,TRICICLO,5
SAN MARTIN,2011,MOTOKAR,429
SAN MARTIN,2011,MOTO,514
SAN MARTIN,2011,OTROS,19
SAN MARTIN,2012,AUTO,163
SAN MARTIN,2012,CAMIONETA,166
SAN MARTIN,2012,MICROBUS,1
SAN MARTIN,2012,OMNIBUS,9
SAN MARTIN,2012,CAMIÓN,33
SAN MARTIN,2012,TRAYLER,14
SAN MARTIN,2012,VOLQUETE,3
SAN MARTIN,2012,BICICLETA,7
SAN MARTIN,2012,FURGÓN,18
SAN MARTIN,2012,TRICICLO,0
SAN MARTIN,2012,MOTOKAR,409
SAN MARTIN,2012,MOTO,602
SAN MARTIN,2012,OTROS,37
SAN MARTIN,2013,AUTO,232
SAN MARTIN,2013,CAMIONETA,169
SAN MARTIN,2013,MICROBUS,3
SAN MARTIN,2013,OMNIBUS,6
SAN MARTIN,2013,CAMIÓN,30
SAN MARTIN,2013,TRAYLER,8
SAN MARTIN,2013,VOLQUETE,2
SAN MARTIN,2013,BICICLETA,8
SAN MARTIN,2013,FURGÓN,17
SAN MARTIN,2013,TRICICLO,12
SAN MARTIN,2013,MOTOKAR,661
SAN MARTIN,2013,MOTO,680
SAN MARTIN,2013,OTROS,25
SAN MARTIN,2014,AUTO,182
SAN MARTIN,2014,CAMIONETA,128
SAN MARTIN,2014,MICROBUS,17
SAN MARTIN,2014,OMNIBUS,14
SAN MARTIN,2014,CAMIÓN,41
SAN MARTIN,2014,TRAYLER,7
SAN MARTIN,2014,VOLQUETE,8
SAN MARTIN,2014,BICICLETA,12
SAN MARTIN,2014,FURGÓN,29
SAN MARTIN,2014,TRICICLO,0
SAN MARTIN,2014,MOTOKAR,512
SAN MARTIN,2014,MOTO,810
SAN MARTIN,2014,OTROS,22
SAN MARTIN,2015,AUTOMOVIL,147
SAN MARTIN,2015,STATION WAGON,17
SAN MARTIN,2015,CAMIONETA PICKUP,61
SAN MARTIN,2015,CAMIONETA RURAL,69
SAN MARTIN,2015,CAMIONETA PANEL,6
SAN MARTIN,2015,OMNIBUS,12
SAN MARTIN,2015,CAMION,38
SAN MARTIN,2015,REMOLCADOR,7
SAN MARTIN,2015,REMOLQUE Y SEMIREMOLQUE,9
SAN MARTIN,2015,VEHÍCULO NO IDENTIFICADO,9
SAN MARTIN,2015,MOTO,931
SAN MARTIN,2015,MOTOKAR,420
SAN MARTIN,2015,TRICICLO,0
SAN MARTIN,2015,FURGONETA,12
SAN MARTIN,2015,BICICLETA,3
SAN MARTIN,2015,VEHÍCULO IDENTIFICADO,0
SAN MARTIN,2015,OTRO,1
SAN MARTIN,2016,AUTOMOVIL,281
SAN MARTIN,2016,STATION WAGON,12
SAN MARTIN,2016,CAMIONETA PICKUP,100
SAN MARTIN,2016,CAMIONETA RURAL,150
SAN MARTIN,2016,CAMIONETA PANEL,7
SAN MARTIN,2016,OMNIBUS,16
SAN MARTIN,2016,CAMION,77
SAN MARTIN,2016,REMOLCADOR,21
SAN MARTIN,2016,REMOLQUE Y SEMIREMOLQUE,15
SAN MARTIN,2016,VEHÍCULO NO IDENTIFICADO,28
SAN MARTIN,2016,MOTO,1400
SAN MARTIN,2016,MOTOKAR,822
SAN MARTIN,2016,TRICICLO,3
SAN MARTIN,2016,FURGONETA,29
SAN MARTIN,2016,BICICLETA,16
SAN MARTIN,2016,VEHÍCULO IDENTIFICADO,27
SAN MARTIN,2016,OTRO,22
SAN MARTIN,2017,AUTOMOVIL,229
SAN MARTIN,2017,STATION WAGON,11
SAN MARTIN,2017,CAMIONETA PICKUP,77
SAN MARTIN,2017,CAMIONETA RURAL,100
SAN MARTIN,2017,CAMIONETA PANEL,14
SAN MARTIN,2017,OMNIBUS,20
SAN MARTIN,2017,CAMION,59
SAN MARTIN,2017,REMOLCADOR,14
SAN MARTIN,2017,REMOLQUE Y SEMIREMOLQUE,15
SAN MARTIN,2017,VEHÍCULO NO IDENTIFICADO,26
SAN MARTIN,2017,MOTO,984
SAN MARTIN,2017,MOTOKAR,574
SAN MARTIN,2017,TRICICLO,2
SAN MARTIN,2017,FURGONETA,18
SAN MARTIN,2017,BICICLETA,10
SAN MARTIN,2017,VEHÍCULO IDENTIFICADO,18
SAN MARTIN,2017,OTRO,90
SAN MARTIN,2018,AUTOMOVIL,177
SAN MARTIN,2018,STATION WAGON,2
SAN MARTIN,2018,CAMIONETA PICKUP,99
SAN MARTIN,2018,CAMIONETA RURAL,63
SAN MARTIN,2018,CAMIONETA PANEL,4
SAN MARTIN,2018,OMNIBUS,12
SAN MARTIN,2018,CAMION,70
SAN MARTIN,2018,REMOLCADOR,18
SAN MARTIN,2018,REMOLQUE Y SEMIREMOLQUE,7
SAN MARTIN,2018,VEHÍCULO NO IDENTIFICADO,2
SAN MARTIN,2018,OTROS,47
SAN MARTIN,2018,MOTO,850
SAN MARTIN,2018,MOTOKAR,531
SAN MARTIN,2018,TRICICLO,4
SAN MARTIN,2018,FURGONETA,19
SAN MARTIN,2018,BICICLETA,13
SAN MARTIN,2018,VEHÍCULO IDENTIFICADO,7
SAN MARTIN,2018,OTROS,69
SAN MARTIN,2019,AUTOMOVIL,182
SAN MARTIN,2019,STATION WAGON,4
SAN MARTIN,2019,CAMIONETA PICKUP,53
SAN MARTIN,2019,CAMIONETA RURAL,90
SAN MARTIN,2019,CAMIONETA PANEL,3
SAN MARTIN,2019,OMNIBUS,14
SAN MARTIN,2019,CAMION,59
SAN MARTIN,2019,REMOLCADOR,15
SAN MARTIN,2019,REMOLQUE Y SEMIREMOLQUE,9
SAN MARTIN,2019,VEHÍCULO NO IDENTIFICADO,3
SAN MARTIN,2019,OTROS,43
SAN MARTIN,2019,MOTO,783
SAN MARTIN,2019,MOTOKAR,482
SAN MARTIN,2019,TRICICLO,3
SAN MARTIN,2019,FURGONETA,16
SAN MARTIN,2019,BICICLETA,16
SAN MARTIN,2019,VEHÍCULO IDENTIFICADO,5
SAN MARTIN,2019,OTROS,46
SAN MARTIN,2020,AUTOMOVIL,99
SAN MARTIN,2020,STATION WAGON,0
SAN MARTIN,2020,CAMIONETA PICKUP,47
SAN MARTIN,2020,CAMIONETA RURAL,68
SAN MARTIN,2020,CAMIONETA PANEL,1
SAN MARTIN,2020,OMNIBUS,2
SAN MARTIN,2020,CAMION,59
SAN MARTIN,2020,REMOLCADOR,12
SAN MARTIN,2020,REMOLQUE Y SEMIREMOLQUE,6
SAN MARTIN,2020,VEHÍCULO NO IDENTIFICADO,3
SAN MARTIN,2020,OTROS,37
SAN MARTIN,2020,MOTO,562
SAN MARTIN,2020,MOTOKAR,291
SAN MARTIN,2020,TRICICLO,0
SAN MARTIN,2020,FURGONETA,21
SAN MARTIN,2020,BICICLETA,10
SAN MARTIN,2020,VEHÍCULO IDENTIFICADO,5
SAN MARTIN,2020,OTROS,37
SAN MARTIN,2021,AUTOMOVIL,171
SAN MARTIN,2021,STATION WAGON,0
SAN MARTIN,2021,CAMIONETA PICKUP,44
SAN MARTIN,2021,CAMIONETA RURAL,76
SAN MARTIN,2021,CAMIONETA PANEL,4
SAN MARTIN,2021,OMNIBUS,12
SAN MARTIN,2021,CAMION,59
SAN MARTIN,2021,REMOLCADOR,11
SAN MARTIN,2021,REMOLQUE Y SEMIREMOLQUE,2
SAN MARTIN,2021,VEHÍCULO NO IDENTIFICADO,0
SAN MARTIN,2021,OTROS,46
SAN MARTIN,2021,MOTO,722
SAN MARTIN,2021,MOTOKAR,434
SAN MARTIN,2021,TRICICLO,6
SAN MARTIN,2021,FURGONETA,22
SAN MARTIN,2021,BICICLETA,8
SAN MARTIN,2021,VEHÍCULO IDENTIFICADO,0
SAN MARTIN,2021,OTROS,20
SAN MARTIN,2022,AUTOMOVIL,157
SAN MARTIN,2022,STATION WAGON,2
SAN MARTIN,2022,CAMIONETA PICKUP,90
SAN MARTIN,2022,CAMIONETA RURAL,90
SAN MARTIN,2022,CAMIONETA PANEL,15
SAN MARTIN,2022,OMNIBUS,10
SAN MARTIN,2022,CAMION,57
SAN MARTIN,2022,REMOLCADOR,10
SAN MARTIN,2022,REMOLQUE Y SEMIREMOLQUE,11
SAN MARTIN,2022,VEHÍCULO NO IDENTIFICADO,1
SAN MARTIN,2022,OTROS,34
SAN MARTIN,2022,MOTO,863
SAN MARTIN,2022,MOTOKAR,518
SAN MARTIN,2022,TRICICLO,0
SAN MARTIN,2022,FURGONETA,29
SAN MARTIN,2022,BICICLETA,2
SAN MARTIN,2022,VEHÍCULO IDENTIFICADO,3
SAN MARTIN,2022,OTROS,14
SAN MARTIN,2023,AUTOMOVIL,189
SAN MARTIN,2023,STATION WAGON,3
SAN MARTIN,2023,CAMIONETA PICKUP,76
SAN MARTIN,2023,CAMIONETA RURAL,140
SAN MARTIN,2023,CAMIONETA PANEL,10
SAN MARTIN,2023,OMNIBUS,8
SAN MARTIN,2023,CAMION,60
SAN MARTIN,2023,REMOLCADOR,12
SAN MARTIN,2023,REMOLQUE Y SEMIREMOLQUE,7
SAN MARTIN,2023,VEHÍCULO NO IDENTIFICADO,6
SAN MARTIN,2023,OTROS,43
SAN MARTIN,2023,MOTO,1021
SAN MARTIN,2023,MOTOKAR,526
SAN MARTIN,2023,TRICICLO,2
SAN MARTIN,2023,FURGONETA,23
SAN MARTIN,2023,BICICLETA,3
SAN MARTIN,2023,VEHÍCULO IDENTIFICADO,8
SAN MARTIN,2023,OTROS,36
SAN MARTIN,2024,AUTOMOVIL,216
SAN MARTIN,2024,STATION WAGON,4
SAN MARTIN,2024,CAMIONETA PICKUP,86
SAN MARTIN,2024,CAMIONETA RURAL,120
SAN MARTIN,2024,CAMIONETA PANEL,24
SAN MARTIN,2024,OMNIBUS,8
SAN MARTIN,2024,CAMION,61
SAN MARTIN,2024,REMOLCADOR,14
SAN MARTIN,2024,REMOLQUE Y SEMIREMOLQUE,1
SAN MARTIN,2024,VEHÍCULO NO IDENTIFICADO,3
SAN MARTIN,2024,OTROS,38
SAN MARTIN,2024,MOTO,1256
SAN MARTIN,2024,MOTOKAR,687
SAN MARTIN,2024,TRICICLO,0
SAN MARTIN,2024,FURGONETA,16
SAN MARTIN,2024,BICICLETA,4
SAN MARTIN,2024,VEHÍCULO IDENTIFICADO,5
SAN MARTIN,2024,OTROS,20
TACNA,2008,AUTO,71
TACNA,2008,CAMIONETA,128
TACNA,2008,MICROBUS,28
TACNA,2008,OMNIBUS,11
TACNA,2008,CAMIÓN,15
TACNA,2008,TRAYLER,1
TACNA,2008,VOLQUETE,2
TACNA,2008,BICICLETA,9
TACNA,2008,FURGÓN,1
TACNA,2008,TRICICLO,5
TACNA,2008,MOTOKAR,20
TACNA,2008,MOTO,28
TACNA,2008,OTROS,12
TACNA,2009,AUTO,499
TACNA,2009,CAMIONETA,350
TACNA,2009,MICROBUS,129
TACNA,2009,OMNIBUS,56
TACNA,2009,CAMIÓN,24
TACNA,2009,TRAYLER,1
TACNA,2009,VOLQUETE,14
TACNA,2009,BICICLETA,12
TACNA,2009,FURGÓN,1
TACNA,2009,TRICICLO,11
TACNA,2009,MOTOKAR,82
TACNA,2009,MOTO,88
TACNA,2009,OTROS,48
TACNA,2010,AUTO,846
TACNA,2010,CAMIONETA,473
TACNA,2010,MICROBUS,142
TACNA,2010,OMNIBUS,79
TACNA,2010,CAMIÓN,33
TACNA,2010,TRAYLER,8
TACNA,2010,VOLQUETE,12
TACNA,2010,BICICLETA,15
TACNA,2010,FURGÓN,0
TACNA,2010,TRICICLO,3
TACNA,2010,MOTOKAR,45
TACNA,2010,MOTO,109
TACNA,2010,OTROS,16
TACNA,2011,AUTO,960
TACNA,2011,CAMIONETA,319
TACNA,2011,MICROBUS,90
TACNA,2011,OMNIBUS,81
TACNA,2011,CAMIÓN,31
TACNA,2011,TRAYLER,8
TACNA,2011,VOLQUETE,4
TACNA,2011,BICICLETA,6
TACNA,2011,FURGÓN,10
TACNA,2011,TRICICLO,13
TACNA,2011,MOTOKAR,60
TACNA,2011,MOTO,130
TACNA,2011,OTROS,33
TACNA,2012,AUTO,1020
TACNA,2012,CAMIONETA,482
TACNA,2012,MICROBUS,123
TACNA,2012,OMNIBUS,94
TACNA,2012,CAMIÓN,36
TACNA,2012,TRAYLER,4
TACNA,2012,VOLQUETE,15
TACNA,2012,BICICLETA,21
TACNA,2012,FURGÓN,13
TACNA,2012,TRICICLO,2
TACNA,2012,MOTOKAR,75
TACNA,2012,MOTO,169
TACNA,2012,OTROS,53
TACNA,2013,AUTO,1182
TACNA,2013,CAMIONETA,498
TACNA,2013,MICROBUS,94
TACNA,2013,OMNIBUS,138
TACNA,2013,CAMIÓN,69
TACNA,2013,TRAYLER,8
TACNA,2013,VOLQUETE,19
TACNA,2013,BICICLETA,13
TACNA,2013,FURGÓN,2
TACNA,2013,TRICICLO,10
TACNA,2013,MOTOKAR,76
TACNA,2013,MOTO,206
TACNA,2013,OTROS,61
TACNA,2014,AUTO,1055
TACNA,2014,CAMIONETA,381
TACNA,2014,MICROBUS,187
TACNA,2014,OMNIBUS,207
TACNA,2014,CAMIÓN,60
TACNA,2014,TRAYLER,7
TACNA,2014,VOLQUETE,5
TACNA,2014,BICICLETA,5
TACNA,2014,FURGÓN,23
TACNA,2014,TRICICLO,2
TACNA,2014,MOTOKAR,26
TACNA,2014,MOTO,199
TACNA,2014,OTROS,31
TACNA,2015,AUTOMOVIL,848
TACNA,2015,STATION WAGON,283
TACNA,2015,CAMIONETA PICKUP,149
TACNA,2015,CAMIONETA RURAL,69
TACNA,2015,CAMIONETA PANEL,15
TACNA,2015,OMNIBUS,92
TACNA,2015,CAMION,36
TACNA,2015,REMOLCADOR,2
TACNA,2015,REMOLQUE Y SEMIREMOLQUE,3
TACNA,2015,VEHÍCULO NO IDENTIFICADO,22
TACNA,2015,MOTO,131
TACNA,2015,MOTOKAR,38
TACNA,2015,TRICICLO,1
TACNA,2015,FURGONETA,0
TACNA,2015,BICICLETA,7
TACNA,2015,VEHÍCULO IDENTIFICADO,8
TACNA,2015,OTRO,5
TACNA,2016,AUTOMOVIL,825
TACNA,2016,STATION WAGON,170
TACNA,2016,CAMIONETA PICKUP,56
TACNA,2016,CAMIONETA RURAL,43
TACNA,2016,CAMIONETA PANEL,13
TACNA,2016,OMNIBUS,108
TACNA,2016,CAMION,17
TACNA,2016,REMOLCADOR,4
TACNA,2016,REMOLQUE Y SEMIREMOLQUE,4
TACNA,2016,VEHÍCULO NO IDENTIFICADO,7
TACNA,2016,MOTO,119
TACNA,2016,MOTOKAR,19
TACNA,2016,TRICICLO,5
TACNA,2016,FURGONETA,0
TACNA,2016,BICICLETA,2
TACNA,2016,VEHÍCULO IDENTIFICADO,1
TACNA,2016,OTRO,21
TACNA,2017,AUTOMOVIL,617
TACNA,2017,STATION WAGON,166
TACNA,2017,CAMIONETA PICKUP,111
TACNA,2017,CAMIONETA RURAL,31
TACNA,2017,CAMIONETA PANEL,9
TACNA,2017,OMNIBUS,27
TACNA,2017,CAMION,13
TACNA,2017,REMOLCADOR,8
TACNA,2017,REMOLQUE Y SEMIREMOLQUE,5
TACNA,2017,VEHÍCULO NO IDENTIFICADO,5
TACNA,2017,MOTO,87
TACNA,2017,MOTOKAR,7
TACNA,2017,TRICICLO,3
TACNA,2017,FURGONETA,1
TACNA,2017,BICICLETA,0
TACNA,2017,VEHÍCULO IDENTIFICADO,6
TACNA,2017,OTRO,24
TACNA,2018,AUTOMOVIL,743
TACNA,2018,STATION WAGON,180
TACNA,2018,CAMIONETA PICKUP,88
TACNA,2018,CAMIONETA RURAL,32
TACNA,2018,CAMIONETA PANEL,7
TACNA,2018,OMNIBUS,97
TACNA,2018,CAMION,20
TACNA,2018,REMOLCADOR,2
TACNA,2018,REMOLQUE Y SEMIREMOLQUE,3
TACNA,2018,VEHÍCULO NO IDENTIFICADO,6
TACNA,2018,OTROS,15
TACNA,2018,MOTO,106
TACNA,2018,MOTOKAR,41
TACNA,2018,TRICICLO,1
TACNA,2018,FURGONETA,0
TACNA,2018,BICICLETA,3
TACNA,2018,VEHÍCULO IDENTIFICADO,9
TACNA,2018,OTROS,73
TACNA,2019,AUTOMOVIL,958
TACNA,2019,STATION WAGON,348
TACNA,2019,CAMIONETA PICKUP,96
TACNA,2019,CAMIONETA RURAL,23
TACNA,2019,CAMIONETA PANEL,16
TACNA,2019,OMNIBUS,111
TACNA,2019,CAMION,16
TACNA,2019,REMOLCADOR,3
TACNA,2019,REMOLQUE Y SEMIREMOLQUE,5
TACNA,2019,VEHÍCULO NO IDENTIFICADO,8
TACNA,2019,OTROS,36
TACNA,2019,MOTO,184
TACNA,2019,MOTOKAR,65
TACNA,2019,TRICICLO,2
TACNA,2019,FURGONETA,0
TACNA,2019,BICICLETA,8
TACNA,2019,VEHÍCULO IDENTIFICADO,3
TACNA,2019,OTROS,7
TACNA,2020,AUTOMOVIL,494
TACNA,2020,STATION WAGON,182
TACNA,2020,CAMIONETA PICKUP,89
TACNA,2020,CAMIONETA RURAL,18
TACNA,2020,CAMIONETA PANEL,7
TACNA,2020,OMNIBUS,51
TACNA,2020,CAMION,10
TACNA,2020,REMOLCADOR,1
TACNA,2020,REMOLQUE Y SEMIREMOLQUE,3
TACNA,2020,VEHÍCULO NO IDENTIFICADO,5
TACNA,2020,OTROS,21
TACNA,2020,MOTO,94
TACNA,2020,MOTOKAR,25
TACNA,2020,TRICICLO,0
TACNA,2020,FURGONETA,0
TACNA,2020,BICICLETA,2
TACNA,2020,VEHÍCULO IDENTIFICADO,6
TACNA,2020,OTROS,17
TACNA,2021,AUTOMOVIL,531
TACNA,2021,STATION WAGON,119
TACNA,2021,CAMIONETA PICKUP,89
TACNA,2021,CAMIONETA RURAL,36
TACNA,2021,CAMIONETA PANEL,7
TACNA,2021,OMNIBUS,52
TACNA,2021,CAMION,23
TACNA,2021,REMOLCADOR,2
TACNA,2021,REMOLQUE Y SEMIREMOLQUE,2
TACNA,2021,VEHÍCULO NO IDENTIFICADO,10
TACNA,2021,OTROS,20
TACNA,2021,MOTO,141
TACNA,2021,MOTOKAR,16
TACNA,2021,TRICICLO,1
TACNA,2021,FURGONETA,0
TACNA,2021,BICICLETA,11
TACNA,2021,VEHÍCULO IDENTIFICADO,2
TACNA,2021,OTROS,9
TACNA,2022,AUTOMOVIL,687
TACNA,2022,STATION WAGON,80
TACNA,2022,CAMIONETA PICKUP,70
TACNA,2022,CAMIONETA RURAL,63
TACNA,2022,CAMIONETA PANEL,7
TACNA,2022,OMNIBUS,46
TACNA,2022,CAMION,31
TACNA,2022,REMOLCADOR,7
TACNA,2022,REMOLQUE Y SEMIREMOLQUE,3
TACNA,2022,VEHÍCULO NO IDENTIFICADO,10
TACNA,2022,OTROS,40
TACNA,2022,MOTO,157
TACNA,2022,MOTOKAR,34
TACNA,2022,TRICICLO,2
TACNA,2022,FURGONETA,1
TACNA,2022,BICICLETA,8
TACNA,2022,VEHÍCULO IDENTIFICADO,0
TACNA,2022,OTROS,5
TACNA,2023,AUTOMOVIL,748
TACNA,2023,STATION WAGON,102
TACNA,2023,CAMIONETA PICKUP,79
TACNA,2023,CAMIONETA RURAL,53
TACNA,2023,CAMIONETA PANEL,12
TACNA,2023,OMNIBUS,35
TACNA,2023,CAMION,31
TACNA,2023,REMOLCADOR,5
TACNA,2023,REMOLQUE Y SEMIREMOLQUE,3
TACNA,2023,VEHÍCULO NO IDENTIFICADO,15
TACNA,2023,OTROS,34
TACNA,2023,MOTO,177
TACNA,2023,MOTOKAR,29
TACNA,2023,TRICICLO,1
TACNA,2023,FURGONETA,0
TACNA,2023,BICICLETA,1
TACNA,2023,VEHÍCULO IDENTIFICADO,0
TACNA,2023,OTROS,4
TACNA,2024,AUTOMOVIL,818
TACNA,2024,STATION WAGON,105
TACNA,2024,CAMIONETA PICKUP,112
TACNA,2024,CAMIONETA RURAL,72
TACNA,2024,CAMIONETA PANEL,5
TACNA,2024,OMNIBUS,57
TACNA,2024,CAMION,26
TACNA,2024,REMOLCADOR,1
TACNA,2024,REMOLQUE Y SEMIREMOLQUE,6
TACNA,2024,VEHÍCULO NO IDENTIFICADO,21
TACNA,2024,OTROS,49
TACNA,2024,MOTO,177
TACNA,2024,MOTOKAR,40
TACNA,2024,TRICICLO,1
TACNA,2024,FURGONETA,0
TACNA,2024,BICICLETA,8
TACNA,2024,VEHÍCULO IDENTIFICADO,2
TACNA,2024,OTROS,10
TUMBES,2008,AUTO,94
TUMBES,2008,CAMIONETA,84
TUMBES,2008,MICROBUS,10
TUMBES,2008,OMNIBUS,6
TUMBES,2008,CAMIÓN,16
TUMBES,2008,TRAYLER,8
TUMBES,2008,VOLQUETE,2
TUMBES,2008,BICICLETA,6
TUMBES,2008,FURGÓN,2
TUMBES,2008,TRICICLO,2
TUMBES,2008,MOTOKAR,151
TUMBES,2008,MOTO,78
TUMBES,2008,OTROS,4
TUMBES,2009,AUTO,91
TUMBES,2009,CAMIONETA,65
TUMBES,2009,MICROBUS,2
TUMBES,2009,OMNIBUS,22
TUMBES,2009,CAMIÓN,14
TUMBES,2009,TRAYLER,8
TUMBES,2009,VOLQUETE,0
TUMBES,2009,BICICLETA,3
TUMBES,2009,FURGÓN,2
TUMBES,2009,TRICICLO,0
TUMBES,2009,MOTOKAR,169
TUMBES,2009,MOTO,71
TUMBES,2009,OTROS,9
TUMBES,2010,AUTO,134
TUMBES,2010,CAMIONETA,59
TUMBES,2010,MICROBUS,5
TUMBES,2010,OMNIBUS,15
TUMBES,2010,CAMIÓN,9
TUMBES,2010,TRAYLER,4
TUMBES,2010,VOLQUETE,5
TUMBES,2010,BICICLETA,2
TUMBES,2010,FURGÓN,0
TUMBES,2010,TRICICLO,3
TUMBES,2010,MOTOKAR,156
TUMBES,2010,MOTO,100
TUMBES,2010,OTROS,20
TUMBES,2011,AUTO,120
TUMBES,2011,CAMIONETA,56
TUMBES,2011,MICROBUS,14
TUMBES,2011,OMNIBUS,14
TUMBES,2011,CAMIÓN,16
TUMBES,2011,TRAYLER,3
TUMBES,2011,VOLQUETE,6
TUMBES,2011,BICICLETA,3
TUMBES,2011,FURGÓN,2
TUMBES,2011,TRICICLO,16
TUMBES,2011,MOTOKAR,138
TUMBES,2011,MOTO,85
TUMBES,2011,OTROS,10
TUMBES,2012,AUTO,181
TUMBES,2012,CAMIONETA,82
TUMBES,2012,MICROBUS,12
TUMBES,2012,OMNIBUS,28
TUMBES,2012,CAMIÓN,14
TUMBES,2012,TRAYLER,1
TUMBES,2012,VOLQUETE,4
TUMBES,2012,BICICLETA,2
TUMBES,2012,FURGÓN,0
TUMBES,2012,TRICICLO,16
TUMBES,2012,MOTOKAR,219
TUMBES,2012,MOTO,155
TUMBES,2012,OTROS,42
TUMBES,2013,AUTO,204
TUMBES,2013,CAMIONETA,96
TUMBES,2013,MICROBUS,16
TUMBES,2013,OMNIBUS,13
TUMBES,2013,CAMIÓN,10
TUMBES,2013,TRAYLER,5
TUMBES,2013,VOLQUETE,3
TUMBES,2013,BICICLETA,4
TUMBES,2013,FURGÓN,2
TUMBES,2013,TRICICLO,4
TUMBES,2013,MOTOKAR,252
TUMBES,2013,MOTO,129
TUMBES,2013,OTROS,28
TUMBES,2014,AUTO,178
TUMBES,2014,CAMIONETA,97
TUMBES,2014,MICROBUS,39
TUMBES,2014,OMNIBUS,9
TUMBES,2014,CAMIÓN,23
TUMBES,2014,TRAYLER,7
TUMBES,2014,VOLQUETE,2
TUMBES,2014,BICICLETA,3
TUMBES,2014,FURGÓN,5
TUMBES,2014,TRICICLO,4
TUMBES,2014,MOTOKAR,195
TUMBES,2014,MOTO,118
TUMBES,2014,OTROS,12
TUMBES,2015,AUTOMOVIL,154
TUMBES,2015,STATION WAGON,39
TUMBES,2015,CAMIONETA PICKUP,50
TUMBES,2015,CAMIONETA RURAL,55
TUMBES,2015,CAMIONETA PANEL,6
TUMBES,2015,OMNIBUS,12
TUMBES,2015,CAMION,26
TUMBES,2015,REMOLCADOR,2
TUMBES,2015,REMOLQUE Y SEMIREMOLQUE,1
TUMBES,2015,VEHÍCULO NO IDENTIFICADO,4
TUMBES,2015,MOTO,107
TUMBES,2015,MOTOKAR,203
TUMBES,2015,TRICICLO,1
TUMBES,2015,FURGONETA,8
TUMBES,2015,BICICLETA,4
TUMBES,2015,VEHÍCULO IDENTIFICADO,3
TUMBES,2015,OTRO,1
TUMBES,2016,AUTOMOVIL,213
TUMBES,2016,STATION WAGON,33
TUMBES,2016,CAMIONETA PICKUP,55
TUMBES,2016,CAMIONETA RURAL,44
TUMBES,2016,CAMIONETA PANEL,1
TUMBES,2016,OMNIBUS,4
TUMBES,2016,CAMION,25
TUMBES,2016,REMOLCADOR,5
TUMBES,2016,REMOLQUE Y SEMIREMOLQUE,3
TUMBES,2016,VEHÍCULO NO IDENTIFICADO,9
TUMBES,2016,MOTO,155
TUMBES,2016,MOTOKAR,286
TUMBES,2016,TRICICLO,10
TUMBES,2016,FURGONETA,11
TUMBES,2016,BICICLETA,6
TUMBES,2016,VEHÍCULO IDENTIFICADO,5
TUMBES,2016,OTRO,1
TUMBES,2017,AUTOMOVIL,183
TUMBES,2017,STATION WAGON,17
TUMBES,2017,CAMIONETA PICKUP,22
TUMBES,2017,CAMIONETA RURAL,32
TUMBES,2017,CAMIONETA PANEL,7
TUMBES,2017,OMNIBUS,6
TUMBES,2017,CAMION,21
TUMBES,2017,REMOLCADOR,1
TUMBES,2017,REMOLQUE Y SEMIREMOLQUE,3
TUMBES,2017,VEHÍCULO NO IDENTIFICADO,9
TUMBES,2017,MOTO,143
TUMBES,2017,MOTOKAR,262
TUMBES,2017,TRICICLO,5
TUMBES,2017,FURGONETA,11
TUMBES,2017,BICICLETA,3
TUMBES,2017,VEHÍCULO IDENTIFICADO,5
TUMBES,2017,OTRO,2
TUMBES,2018,AUTOMOVIL,173
TUMBES,2018,STATION WAGON,27
TUMBES,2018,CAMIONETA PICKUP,43
TUMBES,2018,CAMIONETA RURAL,33
TUMBES,2018,CAMIONETA PANEL,2
TUMBES,2018,OMNIBUS,14
TUMBES,2018,CAMION,27
TUMBES,2018,REMOLCADOR,4
TUMBES,2018,REMOLQUE Y SEMIREMOLQUE,5
TUMBES,2018,VEHÍCULO NO IDENTIFICADO,4
TUMBES,2018,OTROS,10
TUMBES,2018,MOTO,173
TUMBES,2018,MOTOKAR,262
TUMBES,2018,TRICICLO,1
TUMBES,2018,FURGONETA,13
TUMBES,2018,BICICLETA,6
TUMBES,2018,VEHÍCULO IDENTIFICADO,1
TUMBES,2018,OTROS,4
TUMBES,2019,AUTOMOVIL,112
TUMBES,2019,STATION WAGON,7
TUMBES,2019,CAMIONETA PICKUP,28
TUMBES,2019,CAMIONETA RURAL,31
TUMBES,2019,CAMIONETA PANEL,2
TUMBES,2019,OMNIBUS,10
TUMBES,2019,CAMION,21
TUMBES,2019,REMOLCADOR,1
TUMBES,2019,REMOLQUE Y SEMIREMOLQUE,0
TUMBES,2019,VEHÍCULO NO IDENTIFICADO,1
TUMBES,2019,OTROS,21
TUMBES,2019,MOTO,130
TUMBES,2019,MOTOKAR,230
TUMBES,2019,TRICICLO,1
TUMBES,2019,FURGONETA,7
TUMBES,2019,BICICLETA,8
TUMBES,2019,VEHÍCULO IDENTIFICADO,3
TUMBES,2019,OTROS,7
TUMBES,2020,AUTOMOVIL,79
TUMBES,2020,STATION WAGON,9
TUMBES,2020,CAMIONETA PICKUP,20
TUMBES,2020,CAMIONETA RURAL,15
TUMBES,2020,CAMIONETA PANEL,6
TUMBES,2020,OMNIBUS,0
TUMBES,2020,CAMION,14
TUMBES,2020,REMOLCADOR,1
TUMBES,2020,REMOLQUE Y SEMIREMOLQUE,0
TUMBES,2020,VEHÍCULO NO IDENTIFICADO,1
TUMBES,2020,OTROS,8
TUMBES,2020,MOTO,93
TUMBES,2020,MOTOKAR,124
TUMBES,2020,TRICICLO,1
TUMBES,2020,FURGONETA,11
TUMBES,2020,BICICLETA,3
TUMBES,2020,VEHÍCULO IDENTIFICADO,1
TUMBES,2020,OTROS,4
TUMBES,2021,AUTOMOVIL,124
TUMBES,2021,STATION WAGON,19
TUMBES,2021,CAMIONETA PICKUP,20
TUMBES,2021,CAMIONETA RURAL,12
TUMBES,2021,CAMIONETA PANEL,5
TUMBES,2021,OMNIBUS,5
TUMBES,2021,CAMION,26
TUMBES,2021,REMOLCADOR,2
TUMBES,2021,REMOLQUE Y SEMIREMOLQUE,1
TUMBES,2021,VEHÍCULO NO IDENTIFICADO,0
TUMBES,2021,OTROS,14
TUMBES,2021,MOTO,197
TUMBES,2021,MOTOKAR,152
TUMBES,2021,TRICICLO,0
TUMBES,2021,FURGONETA,20
TUMBES,2021,BICICLETA,0
TUMBES,2021,VEHÍCULO IDENTIFICADO,2
TUMBES,2021,OTROS,5
TUMBES,2022,AUTOMOVIL,126
TUMBES,2022,STATION WAGON,10
TUMBES,2022,CAMIONETA PICKUP,21
TUMBES,2022,CAMIONETA RURAL,21
TUMBES,2022,CAMIONETA PANEL,3
TUMBES,2022,OMNIBUS,2
TUMBES,2022,CAMION,21
TUMBES,2022,REMOLCADOR,2
TUMBES,2022,REMOLQUE Y SEMIREMOLQUE,1
TUMBES,2022,VEHÍCULO NO IDENTIFICADO,1
TUMBES,2022,OTROS,6
TUMBES,2022,MOTO,178
TUMBES,2022,MOTOKAR,194
TUMBES,2022,TRICICLO,0
TUMBES,2022,FURGONETA,5
TUMBES,2022,BICICLETA,0
TUMBES,2022,VEHÍCULO IDENTIFICADO,1
TUMBES,2022,OTROS,1
TUMBES,2023,AUTOMOVIL,99
TUMBES,2023,STATION WAGON,6
TUMBES,2023,CAMIONETA PICKUP,29
TUMBES,2023,CAMIONETA RURAL,9
TUMBES,2023,CAMIONETA PANEL,1
TUMBES,2023,OMNIBUS,5
TUMBES,2023,CAMION,13
TUMBES,2023,REMOLCADOR,2
TUMBES,2023,REMOLQUE Y SEMIREMOLQUE,0
TUMBES,2023,VEHÍCULO NO IDENTIFICADO,2
TUMBES,2023,OTROS,6
TUMBES,2023,MOTO,134
TUMBES,2023,MOTOKAR,120
TUMBES,2023,TRICICLO,1
TUMBES,2023,FURGONETA,9
TUMBES,2023,BICICLETA,2
TUMBES,2023,VEHÍCULO IDENTIFICADO,2
TUMBES,2023,OTROS,1
TUMBES,2024,AUTOMOVIL,74
TUMBES,2024,STATION WAGON,3
TUMBES,2024,CAMIONETA PICKUP,25
TUMBES,2024,CAMIONETA RURAL,21
TUMBES,2024,CAMIONETA PANEL,2
TUMBES,2024,OMNIBUS,6
TUMBES,2024,CAMION,10
TUMBES,2024,REMOLCADOR,1
TUMBES,2024,REMOLQUE Y SEMIREMOLQUE,1
TUMBES,2024,VEHÍCULO NO IDENTIFICADO,5
TUMBES,2024,OTROS,5
TUMBES,2024,MOTO,120
TUMBES,2024,MOTOKAR,134
TUMBES,2024,TRICICLO,1
TUMBES,2024,FURGONETA,6
TUMBES,2024,BICICLETA,2
TUMBES,2024,VEHÍCULO IDENTIFICADO,0
TUMBES,2024,OTROS,1
UCAYALI,2008,AUTO,229
UCAYALI,2008,CAMIONETA,168
UCAYALI,2008,MICROBUS,40
UCAYALI,2008,OMNIBUS,21
UCAYALI,2008,CAMIÓN,93
UCAYALI,2008,TRAYLER,23
UCAYALI,2008,VOLQUETE,8
UCAYALI,2008,BICICLETA,22
UCAYALI,2008,FURGÓN,9
UCAYALI,2008,TRICICLO,9
UCAYALI,2008,MOTOKAR,952
UCAYALI,2008,MOTO,541
UCAYALI,2008,OTROS,20
UCAYALI,2009,AUTO,181
UCAYALI,2009,CAMIONETA,110
UCAYALI,2009,MICROBUS,37
UCAYALI,2009,OMNIBUS,33
UCAYALI,2009,CAMIÓN,50
UCAYALI,2009,TRAYLER,22
UCAYALI,2009,VOLQUETE,6
UCAYALI,2009,BICICLETA,25
UCAYALI,2009,FURGÓN,12
UCAYALI,2009,TRICICLO,31
UCAYALI,2009,MOTOKAR,805
UCAYALI,2009,MOTO,401
UCAYALI,2009,OTROS,14
UCAYALI,2010,AUTO,164
UCAYALI,2010,CAMIONETA,137
UCAYALI,2010,MICROBUS,23
UCAYALI,2010,OMNIBUS,4
UCAYALI,2010,CAMIÓN,70
UCAYALI,2010,TRAYLER,13
UCAYALI,2010,VOLQUETE,5
UCAYALI,2010,BICICLETA,13
UCAYALI,2010,FURGÓN,10
UCAYALI,2010,TRICICLO,11
UCAYALI,2010,MOTOKAR,834
UCAYALI,2010,MOTO,437
UCAYALI,2010,OTROS,9
UCAYALI,2011,AUTO,172
UCAYALI,2011,CAMIONETA,148
UCAYALI,2011,MICROBUS,9
UCAYALI,2011,OMNIBUS,14
UCAYALI,2011,CAMIÓN,44
UCAYALI,2011,TRAYLER,12
UCAYALI,2011,VOLQUETE,8
UCAYALI,2011,BICICLETA,8
UCAYALI,2011,FURGÓN,23
UCAYALI,2011,TRICICLO,3
UCAYALI,2011,MOTOKAR,749
UCAYALI,2011,MOTO,510
UCAYALI,2011,OTROS,5
UCAYALI,2012,AUTO,202
UCAYALI,2012,CAMIONETA,167
UCAYALI,2012,MICROBUS,33
UCAYALI,2012,OMNIBUS,12
UCAYALI,2012,CAMIÓN,54
UCAYALI,2012,TRAYLER,15
UCAYALI,2012,VOLQUETE,8
UCAYALI,2012,BICICLETA,6
UCAYALI,2012,FURGÓN,37
UCAYALI,2012,TRICICLO,1
UCAYALI,2012,MOTOKAR,769
UCAYALI,2012,MOTO,564
UCAYALI,2012,OTROS,27
UCAYALI,2013,AUTO,196
UCAYALI,2013,CAMIONETA,134
UCAYALI,2013,MICROBUS,26
UCAYALI,2013,OMNIBUS,8
UCAYALI,2013,CAMIÓN,49
UCAYALI,2013,TRAYLER,5
UCAYALI,2013,VOLQUETE,2
UCAYALI,2013,BICICLETA,7
UCAYALI,2013,FURGÓN,22
UCAYALI,2013,TRICICLO,1
UCAYALI,2013,MOTOKAR,715
UCAYALI,2013,MOTO,546
UCAYALI,2013,OTROS,15
UCAYALI,2014,AUTO,201
UCAYALI,2014,CAMIONETA,129
UCAYALI,2014,MICROBUS,30
UCAYALI,2014,OMNIBUS,17
UCAYALI,2014,CAMIÓN,62
UCAYALI,2014,TRAYLER,12
UCAYALI,2014,VOLQUETE,9
UCAYALI,2014,BICICLETA,4
UCAYALI,2014,FURGÓN,28
UCAYALI,2014,TRICICLO,13
UCAYALI,2014,MOTOKAR,509
UCAYALI,2014,MOTO,483
UCAYALI,2014,OTROS,36
UCAYALI,2015,AUTOMOVIL,127
UCAYALI,2015,STATION WAGON,15
UCAYALI,2015,CAMIONETA PICKUP,46
UCAYALI,2015,CAMIONETA RURAL,48
UCAYALI,2015,CAMIONETA PANEL,9
UCAYALI,2015,OMNIBUS,10
UCAYALI,2015,CAMION,30
UCAYALI,2015,REMOLCADOR,7
UCAYALI,2015,REMOLQUE Y SEMIREMOLQUE,9
UCAYALI,2015,VEHÍCULO NO IDENTIFICADO,8
UCAYALI,2015,MOTO,341
UCAYALI,2015,MOTOKAR,327
UCAYALI,2015,TRICICLO,17
UCAYALI,2015,FURGONETA,28
UCAYALI,2015,BICICLETA,9
UCAYALI,2015,VEHÍCULO IDENTIFICADO,7
UCAYALI,2015,OTRO,9
UCAYALI,2016,AUTOMOVIL,77
UCAYALI,2016,STATION WAGON,2
UCAYALI,2016,CAMIONETA PICKUP,32
UCAYALI,2016,CAMIONETA RURAL,29
UCAYALI,2016,CAMIONETA PANEL,0
UCAYALI,2016,OMNIBUS,3
UCAYALI,2016,CAMION,30
UCAYALI,2016,REMOLCADOR,3
UCAYALI,2016,REMOLQUE Y SEMIREMOLQUE,2
UCAYALI,2016,VEHÍCULO NO IDENTIFICADO,7
UCAYALI,2016,MOTO,230
UCAYALI,2016,MOTOKAR,179
UCAYALI,2016,TRICICLO,1
UCAYALI,2016,FURGONETA,4
UCAYALI,2016,BICICLETA,1
UCAYALI,2016,VEHÍCULO IDENTIFICADO,3
UCAYALI,2016,OTRO,4
UCAYALI,2017,AUTOMOVIL,102
UCAYALI,2017,STATION WAGON,2
UCAYALI,2017,CAMIONETA PICKUP,14
UCAYALI,2017,CAMIONETA RURAL,28
UCAYALI,2017,CAMIONETA PANEL,2
UCAYALI,2017,OMNIBUS,3
UCAYALI,2017,CAMION,32
UCAYALI,2017,REMOLCADOR,9
UCAYALI,2017,REMOLQUE Y SEMIREMOLQUE,7
UCAYALI,2017,VEHÍCULO NO IDENTIFICADO,2
UCAYALI,2017,MOTO,217
UCAYALI,2017,MOTOKAR,193
UCAYALI,2017,TRICICLO,1
UCAYALI,2017,FURGONETA,3
UCAYALI,2017,BICICLETA,0
UCAYALI,2017,VEHÍCULO IDENTIFICADO,0
UCAYALI,2017,OTRO,5
UCAYALI,2018,AUTOMOVIL,67
UCAYALI,2018,STATION WAGON,6
UCAYALI,2018,CAMIONETA PICKUP,6
UCAYALI,2018,CAMIONETA RURAL,36
UCAYALI,2018,CAMIONETA PANEL,5
UCAYALI,2018,OMNIBUS,3
UCAYALI,2018,CAMION,16
UCAYALI,2018,REMOLCADOR,3
UCAYALI,2018,REMOLQUE Y SEMIREMOLQUE,2
UCAYALI,2018,VEHÍCULO NO IDENTIFICADO,0
UCAYALI,2018,OTROS,19
UCAYALI,2018,MOTO,419
UCAYALI,2018,MOTOKAR,365
UCAYALI,2018,TRICICLO,2
UCAYALI,2018,FURGONETA,4
UCAYALI,2018,BICICLETA,0
UCAYALI,2018,VEHÍCULO IDENTIFICADO,0
UCAYALI,2018,OTROS,10
UCAYALI,2019,AUTOMOVIL,84
UCAYALI,2019,STATION WAGON,0
UCAYALI,2019,CAMIONETA PICKUP,4
UCAYALI,2019,CAMIONETA RURAL,16
UCAYALI,2019,CAMIONETA PANEL,10
UCAYALI,2019,OMNIBUS,4
UCAYALI,2019,CAMION,19
UCAYALI,2019,REMOLCADOR,6
UCAYALI,2019,REMOLQUE Y SEMIREMOLQUE,5
UCAYALI,2019,VEHÍCULO NO IDENTIFICADO,3
UCAYALI,2019,OTROS,13
UCAYALI,2019,MOTO,334
UCAYALI,2019,MOTOKAR,369
UCAYALI,2019,TRICICLO,1
UCAYALI,2019,FURGONETA,5
UCAYALI,2019,BICICLETA,1
UCAYALI,2019,VEHÍCULO IDENTIFICADO,0
UCAYALI,2019,OTROS,14
UCAYALI,2020,AUTOMOVIL,49
UCAYALI,2020,STATION WAGON,0
UCAYALI,2020,CAMIONETA PICKUP,11
UCAYALI,2020,CAMIONETA RURAL,12
UCAYALI,2020,CAMIONETA PANEL,1
UCAYALI,2020,OMNIBUS,4
UCAYALI,2020,CAMION,22
UCAYALI,2020,REMOLCADOR,9
UCAYALI,2020,REMOLQUE Y SEMIREMOLQUE,2
UCAYALI,2020,VEHÍCULO NO IDENTIFICADO,0
UCAYALI,2020,OTROS,7
UCAYALI,2020,MOTO,263
UCAYALI,2020,MOTOKAR,274
UCAYALI,2020,TRICICLO,12
UCAYALI,2020,FURGONETA,4
UCAYALI,2020,BICICLETA,0
UCAYALI,2020,VEHÍCULO IDENTIFICADO,9
UCAYALI,2020,OTROS,27
UCAYALI,2021,AUTOMOVIL,62
UCAYALI,2021,STATION WAGON,2
UCAYALI,2021,CAMIONETA PICKUP,22
UCAYALI,2021,CAMIONETA RURAL,18
UCAYALI,2021,CAMIONETA PANEL,0
UCAYALI,2021,OMNIBUS,4
UCAYALI,2021,CAMION,21
UCAYALI,2021,REMOLCADOR,5
UCAYALI,2021,REMOLQUE Y SEMIREMOLQUE,1
UCAYALI,2021,VEHÍCULO NO IDENTIFICADO,2
UCAYALI,2021,OTROS,25
UCAYALI,2021,MOTO,229
UCAYALI,2021,MOTOKAR,228
UCAYALI,2021,TRICICLO,2
UCAYALI,2021,FURGONETA,7
UCAYALI,2021,BICICLETA,0
UCAYALI,2021,VEHÍCULO IDENTIFICADO,2
UCAYALI,2021,OTROS,10
UCAYALI,2022,AUTOMOVIL,61
UCAYALI,2022,STATION WAGON,3
UCAYALI,2022,CAMIONETA PICKUP,50
UCAYALI,2022,CAMIONETA RURAL,21
UCAYALI,2022,CAMIONETA PANEL,10
UCAYALI,2022,OMNIBUS,4
UCAYALI,2022,CAMION,22
UCAYALI,2022,REMOLCADOR,3
UCAYALI,2022,REMOLQUE Y SEMIREMOLQUE,2
UCAYALI,2022,VEHÍCULO NO IDENTIFICADO,5
UCAYALI,2022,OTROS,10
UCAYALI,2022,MOTO,316
UCAYALI,2022,MOTOKAR,247
UCAYALI,2022,TRICICLO,0
UCAYALI,2022,FURGONETA,5
UCAYALI,2022,BICICLETA,1
UCAYALI,2022,VEHÍCULO IDENTIFICADO,0
UCAYALI,2022,OTROS,0
UCAYALI,2023,AUTOMOVIL,57
UCAYALI,2023,STATION WAGON,0
UCAYALI,2023,CAMIONETA PICKUP,55
UCAYALI,2023,CAMIONETA RURAL,18
UCAYALI,2023,CAMIONETA PANEL,1
UCAYALI,2023,OMNIBUS,0
UCAYALI,2023,CAMION,9
UCAYALI,2023,REMOLCADOR,1
UCAYALI,2023,REMOLQUE Y SEMIREMOLQUE,3
UCAYALI,2023,VEHÍCULO NO IDENTIFICADO,0
UCAYALI,2023,OTROS,9
UCAYALI,2023,MOTO,399
UCAYALI,2023,MOTOKAR,343
UCAYALI,2023,TRICICLO,1
UCAYALI,2023,FURGONETA,9
UCAYALI,2023,BICICLETA,0
UCAYALI,2023,VEHÍCULO IDENTIFICADO,1
UCAYALI,2023,OTROS,2
UCAYALI,2024,AUTOMOVIL,68
UCAYALI,2024,STATION WAGON,0
UCAYALI,2024,CAMIONETA PICKUP,85
UCAYALI,2024,CAMIONETA RURAL,8
UCAYALI,2024,CAMIONETA PANEL,2
UCAYALI,2024,OMNIBUS,2
UCAYALI,2024,CAMION,17
UCAYALI,2024,REMOLCADOR,4
UCAYALI,2024,REMOLQUE Y SEMIREMOLQUE,4
UCAYALI,2024,VEHÍCULO NO IDENTIFICADO,2
UCAYALI,2024,OTROS,4
UCAYALI,2024,MOTO,452
UCAYALI,2024,MOTOKAR,438
UCAYALI,2024,TRICICLO,0
UCAYALI,2024,FURGONETA,4
UCAYALI,2024,BICICLETA,0
UCAYALI,2024,VEHÍCULO IDENTIFICADO,0
UCAYALI,2024,OTROS,29
