departamento,anio,atributo,conductores
AMAZONAS,2008,MASCULINO MENOR DE 18 AÑOS,8
AMAZONAS,2008,MASCULINO MAYOR DE 18 AÑOS,291
AMAZONAS,2008,FEMENINO MENOR DE 18 AÑOS,0
AMAZONAS,2008,FEMENINO MAYOR DE 18 AÑOS,3
AMAZONAS,2008,LICENCIA PROFESIONAL,273
AMAZONAS,2008,LICENCIA PARTICULAR,16
AMAZONAS,2008,LICENCIA MILITAR,2
AMAZONAS,2008,SIN LICENCIA,8
AMAZONAS,2008,OTROS (NO TIENE LICENCIA O NO CORRESPONDE AL TIPO DE VEHÍCULO),3
AMAZONAS,2009,MASCULINO MENOR DE 18 AÑOS,5
AMAZONAS,2009,MASCULINO MAYOR DE 18 AÑOS,220
AMAZONAS,2009,FEMENINO MENOR DE 18 AÑOS,4
AMAZONAS,2009,FEMENINO MAYOR DE 18 AÑOS,7
AMAZONAS,2009,LICENCIA PROFESIONAL,214
AMAZONAS,2009,LICENCIA PARTICULAR,5
AMAZONAS,2009,LICENCIA MILITAR,6
AMAZONAS,2009,SIN LICENCIA,6
AMAZONAS,2009,OTROS (NO TIENE LICENCIA O NO CORRESPONDE AL TIPO DE VEHÍCULO),5
AMAZONAS,2010,MASCULINO MENOR DE 18 AÑOS,1
AMAZONAS,2010,MASCULINO ENTRE 19 A 25 AÑOS,21
AMAZONAS,2010,MASCULINO ENTRE 26 Y 60 AÑOS,81
AMAZONAS,2010,MASCULINO ENTRE 60 AÑOS A MÁS,0
AMAZONAS,2010,FEMENINO MENOR DE 18 AÑOS,0
AMAZONAS,2010,FEMENINO ENTRE 19 A 25 AÑOS,1
AMAZONAS,2010,FEMENINO ENTRE 26 A 60 AÑOS,9
AMAZONAS,2010,FEMENINO ENTRE 60 AÑOS A MÁS,0
AMAZONAS,2010,LICENCIA PROFESIONAL,79
AMAZONAS,2010,LICENCIA PARTICULAR,17
AMAZONAS,2010,LICENCIA MILITAR,2
AMAZONAS,2010,SIN LICENCIA,10
AMAZONAS,2010,OTROS (NO TIENE LICENCIA O NO CORRESPONDE AL TIPO DE VEHÍCULO),5
AMAZONAS,2011,MASCULINO MENOR DE 18 AÑOS,0
AMAZONAS,2011,MASCULINO ENTRE 19 A 25 AÑOS,35
AMAZONAS,2011,MASCULINO ENTRE 26 Y 60 AÑOS,234
AMAZONAS,2011,MASCULINO ENTRE 60 AÑOS A MÁS,20
AMAZONAS,2011,FEMENINO MENOR DE 18 AÑOS,0
AMAZONAS,2011,FEMENINO ENTRE 19 A 25 AÑOS,15
AMAZONAS,2011,FEMENINO ENTRE 26 A 60 AÑOS,7
AMAZONAS,2011,FEMENINO ENTRE 60 AÑOS A MÁS,0
AMAZONAS,2011,LICENCIA PROFESIONAL,231
AMAZONAS,2011,LICENCIA PARTICULAR,15
AMAZONAS,2011,LICENCIA MILITAR,1
AMAZONAS,2011,SIN LICENCIA,39
AMAZONAS,2011,OTROS (NO TIENE LICENCIA O NO CORRESPONDE AL TIPO DE VEHÍCULO),25
AMAZONAS,2012,MASCULINO MENOR DE 18 AÑOS,14
AMAZONAS,2012,MASCULINO ENTRE 19 A 25 AÑOS,142
AMAZONAS,2012,MASCULINO ENTRE 26 Y 60 AÑOS,306
AMAZONAS,2012,MASCULINO ENTRE 60 AÑOS A MÁS,22
AMAZONAS,2012,FEMENINO MENOR DE 18 AÑOS,5
AMAZONAS,2012,FEMENINO ENTRE 19 A 25 AÑOS,29
AMAZONAS,2012,FEMENINO ENTRE 26 A 60 AÑOS,14
AMAZONAS,2012,FEMENINO ENTRE 60 AÑOS A MÁS,1
AMAZONAS,2012,LICENCIA PROFESIONAL,301
AMAZONAS,2012,LICENCIA PARTICULAR,51
AMAZONAS,2012,LICENCIA MILITAR,2
AMAZONAS,2012,SIN LICENCIA,155
AMAZONAS,2012,OTROS (NO TIENE LICENCIA O NO CORRESPONDE AL TIPO DE VEHÍCULO),24
AMAZONAS,2013,MASCULINO MENOR DE 18 AÑOS,19
AMAZONAS,2013,MASCULINO ENTRE 19 A 25 AÑOS,222
AMAZONAS,2013,MASCULINO ENTRE 26 Y 60 AÑOS,373
AMAZONAS,2013,MASCULINO ENTRE 60 AÑOS A MÁS,40
AMAZONAS,2013,FEMENINO MENOR DE 18 AÑOS,0
AMAZONAS,2013,FEMENINO ENTRE 19 A 25 AÑOS,30
AMAZONAS,2013,FEMENINO ENTRE 26 A 60 AÑOS,9
AMAZONAS,2013,FEMENINO ENTRE 60 AÑOS A MÁS,1
AMAZONAS,2013,LICENCIA PROFESIONAL,330
AMAZONAS,2013,LICENCIA PARTICULAR,134
AMAZONAS,2013,LICENCIA MILITAR,3
AMAZONAS,2013,SIN LICENCIA,209
AMAZONAS,2013,OTROS (NO TIENE LICENCIA O NO CORRESPONDE AL TIPO DE VEHÍCULO),18
AMAZONAS,2014,MASCULINO MENOR DE 18 AÑOS,20
AMAZONAS,2014,MASCULINO ENTRE 19 A 25 AÑOS,272
AMAZONAS,2014,MASCULINO ENTRE 26 Y 60 AÑOS,223
AMAZONAS,2014,MASCULINO ENTRE 60 AÑOS A MÁS,32
AMAZONAS,2014,FEMENINO MENOR DE 18 AÑOS,1
AMAZONAS,2014,FEMENINO ENTRE 19 A 25 AÑOS,24
AMAZONAS,2014,FEMENINO ENTRE 26 A 60 AÑOS,12
AMAZONAS,2014,FEMENINO ENTRE 60 AÑOS A MÁS,0
AMAZONAS,2014,LICENCIA PROFESIONAL,171
AMAZONAS,2014,LICENCIA PARTICULAR,214
AMAZONAS,2014,LICENCIA MILITAR,0
AMAZONAS,2014,SIN LICENCIA,176
AMAZONAS,2014,OTROS (NO TIENE LICENCIA O NO CORRESPONDE AL TIPO DE VEHÍCULO),23
AMAZONAS,2015,MASCULINO MENOR DE 18 AÑOS,20
AMAZONAS,2015,MASCULINO ENTRE 19 A 25 AÑOS,209
AMAZONAS,2015,MASCULINO ENTRE 26 Y 60 AÑOS,247
AMAZONAS,2015,MASCULINO ENTRE 60 AÑOS A MÁS,22
AMAZONAS,2015,FEMENINO MENOR DE 18 AÑOS,4
AMAZONAS,2015,FEMENINO ENTRE 19 A 25 AÑOS,5
AMAZONAS,2015,FEMENINO ENTRE 26 A 60 AÑOS,16
AMAZONAS,2015,FEMENINO ENTRE 60 AÑOS A MÁS,0
AMAZONAS,2015,SE DESCONOCE POR FUGA,0
AMAZONAS,2015,LICENCIA PROFESIONAL,171
AMAZONAS,2015,LICENCIA PARTICULAR,171
AMAZONAS,2015,LICENCIA MILITAR,10
AMAZONAS,2015,SIN LICENCIA,130
AMAZONAS,2015,LICENCIA DE VEHÍCULO MENOR,27
AMAZONAS,2015,LICENCIA EXTRANJERA,6
AMAZONAS,2015,OTROS (NO TIENE LICENCIA O NO CORRESPONDE AL TIPO DE VEHÍCULO),8
AMAZONAS,2016,MASCULINO MENOR DE 18 AÑOS,45
AMAZONAS,2016,MASCULINO ENTRE 19 A 25 AÑOS,185
AMAZONAS,2016,MASCULINO ENTRE 26 Y 60 AÑOS,420
AMAZONAS,2016,MASCULINO ENTRE 60 AÑOS A MÁS,71
AMAZONAS,2016,FEMENINO MENOR DE 18 AÑOS,39
AMAZONAS,2016,FEMENINO ENTRE 19 A 25 AÑOS,39
AMAZONAS,2016,FEMENINO ENTRE 26 A 60 AÑOS,66
AMAZONAS,2016,FEMENINO ENTRE 60 AÑOS A MÁS,23
AMAZONAS,2016,SE DESCONOCE POR FUGA,15
AMAZONAS,2016,LICENCIA PROFESIONAL,206
AMAZONAS,2016,LICENCIA PARTICULAR,240
AMAZONAS,2016,LICENCIA MILITAR,32
AMAZONAS,2016,SIN LICENCIA,247
AMAZONAS,2016,LICENCIA DE VEHÍCULO MENOR,131
AMAZONAS,2016,LICENCIA EXTRANJERA,10
AMAZONAS,2016,OTROS (NO TIENE LICENCIA O NO CORRESPONDE AL TIPO DE VEHÍCULO),37
AMAZONAS,2017,MASCULINO MENOR ENTRE 13 Y 18 AÑOS,20
AMAZONAS,2017,MASCULINO ENTRE 19 A 25 AÑOS,150
AMAZONAS,2017,MASCULINO ENTRE 26 Y 60 AÑOS,357
AMAZONAS,2017,MASCULINO ENTRE 60 AÑOS A MÁS,31
AMAZONAS,2017,FEMENINO MENOR ENTRE 13 Y 18 AÑOS,8
AMAZONAS,2017,FEMENINO ENTRE 19 A 25 AÑOS,16
AMAZONAS,2017,FEMENINO ENTRE 26 A 60 AÑOS,22
AMAZONAS,2017,FEMENINO ENTRE 60 AÑOS A MÁS,6
AMAZONAS,2017,SE DESCONOCE POR FUGA,8
AMAZONAS,2017,LICENCIA PROFESIONAL,129
AMAZONAS,2017,LICENCIA PARTICULAR,165
AMAZONAS,2017,LICENCIA MILITAR,2
AMAZONAS,2017,SIN LICENCIA,150
AMAZONAS,2017,LICENCIA DE VEHÍCULO MENOR,159
AMAZONAS,2017,LICENCIA EXTRANJERA,5
AMAZONAS,2017,OTROS (NO TIENE LICENCIA O NO CORRESPONDE AL TIPO DE VEHÍCULO),8
AMAZONAS,2018,ENTRE 12 Y 17 AÑOS,13
AMAZONAS,2018,ENTRE 18 A 29 AÑOS,225
AMAZONAS,2018,ENTRE 30 Y 59 AÑOS,226
AMAZONAS,2018,ENTRE 60 AÑOS A MÁS,11
AMAZONAS,2018,ENTRE 12 Y 17 AÑOS,2
AMAZONAS,2018,ENTRE 18 A 29 AÑOS,15
AMAZONAS,2018,ENTRE 30 Y 59 AÑOS,14
AMAZONAS,2018,ENTRE 60 AÑOS A MÁS,0
AMAZONAS,2018,LICENCIA PROFESIONAL,111
AMAZONAS,2018,LICENCIA PARTICULAR,79
AMAZONAS,2018,LICENCIA MILITAR,4
AMAZONAS,2018,SIN LICENCIA,81
AMAZONAS,2018,LICENCIA DE VEHÍCULO MENOR,203
AMAZONAS,2018,LICENCIA EXTRANJERA,29
AMAZONAS,2019,ENTRE 12 Y 17 AÑOS,10
AMAZONAS,2019,ENTRE 18 A 29 AÑOS,305
AMAZONAS,2019,ENTRE 30 Y 59 AÑOS,346
AMAZONAS,2019,ENTRE 60 AÑOS A MÁS,35
AMAZONAS,2019,ENTRE 12 Y 17 AÑOS,1
AMAZONAS,2019,ENTRE 18 A 29 AÑOS,10
AMAZONAS,2019,ENTRE 30 Y 59 AÑOS,12
AMAZONAS,2019,ENTRE 60 AÑOS A MÁS,1
AMAZONAS,2019,LICENCIA PROFESIONAL,205
AMAZONAS,2019,LICENCIA PARTICULAR,107
AMAZONAS,2019,LICENCIA MILITAR,2
AMAZONAS,2019,SIN LICENCIA,143
AMAZONAS,2019,LICENCIA DE VEHÍCULO MENOR,259
AMAZONAS,2019,LICENCIA EXTRANJERA,4
AMAZONAS,2020,ENTRE 12 Y 17 AÑOS,10
AMAZONAS,2020,ENTRE 18 A 29 AÑOS,211
AMAZONAS,2020,ENTRE 30 Y 59 AÑOS,295
AMAZONAS,2020,ENTRE 60 AÑOS A MÁS,22
AMAZONAS,2020,ENTRE 12 Y 17 AÑOS,0
AMAZONAS,2020,ENTRE 18 A 29 AÑOS,9
AMAZONAS,2020,ENTRE 30 Y 59 AÑOS,5
AMAZONAS,2020,ENTRE 60 AÑOS A MÁS,0
AMAZONAS,2020,LICENCIA PROFESIONAL,162
AMAZONAS,2020,LICENCIA PARTICULAR,84
AMAZONAS,2020,LICENCIA MILITAR,2
AMAZONAS,2020,SIN LICENCIA,98
AMAZONAS,2020,LICENCIA DE VEHÍCULO MENOR,203
AMAZONAS,2020,LICENCIA EXTRANJERA,3
AMAZONAS,2021,ENTRE 12 Y 17 AÑOS,20
AMAZONAS,2021,ENTRE 18 A 29 AÑOS,303
AMAZONAS,2021,ENTRE 30 Y 59 AÑOS,324
AMAZONAS,2021,ENTRE 60 AÑOS A MÁS,34
AMAZONAS,2021,ENTRE 12 Y 17 AÑOS,0
AMAZONAS,2021,ENTRE 18 A 29 AÑOS,14
AMAZONAS,2021,ENTRE 30 Y 59 AÑOS,12
AMAZONAS,2021,ENTRE 60 AÑOS A MÁS,4
AMAZONAS,2021,LICENCIA PROFESIONAL,167
AMAZONAS,2021,LICENCIA PARTICULAR,88
AMAZONAS,2021,LICENCIA MILITAR,0
AMAZONAS,2021,SIN LICENCIA,144
AMAZONAS,2021,LICENCIA DE VEHÍCULO MENOR,307
AMAZONAS,2021,LICENCIA EXTRANJERA,5
AMAZONAS,2022,ENTRE 12 Y 17 AÑOS,23
AMAZONAS,2022,ENTRE 18 A 29 AÑOS,225
AMAZONAS,2022,ENTRE 30 Y 59 AÑOS,436
AMAZONAS,2022,ENTRE 60 AÑOS A MÁS,55
AMAZONAS,2022,ENTRE 12 Y 17 AÑOS,0
AMAZONAS,2022,ENTRE 18 A 29 AÑOS,11
AMAZONAS,2022,ENTRE 30 Y 59 AÑOS,14
AMAZONAS,2022,ENTRE 60 AÑOS A MÁS,0
AMAZONAS,2022,LICENCIA PROFESIONAL,230
AMAZONAS,2022,LICENCIA PARTICULAR,108
AMAZONAS,2022,LICENCIA MILITAR,1
AMAZONAS,2022,SIN LICENCIA,82
AMAZONAS,2022,LICENCIA DE VEHÍCULO MENOR,335
AMAZONAS,2022,LICENCIA EXTRANJERA,8
AMAZONAS,2023,ENTRE 12 Y 17 AÑOS,24
AMAZONAS,2023,ENTRE 18 A 29 AÑOS,232
AMAZONAS,2023,ENTRE 30 Y 59 AÑOS,397
AMAZONAS,2023,ENTRE 60 AÑOS A MÁS,60
AMAZONAS,2023,ENTRE 12 Y 17 AÑOS,3
AMAZONAS,2023,ENTRE 18 A 29 AÑOS,15
AMAZONAS,2023,ENTRE 30 Y 59 AÑOS,34
AMAZONAS,2023,ENTRE 60 AÑOS A MÁS,9
AMAZONAS,2023,LICENCIA PROFESIONAL,162
AMAZONAS,2023,LICENCIA PARTICULAR,100
AMAZONAS,2023,LICENCIA MILITAR,2
AMAZONAS,2023,SIN LICENCIA,359
AMAZONAS,2023,LICENCIA DE VEHÍCULO MENOR,20
AMAZONAS,2023,LICENCIA EXTRANJERA,132
AMAZONAS,2024,ENTRE 12 Y 17 AÑOS,16
AMAZONAS,2024,ENTRE 18 A 29 AÑOS,238
AMAZONAS,2024,ENTRE 30 Y 59 AÑOS,349
AMAZONAS,2024,ENTRE 60 AÑOS A MÁS,35
AMAZONAS,2024,ENTRE 12 Y 17 AÑOS,7
AMAZONAS,2024,ENTRE 18 A 29 AÑOS,21
AMAZONAS,2024,ENTRE 30 Y 59 AÑOS,15
AMAZONAS,2024,ENTRE 60 AÑOS A MÁS,1
AMAZONAS,2024,LICENCIA PROFESIONAL,180
AMAZONAS,2024,LICENCIA PARTICULAR,103
AMAZONAS,2024,LICENCIA MILITAR,0
AMAZONAS,2024,SIN LICENCIA,192
AMAZONAS,2024,LICENCIA DE VEHÍCULO MENOR,5
AMAZONAS,2024,LICENCIA EXTRANJERA,217
ANCASH,2008,MASCULINO MENOR DE 18 AÑOS,160
ANCASH,2008,MASCULINO MAYOR DE 18 AÑOS,1632
ANCASH,2008,FEMENINO MENOR DE 18 AÑOS,0
ANCASH,2008,FEMENINO MAYOR DE 18 AÑOS,177
ANCASH,2008,LICENCIA PROFESIONAL,923
ANCASH,2008,LICENCIA PARTICULAR,366
ANCASH,2008,LICENCIA MILITAR,216
ANCASH,2008,SIN LICENCIA,439
ANCASH,2008,OTROS (NO TIENE LICENCIA O NO CORRESPONDE AL TIPO DE VEHÍCULO),25
ANCASH,2009,MASCULINO MENOR DE 18 AÑOS,85
ANCASH,2009,MASCULINO MAYOR DE 18 AÑOS,2750
ANCASH,2009,FEMENINO MENOR DE 18 AÑOS,3
ANCASH,2009,FEMENINO MAYOR DE 18 AÑOS,69
ANCASH,2009,LICENCIA PROFESIONAL,1730
ANCASH,2009,LICENCIA PARTICULAR,728
ANCASH,2009,LICENCIA MILITAR,108
ANCASH,2009,SIN LICENCIA,217
ANCASH,2009,OTROS (NO TIENE LICENCIA O NO CORRESPONDE AL TIPO DE VEHÍCULO),124
ANCASH,2010,MASCULINO MENOR DE 18 AÑOS,119
ANCASH,2010,MASCULINO ENTRE 19 A 25 AÑOS,754
ANCASH,2010,MASCULINO ENTRE 26 Y 60 AÑOS,1542
ANCASH,2010,MASCULINO ENTRE 60 AÑOS A MÁS,79
ANCASH,2010,FEMENINO MENOR DE 18 AÑOS,2
ANCASH,2010,FEMENINO ENTRE 19 A 25 AÑOS,22
ANCASH,2010,FEMENINO ENTRE 26 A 60 AÑOS,22
ANCASH,2010,FEMENINO ENTRE 60 AÑOS A MÁS,1
ANCASH,2010,LICENCIA PROFESIONAL,1581
ANCASH,2010,LICENCIA PARTICULAR,572
ANCASH,2010,LICENCIA MILITAR,39
ANCASH,2010,SIN LICENCIA,326
ANCASH,2010,OTROS (NO TIENE LICENCIA O NO CORRESPONDE AL TIPO DE VEHÍCULO),23
ANCASH,2011,MASCULINO MENOR DE 18 AÑOS,70
ANCASH,2011,MASCULINO ENTRE 19 A 25 AÑOS,944
ANCASH,2011,MASCULINO ENTRE 26 Y 60 AÑOS,1895
ANCASH,2011,MASCULINO ENTRE 60 AÑOS A MÁS,197
ANCASH,2011,FEMENINO MENOR DE 18 AÑOS,0
ANCASH,2011,FEMENINO ENTRE 19 A 25 AÑOS,24
ANCASH,2011,FEMENINO ENTRE 26 A 60 AÑOS,43
ANCASH,2011,FEMENINO ENTRE 60 AÑOS A MÁS,8
ANCASH,2011,LICENCIA PROFESIONAL,1848
ANCASH,2011,LICENCIA PARTICULAR,796
ANCASH,2011,LICENCIA MILITAR,23
ANCASH,2011,SIN LICENCIA,464
ANCASH,2011,OTROS (NO TIENE LICENCIA O NO CORRESPONDE AL TIPO DE VEHÍCULO),50
ANCASH,2012,MASCULINO MENOR DE 18 AÑOS,61
ANCASH,2012,MASCULINO ENTRE 19 A 25 AÑOS,646
ANCASH,2012,MASCULINO ENTRE 26 Y 60 AÑOS,2090
ANCASH,2012,MASCULINO ENTRE 60 AÑOS A MÁS,192
ANCASH,2012,FEMENINO MENOR DE 18 AÑOS,11
ANCASH,2012,FEMENINO ENTRE 19 A 25 AÑOS,89
ANCASH,2012,FEMENINO ENTRE 26 A 60 AÑOS,102
ANCASH,2012,FEMENINO ENTRE 60 AÑOS A MÁS,18
ANCASH,2012,LICENCIA PROFESIONAL,1841
ANCASH,2012,LICENCIA PARTICULAR,767
ANCASH,2012,LICENCIA MILITAR,12
ANCASH,2012,SIN LICENCIA,522
ANCASH,2012,OTROS (NO TIENE LICENCIA O NO CORRESPONDE AL TIPO DE VEHÍCULO),67
ANCASH,2013,MASCULINO MENOR DE 18 AÑOS,104
ANCASH,2013,MASCULINO ENTRE 19 A 25 AÑOS,707
ANCASH,2013,MASCULINO ENTRE 26 Y 60 AÑOS,2507
ANCASH,2013,MASCULINO ENTRE 60 AÑOS A MÁS,90
ANCASH,2013,FEMENINO MENOR DE 18 AÑOS,8
ANCASH,2013,FEMENINO ENTRE 19 A 25 AÑOS,25
ANCASH,2013,FEMENINO ENTRE 26 A 60 AÑOS,88
ANCASH,2013,FEMENINO ENTRE 60 AÑOS A MÁS,6
ANCASH,2013,LICENCIA PROFESIONAL,1828
ANCASH,2013,LICENCIA PARTICULAR,945
ANCASH,2013,LICENCIA MILITAR,31
ANCASH,2013,SIN LICENCIA,631
ANCASH,2013,OTROS (NO TIENE LICENCIA O NO CORRESPONDE AL TIPO DE VEHÍCULO),100
ANCASH,2014,MASCULINO MENOR DE 18 AÑOS,55
ANCASH,2014,MASCULINO ENTRE 19 A 25 AÑOS,444
ANCASH,2014,MASCULINO ENTRE 26 Y 60 AÑOS,2298
ANCASH,2014,MASCULINO ENTRE 60 AÑOS A MÁS,87
ANCASH,2014,FEMENINO MENOR DE 18 AÑOS,2
ANCASH,2014,FEMENINO ENTRE 19 A 25 AÑOS,20
ANCASH,2014,FEMENINO ENTRE 26 A 60 AÑOS,47
ANCASH,2014,FEMENINO ENTRE 60 AÑOS A MÁS,16
ANCASH,2014,LICENCIA PROFESIONAL,1747
ANCASH,2014,LICENCIA PARTICULAR,669
ANCASH,2014,LICENCIA MILITAR,25
ANCASH,2014,SIN LICENCIA,283
ANCASH,2014,OTROS (NO TIENE LICENCIA O NO CORRESPONDE AL TIPO DE VEHÍCULO),245
ANCASH,2015,MASCULINO MENOR DE 18 AÑOS,105
ANCASH,2015,MASCULINO ENTRE 19 A 25 AÑOS,494
ANCASH,2015,MASCULINO ENTRE 26 Y 60 AÑOS,1303
ANCASH,2015,MASCULINO ENTRE 60 AÑOS A MÁS,109
ANCASH,2015,FEMENINO MENOR DE 18 AÑOS,3
ANCASH,2015,FEMENINO ENTRE 19 A 25 AÑOS,37
ANCASH,2015,FEMENINO ENTRE 26 A 60 AÑOS,53
ANCASH,2015,FEMENINO ENTRE 60 AÑOS A MÁS,3
ANCASH,2015,SE DESCONOCE POR FUGA,24
ANCASH,2015,LICENCIA PROFESIONAL,877
ANCASH,2015,LICENCIA PARTICULAR,693
ANCASH,2015,LICENCIA MILITAR,19
ANCASH,2015,SIN LICENCIA,267
ANCASH,2015,LICENCIA DE VEHÍCULO MENOR,212
ANCASH,2015,LICENCIA EXTRANJERA,12
ANCASH,2015,OTROS (NO TIENE LICENCIA O NO CORRESPONDE AL TIPO DE VEHÍCULO),51
ANCASH,2016,MASCULINO MENOR DE 18 AÑOS,44
ANCASH,2016,MASCULINO ENTRE 19 A 25 AÑOS,525
ANCASH,2016,MASCULINO ENTRE 26 Y 60 AÑOS,815
ANCASH,2016,MASCULINO ENTRE 60 AÑOS A MÁS,82
ANCASH,2016,FEMENINO MENOR DE 18 AÑOS,9
ANCASH,2016,FEMENINO ENTRE 19 A 25 AÑOS,61
ANCASH,2016,FEMENINO ENTRE 26 A 60 AÑOS,106
ANCASH,2016,FEMENINO ENTRE 60 AÑOS A MÁS,45
ANCASH,2016,SE DESCONOCE POR FUGA,62
ANCASH,2016,LICENCIA PROFESIONAL,746
ANCASH,2016,LICENCIA PARTICULAR,581
ANCASH,2016,LICENCIA MILITAR,28
ANCASH,2016,SIN LICENCIA,77
ANCASH,2016,LICENCIA DE VEHÍCULO MENOR,236
ANCASH,2016,LICENCIA EXTRANJERA,3
ANCASH,2016,OTROS (NO TIENE LICENCIA O NO CORRESPONDE AL TIPO DE VEHÍCULO),78
ANCASH,2017,MASCULINO MENOR ENTRE 13 Y 18 AÑOS,70
ANCASH,2017,MASCULINO ENTRE 19 A 25 AÑOS,559
ANCASH,2017,MASCULINO ENTRE 26 Y 60 AÑOS,1342
ANCASH,2017,MASCULINO ENTRE 60 AÑOS A MÁS,224
ANCASH,2017,FEMENINO MENOR ENTRE 13 Y 18 AÑOS,2
ANCASH,2017,FEMENINO ENTRE 19 A 25 AÑOS,79
ANCASH,2017,FEMENINO ENTRE 26 A 60 AÑOS,130
ANCASH,2017,FEMENINO ENTRE 60 AÑOS A MÁS,9
ANCASH,2017,SE DESCONOCE POR FUGA,232
ANCASH,2017,LICENCIA PROFESIONAL,909
ANCASH,2017,LICENCIA PARTICULAR,761
ANCASH,2017,LICENCIA MILITAR,33
ANCASH,2017,SIN LICENCIA,201
ANCASH,2017,LICENCIA DE VEHÍCULO MENOR,326
ANCASH,2017,LICENCIA EXTRANJERA,45
ANCASH,2017,OTROS (NO TIENE LICENCIA O NO CORRESPONDE AL TIPO DE VEHÍCULO),372
ANCASH,2018,ENTRE 12 Y 17 AÑOS,19
ANCASH,2018,ENTRE 18 A 29 AÑOS,884
ANCASH,2018,ENTRE 30 Y 59 AÑOS,1568
ANCASH,2018,ENTRE 60 AÑOS A MÁS,152
ANCASH,2018,ENTRE 12 Y 17 AÑOS,0
ANCASH,2018,ENTRE 18 A 29 AÑOS,40
ANCASH,2018,ENTRE 30 Y 59 AÑOS,43
ANCASH,2018,ENTRE 60 AÑOS A MÁS,1
ANCASH,2018,LICENCIA PROFESIONAL,1015
ANCASH,2018,LICENCIA PARTICULAR,1016
ANCASH,2018,LICENCIA MILITAR,4
ANCASH,2018,SIN LICENCIA,263
ANCASH,2018,LICENCIA DE VEHÍCULO MENOR,434
ANCASH,2018,LICENCIA EXTRANJERA,6
ANCASH,2019,ENTRE 12 Y 17 AÑOS,12
ANCASH,2019,ENTRE 18 A 29 AÑOS,684
ANCASH,2019,ENTRE 30 Y 59 AÑOS,1906
ANCASH,2019,ENTRE 60 AÑOS A MÁS,180
ANCASH,2019,ENTRE 12 Y 17 AÑOS,2
ANCASH,2019,ENTRE 18 A 29 AÑOS,19
ANCASH,2019,ENTRE 30 Y 59 AÑOS,56
ANCASH,2019,ENTRE 60 AÑOS A MÁS,9
ANCASH,2019,LICENCIA PROFESIONAL,1253
ANCASH,2019,LICENCIA PARTICULAR,695
ANCASH,2019,LICENCIA MILITAR,89
ANCASH,2019,SIN LICENCIA,327
ANCASH,2019,LICENCIA DE VEHÍCULO MENOR,406
ANCASH,2019,LICENCIA EXTRANJERA,123
ANCASH,2020,ENTRE 12 Y 17 AÑOS,14
ANCASH,2020,ENTRE 18 A 29 AÑOS,447
ANCASH,2020,ENTRE 30 Y 59 AÑOS,1107
ANCASH,2020,ENTRE 60 AÑOS A MÁS,96
ANCASH,2020,ENTRE 12 Y 17 AÑOS,0
ANCASH,2020,ENTRE 18 A 29 AÑOS,29
ANCASH,2020,ENTRE 30 Y 59 AÑOS,31
ANCASH,2020,ENTRE 60 AÑOS A MÁS,4
ANCASH,2020,LICENCIA PROFESIONAL,676
ANCASH,2020,LICENCIA PARTICULAR,683
ANCASH,2020,LICENCIA MILITAR,8
ANCASH,2020,SIN LICENCIA,162
ANCASH,2020,LICENCIA DE VEHÍCULO MENOR,214
ANCASH,2020,LICENCIA EXTRANJERA,1
ANCASH,2021,ENTRE 12 Y 17 AÑOS,25
ANCASH,2021,ENTRE 18 A 29 AÑOS,791
ANCASH,2021,ENTRE 30 Y 59 AÑOS,1640
ANCASH,2021,ENTRE 60 AÑOS A MÁS,231
ANCASH,2021,ENTRE 12 Y 17 AÑOS,1
ANCASH,2021,ENTRE 18 A 29 AÑOS,30
ANCASH,2021,ENTRE 30 Y 59 AÑOS,62
ANCASH,2021,ENTRE 60 AÑOS A MÁS,2
ANCASH,2021,LICENCIA PROFESIONAL,887
ANCASH,2021,LICENCIA PARTICULAR,1054
ANCASH,2021,LICENCIA MILITAR,10
ANCASH,2021,SIN LICENCIA,303
ANCASH,2021,LICENCIA DE VEHÍCULO MENOR,568
ANCASH,2021,LICENCIA EXTRANJERA,4
ANCASH,2022,ENTRE 12 Y 17 AÑOS,32
ANCASH,2022,ENTRE 18 A 29 AÑOS,844
ANCASH,2022,ENTRE 30 Y 59 AÑOS,1782
ANCASH,2022,ENTRE 60 AÑOS A MÁS,174
ANCASH,2022,ENTRE 12 Y 17 AÑOS,1
ANCASH,2022,ENTRE 18 A 29 AÑOS,41
ANCASH,2022,ENTRE 30 Y 59 AÑOS,67
ANCASH,2022,ENTRE 60 AÑOS A MÁS,2
ANCASH,2022,LICENCIA PROFESIONAL,990
ANCASH,2022,LICENCIA PARTICULAR,1214
ANCASH,2022,LICENCIA MILITAR,8
ANCASH,2022,SIN LICENCIA,355
ANCASH,2022,LICENCIA DE VEHÍCULO MENOR,454
ANCASH,2022,LICENCIA EXTRANJERA,10
ANCASH,2023,ENTRE 12 Y 17 AÑOS,14
ANCASH,2023,ENTRE 18 A 29 AÑOS,838
ANCASH,2023,ENTRE 30 Y 59 AÑOS,1964
ANCASH,2023,ENTRE 60 AÑOS A MÁS,192
ANCASH,2023,ENTRE 12 Y 17 AÑOS,0
ANCASH,2023,ENTRE 18 A 29 AÑOS,50
ANCASH,2023,ENTRE 30 Y 59 AÑOS,102
ANCASH,2023,ENTRE 60 AÑOS A MÁS,2
ANCASH,2023,LICENCIA PROFESIONAL,945
ANCASH,2023,LICENCIA PARTICULAR,1253
ANCASH,2023,LICENCIA MILITAR,27
ANCASH,2023,SIN LICENCIA,560
ANCASH,2023,LICENCIA DE VEHÍCULO MENOR,17
ANCASH,2023,LICENCIA EXTRANJERA,483
ANCASH,2024,ENTRE 12 Y 17 AÑOS,13
ANCASH,2024,ENTRE 18 A 29 AÑOS,711
ANCASH,2024,ENTRE 30 Y 59 AÑOS,1431
ANCASH,2024,ENTRE 60 AÑOS A MÁS,147
ANCASH,2024,ENTRE 12 Y 17 AÑOS,0
ANCASH,2024,ENTRE 18 A 29 AÑOS,39
ANCASH,2024,ENTRE 30 Y 59 AÑOS,74
ANCASH,2024,ENTRE 60 AÑOS A MÁS,2
ANCASH,2024,LICENCIA PROFESIONAL,1045
ANCASH,2024,LICENCIA PARTICULAR,876
ANCASH,2024,LICENCIA MILITAR,18
ANCASH,2024,SIN LICENCIA,297
ANCASH,2024,LICENCIA DE VEHÍCULO MENOR,14
ANCASH,2024,LICENCIA EXTRANJERA,230
APURIMAC,2008,MASCULINO MENOR DE 18 AÑOS,28
APURIMAC,2008,MASCULINO MAYOR DE 18 AÑOS,395
APURIMAC,2008,FEMENINO MENOR DE 18 AÑOS,0
APURIMAC,2008,FEMENINO MAYOR DE 18 AÑOS,0
APURIMAC,2008,LICENCIA PROFESIONAL,301
APURIMAC,2008,LICENCIA PARTICULAR,64
APURIMAC,2008,LICENCIA MILITAR,18
APURIMAC,2008,SIN LICENCIA,39
APURIMAC,2008,OTROS (NO TIENE LICENCIA O NO CORRESPONDE AL TIPO DE VEHÍCULO),1
APURIMAC,2009,MASCULINO MENOR DE 18 AÑOS,6
APURIMAC,2009,MASCULINO MAYOR DE 18 AÑOS,149
APURIMAC,2009,FEMENINO MENOR DE 18 AÑOS,5
APURIMAC,2009,FEMENINO MAYOR DE 18 AÑOS,3
APURIMAC,2009,LICENCIA PROFESIONAL,82
APURIMAC,2009,LICENCIA PARTICULAR,50
APURIMAC,2009,LICENCIA MILITAR,4
APURIMAC,2009,SIN LICENCIA,26
APURIMAC,2009,OTROS (NO TIENE LICENCIA O NO CORRESPONDE AL TIPO DE VEHÍCULO),1
APURIMAC,2010,MASCULINO MENOR DE 18 AÑOS,45
APURIMAC,2010,MASCULINO ENTRE 19 A 25 AÑOS,47
APURIMAC,2010,MASCULINO ENTRE 26 Y 60 AÑOS,33
APURIMAC,2010,MASCULINO ENTRE 60 AÑOS A MÁS,2
APURIMAC,2010,FEMENINO MENOR DE 18 AÑOS,0
APURIMAC,2010,FEMENINO ENTRE 19 A 25 AÑOS,1
APURIMAC,2010,FEMENINO ENTRE 26 A 60 AÑOS,0
APURIMAC,2010,FEMENINO ENTRE 60 AÑOS A MÁS,0
APURIMAC,2010,LICENCIA PROFESIONAL,99
APURIMAC,2010,LICENCIA PARTICULAR,19
APURIMAC,2010,LICENCIA MILITAR,0
APURIMAC,2010,SIN LICENCIA,9
APURIMAC,2010,OTROS (NO TIENE LICENCIA O NO CORRESPONDE AL TIPO DE VEHÍCULO),1
APURIMAC,2011,MASCULINO MENOR DE 18 AÑOS,27
APURIMAC,2011,MASCULINO ENTRE 19 A 25 AÑOS,58
APURIMAC,2011,MASCULINO ENTRE 26 Y 60 AÑOS,93
APURIMAC,2011,MASCULINO ENTRE 60 AÑOS A MÁS,28
APURIMAC,2011,FEMENINO MENOR DE 18 AÑOS,0
APURIMAC,2011,FEMENINO ENTRE 19 A 25 AÑOS,2
APURIMAC,2011,FEMENINO ENTRE 26 A 60 AÑOS,0
APURIMAC,2011,FEMENINO ENTRE 60 AÑOS A MÁS,0
APURIMAC,2011,LICENCIA PROFESIONAL,134
APURIMAC,2011,LICENCIA PARTICULAR,44
APURIMAC,2011,LICENCIA MILITAR,3
APURIMAC,2011,SIN LICENCIA,19
APURIMAC,2011,OTROS (NO TIENE LICENCIA O NO CORRESPONDE AL TIPO DE VEHÍCULO),8
APURIMAC,2012,MASCULINO MENOR DE 18 AÑOS,50
APURIMAC,2012,MASCULINO ENTRE 19 A 25 AÑOS,231
APURIMAC,2012,MASCULINO ENTRE 26 Y 60 AÑOS,319
APURIMAC,2012,MASCULINO ENTRE 60 AÑOS A MÁS,19
APURIMAC,2012,FEMENINO MENOR DE 18 AÑOS,0
APURIMAC,2012,FEMENINO ENTRE 19 A 25 AÑOS,4
APURIMAC,2012,FEMENINO ENTRE 26 A 60 AÑOS,19
APURIMAC,2012,FEMENINO ENTRE 60 AÑOS A MÁS,12
APURIMAC,2012,LICENCIA PROFESIONAL,356
APURIMAC,2012,LICENCIA PARTICULAR,193
APURIMAC,2012,LICENCIA MILITAR,13
APURIMAC,2012,SIN LICENCIA,91
APURIMAC,2012,OTROS (NO TIENE LICENCIA O NO CORRESPONDE AL TIPO DE VEHÍCULO),1
APURIMAC,2013,MASCULINO MENOR DE 18 AÑOS,87
APURIMAC,2013,MASCULINO ENTRE 19 A 25 AÑOS,241
APURIMAC,2013,MASCULINO ENTRE 26 Y 60 AÑOS,213
APURIMAC,2013,MASCULINO ENTRE 60 AÑOS A MÁS,11
APURIMAC,2013,FEMENINO MENOR DE 18 AÑOS,0
APURIMAC,2013,FEMENINO ENTRE 19 A 25 AÑOS,3
APURIMAC,2013,FEMENINO ENTRE 26 A 60 AÑOS,1
APURIMAC,2013,FEMENINO ENTRE 60 AÑOS A MÁS,2
APURIMAC,2013,LICENCIA PROFESIONAL,309
APURIMAC,2013,LICENCIA PARTICULAR,139
APURIMAC,2013,LICENCIA MILITAR,17
APURIMAC,2013,SIN LICENCIA,89
APURIMAC,2013,OTROS (NO TIENE LICENCIA O NO CORRESPONDE AL TIPO DE VEHÍCULO),4
APURIMAC,2014,MASCULINO MENOR DE 18 AÑOS,6
APURIMAC,2014,MASCULINO ENTRE 19 A 25 AÑOS,284
APURIMAC,2014,MASCULINO ENTRE 26 Y 60 AÑOS,351
APURIMAC,2014,MASCULINO ENTRE 60 AÑOS A MÁS,78
APURIMAC,2014,FEMENINO MENOR DE 18 AÑOS,1
APURIMAC,2014,FEMENINO ENTRE 19 A 25 AÑOS,10
APURIMAC,2014,FEMENINO ENTRE 26 A 60 AÑOS,30
APURIMAC,2014,FEMENINO ENTRE 60 AÑOS A MÁS,4
APURIMAC,2014,LICENCIA PROFESIONAL,386
APURIMAC,2014,LICENCIA PARTICULAR,219
APURIMAC,2014,LICENCIA MILITAR,6
APURIMAC,2014,SIN LICENCIA,114
APURIMAC,2014,OTROS (NO TIENE LICENCIA O NO CORRESPONDE AL TIPO DE VEHÍCULO),39
APURIMAC,2015,MASCULINO MENOR DE 18 AÑOS,14
APURIMAC,2015,MASCULINO ENTRE 19 A 25 AÑOS,135
APURIMAC,2015,MASCULINO ENTRE 26 Y 60 AÑOS,313
APURIMAC,2015,MASCULINO ENTRE 60 AÑOS A MÁS,41
APURIMAC,2015,FEMENINO MENOR DE 18 AÑOS,8
APURIMAC,2015,FEMENINO ENTRE 19 A 25 AÑOS,18
APURIMAC,2015,FEMENINO ENTRE 26 A 60 AÑOS,35
APURIMAC,2015,FEMENINO ENTRE 60 AÑOS A MÁS,2
APURIMAC,2015,SE DESCONOCE POR FUGA,5
APURIMAC,2015,LICENCIA PROFESIONAL,214
APURIMAC,2015,LICENCIA PARTICULAR,118
APURIMAC,2015,LICENCIA MILITAR,4
APURIMAC,2015,SIN LICENCIA,165
APURIMAC,2015,LICENCIA DE VEHÍCULO MENOR,32
APURIMAC,2015,LICENCIA EXTRANJERA,5
APURIMAC,2015,OTROS (NO TIENE LICENCIA O NO CORRESPONDE AL TIPO DE VEHÍCULO),33
APURIMAC,2016,MASCULINO MENOR DE 18 AÑOS,8
APURIMAC,2016,MASCULINO ENTRE 19 A 25 AÑOS,112
APURIMAC,2016,MASCULINO ENTRE 26 Y 60 AÑOS,235
APURIMAC,2016,MASCULINO ENTRE 60 AÑOS A MÁS,24
APURIMAC,2016,FEMENINO MENOR DE 18 AÑOS,0
APURIMAC,2016,FEMENINO ENTRE 19 A 25 AÑOS,6
APURIMAC,2016,FEMENINO ENTRE 26 A 60 AÑOS,18
APURIMAC,2016,FEMENINO ENTRE 60 AÑOS A MÁS,2
APURIMAC,2016,SE DESCONOCE POR FUGA,1
APURIMAC,2016,LICENCIA PROFESIONAL,132
APURIMAC,2016,LICENCIA PARTICULAR,111
APURIMAC,2016,LICENCIA MILITAR,7
APURIMAC,2016,SIN LICENCIA,64
APURIMAC,2016,LICENCIA DE VEHÍCULO MENOR,34
APURIMAC,2016,LICENCIA EXTRANJERA,3
APURIMAC,2016,OTROS (NO TIENE LICENCIA O NO CORRESPONDE AL TIPO DE VEHÍCULO),55
APURIMAC,2017,MASCULINO MENOR ENTRE 13 Y 18 AÑOS,14
APURIMAC,2017,MASCULINO ENTRE 19 A 25 AÑOS,103
APURIMAC,2017,MASCULINO ENTRE 26 Y 60 AÑOS,310
APURIMAC,2017,MASCULINO ENTRE 60 AÑOS A MÁS,24
APURIMAC,2017,FEMENINO MENOR ENTRE 13 Y 18 AÑOS,2
APURIMAC,2017,FEMENINO ENTRE 19 A 25 AÑOS,14
APURIMAC,2017,FEMENINO ENTRE 26 A 60 AÑOS,16
APURIMAC,2017,FEMENINO ENTRE 60 AÑOS A MÁS,1
APURIMAC,2017,SE DESCONOCE POR FUGA,32
APURIMAC,2017,LICENCIA PROFESIONAL,178
APURIMAC,2017,LICENCIA PARTICULAR,118
APURIMAC,2017,LICENCIA MILITAR,2
APURIMAC,2017,SIN LICENCIA,35
APURIMAC,2017,LICENCIA DE VEHÍCULO MENOR,64
APURIMAC,2017,LICENCIA EXTRANJERA,2
APURIMAC,2017,OTROS (NO TIENE LICENCIA O NO CORRESPONDE AL TIPO DE VEHÍCULO),117
APURIMAC,2018,ENTRE 12 Y 17 AÑOS,14
APURIMAC,2018,ENTRE 18 A 29 AÑOS,411
APURIMAC,2018,ENTRE 30 Y 59 AÑOS,572
APURIMAC,2018,ENTRE 60 AÑOS A MÁS,16
APURIMAC,2018,ENTRE 12 Y 17 AÑOS,0
APURIMAC,2018,ENTRE 18 A 29 AÑOS,14
APURIMAC,2018,ENTRE 30 Y 59 AÑOS,8
APURIMAC,2018,ENTRE 60 AÑOS A MÁS,0
APURIMAC,2018,LICENCIA PROFESIONAL,432
APURIMAC,2018,LICENCIA PARTICULAR,308
APURIMAC,2018,LICENCIA MILITAR,5
APURIMAC,2018,SIN LICENCIA,191
APURIMAC,2018,LICENCIA DE VEHÍCULO MENOR,100
APURIMAC,2018,LICENCIA EXTRANJERA,2
APURIMAC,2019,ENTRE 12 Y 17 AÑOS,10
APURIMAC,2019,ENTRE 18 A 29 AÑOS,366
APURIMAC,2019,ENTRE 30 Y 59 AÑOS,539
APURIMAC,2019,ENTRE 60 AÑOS A MÁS,20
APURIMAC,2019,ENTRE 12 Y 17 AÑOS,3
APURIMAC,2019,ENTRE 18 A 29 AÑOS,6
APURIMAC,2019,ENTRE 30 Y 59 AÑOS,10
APURIMAC,2019,ENTRE 60 AÑOS A MÁS,1
APURIMAC,2019,LICENCIA PROFESIONAL,468
APURIMAC,2019,LICENCIA PARTICULAR,256
APURIMAC,2019,LICENCIA MILITAR,3
APURIMAC,2019,SIN LICENCIA,177
APURIMAC,2019,LICENCIA DE VEHÍCULO MENOR,57
APURIMAC,2019,LICENCIA EXTRANJERA,4
APURIMAC,2020,ENTRE 12 Y 17 AÑOS,6
APURIMAC,2020,ENTRE 18 A 29 AÑOS,307
APURIMAC,2020,ENTRE 30 Y 59 AÑOS,401
APURIMAC,2020,ENTRE 60 AÑOS A MÁS,30
APURIMAC,2020,ENTRE 12 Y 17 AÑOS,0
APURIMAC,2020,ENTRE 18 A 29 AÑOS,9
APURIMAC,2020,ENTRE 30 Y 59 AÑOS,5
APURIMAC,2020,ENTRE 60 AÑOS A MÁS,1
APURIMAC,2020,LICENCIA PROFESIONAL,343
APURIMAC,2020,LICENCIA PARTICULAR,235
APURIMAC,2020,LICENCIA MILITAR,6
APURIMAC,2020,SIN LICENCIA,123
APURIMAC,2020,LICENCIA DE VEHÍCULO MENOR,59
APURIMAC,2020,LICENCIA EXTRANJERA,3
APURIMAC,2021,ENTRE 12 Y 17 AÑOS,10
APURIMAC,2021,ENTRE 18 A 29 AÑOS,488
APURIMAC,2021,ENTRE 30 Y 59 AÑOS,612
APURIMAC,2021,ENTRE 60 AÑOS A MÁS,39
APURIMAC,2021,ENTRE 12 Y 17 AÑOS,1
APURIMAC,2021,ENTRE 18 A 29 AÑOS,15
APURIMAC,2021,ENTRE 30 Y 59 AÑOS,13
APURIMAC,2021,ENTRE 60 AÑOS A MÁS,1
APURIMAC,2021,LICENCIA PROFESIONAL,682
APURIMAC,2021,LICENCIA PARTICULAR,287
APURIMAC,2021,LICENCIA MILITAR,5
APURIMAC,2021,SIN LICENCIA,136
APURIMAC,2021,LICENCIA DE VEHÍCULO MENOR,78
APURIMAC,2021,LICENCIA EXTRANJERA,1
APURIMAC,2022,ENTRE 12 Y 17 AÑOS,5
APURIMAC,2022,ENTRE 18 A 29 AÑOS,316
APURIMAC,2022,ENTRE 30 Y 59 AÑOS,629
APURIMAC,2022,ENTRE 60 AÑOS A MÁS,46
APURIMAC,2022,ENTRE 12 Y 17 AÑOS,1
APURIMAC,2022,ENTRE 18 A 29 AÑOS,15
APURIMAC,2022,ENTRE 30 Y 59 AÑOS,18
APURIMAC,2022,ENTRE 60 AÑOS A MÁS,3
APURIMAC,2022,LICENCIA PROFESIONAL,423
APURIMAC,2022,LICENCIA PARTICULAR,391
APURIMAC,2022,LICENCIA MILITAR,6
APURIMAC,2022,SIN LICENCIA,112
APURIMAC,2022,LICENCIA DE VEHÍCULO MENOR,106
APURIMAC,2022,LICENCIA EXTRANJERA,1
APURIMAC,2023,ENTRE 12 Y 17 AÑOS,13
APURIMAC,2023,ENTRE 18 A 29 AÑOS,251
APURIMAC,2023,ENTRE 30 Y 59 AÑOS,552
APURIMAC,2023,ENTRE 60 AÑOS A MÁS,51
APURIMAC,2023,ENTRE 12 Y 17 AÑOS,0
APURIMAC,2023,ENTRE 18 A 29 AÑOS,16
APURIMAC,2023,ENTRE 30 Y 59 AÑOS,24
APURIMAC,2023,ENTRE 60 AÑOS A MÁS,6
APURIMAC,2023,LICENCIA PROFESIONAL,308
APURIMAC,2023,LICENCIA PARTICULAR,362
APURIMAC,2023,LICENCIA MILITAR,17
APURIMAC,2023,SIN LICENCIA,83
APURIMAC,2023,LICENCIA DE VEHÍCULO MENOR,14
APURIMAC,2023,LICENCIA EXTRANJERA,131
APURIMAC,2024,ENTRE 12 Y 17 AÑOS,5
APURIMAC,2024,ENTRE 18 A 29 AÑOS,268
APURIMAC,2024,ENTRE 30 Y 59 AÑOS,497
APURIMAC,2024,ENTRE 60 AÑOS A MÁS,49
APURIMAC,2024,ENTRE 12 Y 17 AÑOS,0
APURIMAC,2024,ENTRE 18 A 29 AÑOS,4
APURIMAC,2024,ENTRE 30 Y 59 AÑOS,9
APURIMAC,2024,ENTRE 60 AÑOS A MÁS,0
APURIMAC,2024,LICENCIA PROFESIONAL,393
APURIMAC,2024,LICENCIA PARTICULAR,249
APURIMAC,2024,LICENCIA MILITAR,19
APURIMAC,2024,SIN LICENCIA,67
APURIMAC,2024,LICENCIA DE VEHÍCULO MENOR,12
APURIMAC,2024,LICENCIA EXTRANJERA,109
AREQUIPA,2008,MASCULINO MENOR DE 18 AÑOS,111
AREQUIPA,2008,MASCULINO MAYOR DE 18 AÑOS,7341
AREQUIPA,2008,FEMENINO MENOR DE 18 AÑOS,17
AREQUIPA,2008,FEMENINO MAYOR DE 18 AÑOS,330
AREQUIPA,2008,LICENCIA PROFESIONAL,4613
AREQUIPA,2008,LICENCIA PARTICULAR,1758
AREQUIPA,2008,LICENCIA MILITAR,53
AREQUIPA,2008,SIN LICENCIA,1115
AREQUIPA,2008,OTROS (NO TIENE LICENCIA O NO CORRESPONDE AL TIPO DE VEHÍCULO),260
AREQUIPA,2009,MASCULINO MENOR DE 18 AÑOS,68
AREQUIPA,2009,MASCULINO MAYOR DE 18 AÑOS,6580
AREQUIPA,2009,FEMENINO MENOR DE 18 AÑOS,3
AREQUIPA,2009,FEMENINO MAYOR DE 18 AÑOS,301
AREQUIPA,2009,LICENCIA PROFESIONAL,4071
AREQUIPA,2009,LICENCIA PARTICULAR,1865
AREQUIPA,2009,LICENCIA MILITAR,46
AREQUIPA,2009,SIN LICENCIA,742
AREQUIPA,2009,OTROS (NO TIENE LICENCIA O NO CORRESPONDE AL TIPO DE VEHÍCULO),228
AREQUIPA,2010,MASCULINO MENOR DE 18 AÑOS,41
AREQUIPA,2010,MASCULINO ENTRE 19 A 25 AÑOS,483
AREQUIPA,2010,MASCULINO ENTRE 26 Y 60 AÑOS,5444
AREQUIPA,2010,MASCULINO ENTRE 60 AÑOS A MÁS,47
AREQUIPA,2010,FEMENINO MENOR DE 18 AÑOS,11
AREQUIPA,2010,FEMENINO ENTRE 19 A 25 AÑOS,91
AREQUIPA,2010,FEMENINO ENTRE 26 A 60 AÑOS,194
AREQUIPA,2010,FEMENINO ENTRE 60 AÑOS A MÁS,2
AREQUIPA,2010,LICENCIA PROFESIONAL,3649
AREQUIPA,2010,LICENCIA PARTICULAR,2013
AREQUIPA,2010,LICENCIA MILITAR,37
AREQUIPA,2010,SIN LICENCIA,448
AREQUIPA,2010,OTROS (NO TIENE LICENCIA O NO CORRESPONDE AL TIPO DE VEHÍCULO),166
AREQUIPA,2011,MASCULINO MENOR DE 18 AÑOS,235
AREQUIPA,2011,MASCULINO ENTRE 19 A 25 AÑOS,1917
AREQUIPA,2011,MASCULINO ENTRE 26 Y 60 AÑOS,4958
AREQUIPA,2011,MASCULINO ENTRE 60 AÑOS A MÁS,324
AREQUIPA,2011,FEMENINO MENOR DE 18 AÑOS,3
AREQUIPA,2011,FEMENINO ENTRE 19 A 25 AÑOS,99
AREQUIPA,2011,FEMENINO ENTRE 26 A 60 AÑOS,160
AREQUIPA,2011,FEMENINO ENTRE 60 AÑOS A MÁS,7
AREQUIPA,2011,LICENCIA PROFESIONAL,4550
AREQUIPA,2011,LICENCIA PARTICULAR,2333
AREQUIPA,2011,LICENCIA MILITAR,38
AREQUIPA,2011,SIN LICENCIA,649
AREQUIPA,2011,OTROS (NO TIENE LICENCIA O NO CORRESPONDE AL TIPO DE VEHÍCULO),133
AREQUIPA,2012,MASCULINO MENOR DE 18 AÑOS,108
AREQUIPA,2012,MASCULINO ENTRE 19 A 25 AÑOS,1329
AREQUIPA,2012,MASCULINO ENTRE 26 Y 60 AÑOS,5693
AREQUIPA,2012,MASCULINO ENTRE 60 AÑOS A MÁS,399
AREQUIPA,2012,FEMENINO MENOR DE 18 AÑOS,7
AREQUIPA,2012,FEMENINO ENTRE 19 A 25 AÑOS,70
AREQUIPA,2012,FEMENINO ENTRE 26 A 60 AÑOS,248
AREQUIPA,2012,FEMENINO ENTRE 60 AÑOS A MÁS,11
AREQUIPA,2012,LICENCIA PROFESIONAL,5333
AREQUIPA,2012,LICENCIA PARTICULAR,1702
AREQUIPA,2012,LICENCIA MILITAR,31
AREQUIPA,2012,SIN LICENCIA,654
AREQUIPA,2012,OTROS (NO TIENE LICENCIA O NO CORRESPONDE AL TIPO DE VEHÍCULO),145
AREQUIPA,2013,MASCULINO MENOR DE 18 AÑOS,103
AREQUIPA,2013,MASCULINO ENTRE 19 A 25 AÑOS,1740
AREQUIPA,2013,MASCULINO ENTRE 26 Y 60 AÑOS,6186
AREQUIPA,2013,MASCULINO ENTRE 60 AÑOS A MÁS,517
AREQUIPA,2013,FEMENINO MENOR DE 18 AÑOS,15
AREQUIPA,2013,FEMENINO ENTRE 19 A 25 AÑOS,78
AREQUIPA,2013,FEMENINO ENTRE 26 A 60 AÑOS,223
AREQUIPA,2013,FEMENINO ENTRE 60 AÑOS A MÁS,43
AREQUIPA,2013,LICENCIA PROFESIONAL,5580
AREQUIPA,2013,LICENCIA PARTICULAR,2122
AREQUIPA,2013,LICENCIA MILITAR,82
AREQUIPA,2013,SIN LICENCIA,655
AREQUIPA,2013,OTROS (NO TIENE LICENCIA O NO CORRESPONDE AL TIPO DE VEHÍCULO),466
AREQUIPA,2014,MASCULINO MENOR DE 18 AÑOS,62
AREQUIPA,2014,MASCULINO ENTRE 19 A 25 AÑOS,1287
AREQUIPA,2014,MASCULINO ENTRE 26 Y 60 AÑOS,5944
AREQUIPA,2014,MASCULINO ENTRE 60 AÑOS A MÁS,417
AREQUIPA,2014,FEMENINO MENOR DE 18 AÑOS,5
AREQUIPA,2014,FEMENINO ENTRE 19 A 25 AÑOS,90
AREQUIPA,2014,FEMENINO ENTRE 26 A 60 AÑOS,254
AREQUIPA,2014,FEMENINO ENTRE 60 AÑOS A MÁS,21
AREQUIPA,2014,LICENCIA PROFESIONAL,5203
AREQUIPA,2014,LICENCIA PARTICULAR,1741
AREQUIPA,2014,LICENCIA MILITAR,19
AREQUIPA,2014,SIN LICENCIA,693
AREQUIPA,2014,OTROS (NO TIENE LICENCIA O NO CORRESPONDE AL TIPO DE VEHÍCULO),424
AREQUIPA,2015,MASCULINO MENOR DE 18 AÑOS,52
AREQUIPA,2015,MASCULINO ENTRE 19 A 25 AÑOS,1324
AREQUIPA,2015,MASCULINO ENTRE 26 Y 60 AÑOS,4908
AREQUIPA,2015,MASCULINO ENTRE 60 AÑOS A MÁS,452
AREQUIPA,2015,FEMENINO MENOR DE 18 AÑOS,9
AREQUIPA,2015,FEMENINO ENTRE 19 A 25 AÑOS,131
AREQUIPA,2015,FEMENINO ENTRE 26 A 60 AÑOS,386
AREQUIPA,2015,FEMENINO ENTRE 60 AÑOS A MÁS,50
AREQUIPA,2015,SE DESCONOCE POR FUGA,257
AREQUIPA,2015,LICENCIA PROFESIONAL,4112
AREQUIPA,2015,LICENCIA PARTICULAR,2137
AREQUIPA,2015,LICENCIA MILITAR,46
AREQUIPA,2015,SIN LICENCIA,650
AREQUIPA,2015,LICENCIA DE VEHÍCULO MENOR,328
AREQUIPA,2015,LICENCIA EXTRANJERA,29
AREQUIPA,2015,OTROS (NO TIENE LICENCIA O NO CORRESPONDE AL TIPO DE VEHÍCULO),267
AREQUIPA,2016,MASCULINO MENOR DE 18 AÑOS,32
AREQUIPA,2016,MASCULINO ENTRE 19 A 25 AÑOS,1302
AREQUIPA,2016,MASCULINO ENTRE 26 Y 60 AÑOS,5324
AREQUIPA,2016,MASCULINO ENTRE 60 AÑOS A MÁS,515
AREQUIPA,2016,FEMENINO MENOR DE 18 AÑOS,0
AREQUIPA,2016,FEMENINO ENTRE 19 A 25 AÑOS,139
AREQUIPA,2016,FEMENINO ENTRE 26 A 60 AÑOS,362
AREQUIPA,2016,FEMENINO ENTRE 60 AÑOS A MÁS,67
AREQUIPA,2016,SE DESCONOCE POR FUGA,228
AREQUIPA,2016,LICENCIA PROFESIONAL,4834
AREQUIPA,2016,LICENCIA PARTICULAR,1847
AREQUIPA,2016,LICENCIA MILITAR,31
AREQUIPA,2016,SIN LICENCIA,628
AREQUIPA,2016,LICENCIA DE VEHÍCULO MENOR,314
AREQUIPA,2016,LICENCIA EXTRANJERA,47
AREQUIPA,2016,OTROS (NO TIENE LICENCIA O NO CORRESPONDE AL TIPO DE VEHÍCULO),268
AREQUIPA,2017,MASCULINO MENOR ENTRE 13 Y 18 AÑOS,21
AREQUIPA,2017,MASCULINO ENTRE 19 A 25 AÑOS,997
AREQUIPA,2017,MASCULINO ENTRE 26 Y 60 AÑOS,5537
AREQUIPA,2017,MASCULINO ENTRE 60 AÑOS A MÁS,481
AREQUIPA,2017,FEMENINO MENOR ENTRE 13 Y 18 AÑOS,2
AREQUIPA,2017,FEMENINO ENTRE 19 A 25 AÑOS,84
AREQUIPA,2017,FEMENINO ENTRE 26 A 60 AÑOS,305
AREQUIPA,2017,FEMENINO ENTRE 60 AÑOS A MÁS,67
AREQUIPA,2017,SE DESCONOCE POR FUGA,242
AREQUIPA,2017,LICENCIA PROFESIONAL,4425
AREQUIPA,2017,LICENCIA PARTICULAR,2324
AREQUIPA,2017,LICENCIA MILITAR,28
AREQUIPA,2017,SIN LICENCIA,414
AREQUIPA,2017,LICENCIA DE VEHÍCULO MENOR,370
AREQUIPA,2017,LICENCIA EXTRANJERA,28
AREQUIPA,2017,OTROS (NO TIENE LICENCIA O NO CORRESPONDE AL TIPO DE VEHÍCULO),147
AREQUIPA,2018,ENTRE 12 Y 17 AÑOS,7
AREQUIPA,2018,ENTRE 18 A 29 AÑOS,1672
AREQUIPA,2018,ENTRE 30 Y 59 AÑOS,4601
AREQUIPA,2018,ENTRE 60 AÑOS A MÁS,557
AREQUIPA,2018,ENTRE 12 Y 17 AÑOS,1
AREQUIPA,2018,ENTRE 18 A 29 AÑOS,135
AREQUIPA,2018,ENTRE 30 Y 59 AÑOS,302
AREQUIPA,2018,ENTRE 60 AÑOS A MÁS,23
AREQUIPA,2018,LICENCIA PROFESIONAL,3684
AREQUIPA,2018,LICENCIA PARTICULAR,2789
AREQUIPA,2018,LICENCIA MILITAR,83
AREQUIPA,2018,SIN LICENCIA,328
AREQUIPA,2018,LICENCIA DE VEHÍCULO MENOR,432
AREQUIPA,2018,LICENCIA EXTRANJERA,36
AREQUIPA,2019,ENTRE 12 Y 17 AÑOS,6
AREQUIPA,2019,ENTRE 18 A 29 AÑOS,1959
AREQUIPA,2019,ENTRE 30 Y 59 AÑOS,4426
AREQUIPA,2019,ENTRE 60 AÑOS A MÁS,759
AREQUIPA,2019,ENTRE 12 Y 17 AÑOS,4
AREQUIPA,2019,ENTRE 18 A 29 AÑOS,133
AREQUIPA,2019,ENTRE 30 Y 59 AÑOS,336
AREQUIPA,2019,ENTRE 60 AÑOS A MÁS,17
AREQUIPA,2019,LICENCIA PROFESIONAL,4674
AREQUIPA,2019,LICENCIA PARTICULAR,2225
AREQUIPA,2019,LICENCIA MILITAR,73
AREQUIPA,2019,SIN LICENCIA,229
AREQUIPA,2019,LICENCIA DE VEHÍCULO MENOR,431
AREQUIPA,2019,LICENCIA EXTRANJERA,28
AREQUIPA,2020,ENTRE 12 Y 17 AÑOS,13
AREQUIPA,2020,ENTRE 18 A 29 AÑOS,1128
AREQUIPA,2020,ENTRE 30 Y 59 AÑOS,2673
AREQUIPA,2020,ENTRE 60 AÑOS A MÁS,203
AREQUIPA,2020,ENTRE 12 Y 17 AÑOS,2
AREQUIPA,2020,ENTRE 18 A 29 AÑOS,97
AREQUIPA,2020,ENTRE 30 Y 59 AÑOS,135
AREQUIPA,2020,ENTRE 60 AÑOS A MÁS,5
AREQUIPA,2020,LICENCIA PROFESIONAL,2270
AREQUIPA,2020,LICENCIA PARTICULAR,1431
AREQUIPA,2020,LICENCIA MILITAR,36
AREQUIPA,2020,SIN LICENCIA,225
AREQUIPA,2020,LICENCIA DE VEHÍCULO MENOR,317
AREQUIPA,2020,LICENCIA EXTRANJERA,2
AREQUIPA,2021,ENTRE 12 Y 17 AÑOS,18
AREQUIPA,2021,ENTRE 18 A 29 AÑOS,1585
AREQUIPA,2021,ENTRE 30 Y 59 AÑOS,4399
AREQUIPA,2021,ENTRE 60 AÑOS A MÁS,466
AREQUIPA,2021,ENTRE 12 Y 17 AÑOS,2
AREQUIPA,2021,ENTRE 18 A 29 AÑOS,106
AREQUIPA,2021,ENTRE 30 Y 59 AÑOS,236
AREQUIPA,2021,ENTRE 60 AÑOS A MÁS,25
AREQUIPA,2021,LICENCIA PROFESIONAL,3848
AREQUIPA,2021,LICENCIA PARTICULAR,2344
AREQUIPA,2021,LICENCIA MILITAR,40
AREQUIPA,2021,SIN LICENCIA,376
AREQUIPA,2021,LICENCIA DE VEHÍCULO MENOR,329
AREQUIPA,2021,LICENCIA EXTRANJERA,7
AREQUIPA,2022,ENTRE 12 Y 17 AÑOS,19
AREQUIPA,2022,ENTRE 18 A 29 AÑOS,1710
AREQUIPA,2022,ENTRE 30 Y 59 AÑOS,5025
AREQUIPA,2022,ENTRE 60 AÑOS A MÁS,533
AREQUIPA,2022,ENTRE 12 Y 17 AÑOS,2
AREQUIPA,2022,ENTRE 18 A 29 AÑOS,93
AREQUIPA,2022,ENTRE 30 Y 59 AÑOS,260
AREQUIPA,2022,ENTRE 60 AÑOS A MÁS,33
AREQUIPA,2022,LICENCIA PROFESIONAL,5181
AREQUIPA,2022,LICENCIA PARTICULAR,1919
AREQUIPA,2022,LICENCIA MILITAR,46
AREQUIPA,2022,SIN LICENCIA,303
AREQUIPA,2022,LICENCIA DE VEHÍCULO MENOR,223
AREQUIPA,2022,LICENCIA EXTRANJERA,17
AREQUIPA,2023,ENTRE 12 Y 17 AÑOS,17
AREQUIPA,2023,ENTRE 18 A 29 AÑOS,1984
AREQUIPA,2023,ENTRE 30 Y 59 AÑOS,5217
AREQUIPA,2023,ENTRE 60 AÑOS A MÁS,539
AREQUIPA,2023,ENTRE 12 Y 17 AÑOS,2
AREQUIPA,2023,ENTRE 18 A 29 AÑOS,88
AREQUIPA,2023,ENTRE 30 Y 59 AÑOS,247
AREQUIPA,2023,ENTRE 60 AÑOS A MÁS,21
AREQUIPA,2023,LICENCIA PROFESIONAL,5147
AREQUIPA,2023,LICENCIA PARTICULAR,2427
AREQUIPA,2023,LICENCIA MILITAR,29
AREQUIPA,2023,SIN LICENCIA,239
AREQUIPA,2023,LICENCIA DE VEHÍCULO MENOR,3
AREQUIPA,2023,LICENCIA EXTRANJERA,276
AREQUIPA,2024,ENTRE 12 Y 17 AÑOS,5
AREQUIPA,2024,ENTRE 18 A 29 AÑOS,1906
AREQUIPA,2024,ENTRE 30 Y 59 AÑOS,4694
AREQUIPA,2024,ENTRE 60 AÑOS A MÁS,526
AREQUIPA,2024,ENTRE 12 Y 17 AÑOS,5
AREQUIPA,2024,ENTRE 18 A 29 AÑOS,142
AREQUIPA,2024,ENTRE 30 Y 59 AÑOS,350
AREQUIPA,2024,ENTRE 60 AÑOS A MÁS,20
AREQUIPA,2024,LICENCIA PROFESIONAL,4785
AREQUIPA,2024,LICENCIA PARTICULAR,2305
AREQUIPA,2024,LICENCIA MILITAR,19
AREQUIPA,2024,SIN LICENCIA,221
AREQUIPA,2024,LICENCIA DE VEHÍCULO MENOR,2
AREQUIPA,2024,LICENCIA EXTRANJERA,365
AYACUCHO,2008,MASCULINO MENOR DE 18 AÑOS,55
AYACUCHO,2008,MASCULINO MAYOR DE 18 AÑOS,849
AYACUCHO,2008,FEMENINO MENOR DE 18 AÑOS,8
AYACUCHO,2008,FEMENINO MAYOR DE 18 AÑOS,19
AYACUCHO,2008,LICENCIA PROFESIONAL,601
AYACUCHO,2008,LICENCIA PARTICULAR,177
AYACUCHO,2008,LICENCIA MILITAR,11
AYACUCHO,2008,SIN LICENCIA,114
AYACUCHO,2008,OTROS (NO TIENE LICENCIA O NO CORRESPONDE AL TIPO DE VEHÍCULO),28
AYACUCHO,2009,MASCULINO MENOR DE 18 AÑOS,22
AYACUCHO,2009,MASCULINO MAYOR DE 18 AÑOS,542
AYACUCHO,2009,FEMENINO MENOR DE 18 AÑOS,0
AYACUCHO,2009,FEMENINO MAYOR DE 18 AÑOS,17
AYACUCHO,2009,LICENCIA PROFESIONAL,460
AYACUCHO,2009,LICENCIA PARTICULAR,73
AYACUCHO,2009,LICENCIA MILITAR,10
AYACUCHO,2009,SIN LICENCIA,38
AYACUCHO,2009,OTROS (NO TIENE LICENCIA O NO CORRESPONDE AL TIPO DE VEHÍCULO),0
AYACUCHO,2010,MASCULINO MENOR DE 18 AÑOS,14
AYACUCHO,2010,MASCULINO ENTRE 19 A 25 AÑOS,511
AYACUCHO,2010,MASCULINO ENTRE 26 Y 60 AÑOS,831
AYACUCHO,2010,MASCULINO ENTRE 60 AÑOS A MÁS,96
AYACUCHO,2010,FEMENINO MENOR DE 18 AÑOS,0
AYACUCHO,2010,FEMENINO ENTRE 19 A 25 AÑOS,25
AYACUCHO,2010,FEMENINO ENTRE 26 A 60 AÑOS,11
AYACUCHO,2010,FEMENINO ENTRE 60 AÑOS A MÁS,11
AYACUCHO,2010,LICENCIA PROFESIONAL,1153
AYACUCHO,2010,LICENCIA PARTICULAR,129
AYACUCHO,2010,LICENCIA MILITAR,6
AYACUCHO,2010,SIN LICENCIA,157
AYACUCHO,2010,OTROS (NO TIENE LICENCIA O NO CORRESPONDE AL TIPO DE VEHÍCULO),54
AYACUCHO,2011,MASCULINO MENOR DE 18 AÑOS,44
AYACUCHO,2011,MASCULINO ENTRE 19 A 25 AÑOS,333
AYACUCHO,2011,MASCULINO ENTRE 26 Y 60 AÑOS,568
AYACUCHO,2011,MASCULINO ENTRE 60 AÑOS A MÁS,45
AYACUCHO,2011,FEMENINO MENOR DE 18 AÑOS,0
AYACUCHO,2011,FEMENINO ENTRE 19 A 25 AÑOS,6
AYACUCHO,2011,FEMENINO ENTRE 26 A 60 AÑOS,9
AYACUCHO,2011,FEMENINO ENTRE 60 AÑOS A MÁS,1
AYACUCHO,2011,LICENCIA PROFESIONAL,611
AYACUCHO,2011,LICENCIA PARTICULAR,132
AYACUCHO,2011,LICENCIA MILITAR,18
AYACUCHO,2011,SIN LICENCIA,228
AYACUCHO,2011,OTROS (NO TIENE LICENCIA O NO CORRESPONDE AL TIPO DE VEHÍCULO),17
AYACUCHO,2012,MASCULINO MENOR DE 18 AÑOS,38
AYACUCHO,2012,MASCULINO ENTRE 19 A 25 AÑOS,240
AYACUCHO,2012,MASCULINO ENTRE 26 Y 60 AÑOS,566
AYACUCHO,2012,MASCULINO ENTRE 60 AÑOS A MÁS,69
AYACUCHO,2012,FEMENINO MENOR DE 18 AÑOS,1
AYACUCHO,2012,FEMENINO ENTRE 19 A 25 AÑOS,2
AYACUCHO,2012,FEMENINO ENTRE 26 A 60 AÑOS,8
AYACUCHO,2012,FEMENINO ENTRE 60 AÑOS A MÁS,1
AYACUCHO,2012,LICENCIA PROFESIONAL,584
AYACUCHO,2012,LICENCIA PARTICULAR,175
AYACUCHO,2012,LICENCIA MILITAR,73
AYACUCHO,2012,SIN LICENCIA,77
AYACUCHO,2012,OTROS (NO TIENE LICENCIA O NO CORRESPONDE AL TIPO DE VEHÍCULO),16
AYACUCHO,2013,MASCULINO MENOR DE 18 AÑOS,23
AYACUCHO,2013,MASCULINO ENTRE 19 A 25 AÑOS,222
AYACUCHO,2013,MASCULINO ENTRE 26 Y 60 AÑOS,749
AYACUCHO,2013,MASCULINO ENTRE 60 AÑOS A MÁS,154
AYACUCHO,2013,FEMENINO MENOR DE 18 AÑOS,17
AYACUCHO,2013,FEMENINO ENTRE 19 A 25 AÑOS,22
AYACUCHO,2013,FEMENINO ENTRE 26 A 60 AÑOS,8
AYACUCHO,2013,FEMENINO ENTRE 60 AÑOS A MÁS,2
AYACUCHO,2013,LICENCIA PROFESIONAL,646
AYACUCHO,2013,LICENCIA PARTICULAR,328
AYACUCHO,2013,LICENCIA MILITAR,11
AYACUCHO,2013,SIN LICENCIA,187
AYACUCHO,2013,OTROS (NO TIENE LICENCIA O NO CORRESPONDE AL TIPO DE VEHÍCULO),25
AYACUCHO,2014,MASCULINO MENOR DE 18 AÑOS,27
AYACUCHO,2014,MASCULINO ENTRE 19 A 25 AÑOS,247
AYACUCHO,2014,MASCULINO ENTRE 26 Y 60 AÑOS,683
AYACUCHO,2014,MASCULINO ENTRE 60 AÑOS A MÁS,47
AYACUCHO,2014,FEMENINO MENOR DE 18 AÑOS,2
AYACUCHO,2014,FEMENINO ENTRE 19 A 25 AÑOS,26
AYACUCHO,2014,FEMENINO ENTRE 26 A 60 AÑOS,43
AYACUCHO,2014,FEMENINO ENTRE 60 AÑOS A MÁS,4
AYACUCHO,2014,LICENCIA PROFESIONAL,569
AYACUCHO,2014,LICENCIA PARTICULAR,288
AYACUCHO,2014,LICENCIA MILITAR,8
AYACUCHO,2014,SIN LICENCIA,141
AYACUCHO,2014,OTROS (NO TIENE LICENCIA O NO CORRESPONDE AL TIPO DE VEHÍCULO),73
AYACUCHO,2015,MASCULINO MENOR DE 18 AÑOS,43
AYACUCHO,2015,MASCULINO ENTRE 19 A 25 AÑOS,336
AYACUCHO,2015,MASCULINO ENTRE 26 Y 60 AÑOS,1047
AYACUCHO,2015,MASCULINO ENTRE 60 AÑOS A MÁS,14
AYACUCHO,2015,FEMENINO MENOR DE 18 AÑOS,0
AYACUCHO,2015,FEMENINO ENTRE 19 A 25 AÑOS,7
AYACUCHO,2015,FEMENINO ENTRE 26 A 60 AÑOS,8
AYACUCHO,2015,FEMENINO ENTRE 60 AÑOS A MÁS,0
AYACUCHO,2015,SE DESCONOCE POR FUGA,66
AYACUCHO,2015,LICENCIA PROFESIONAL,953
AYACUCHO,2015,LICENCIA PARTICULAR,189
AYACUCHO,2015,LICENCIA MILITAR,9
AYACUCHO,2015,SIN LICENCIA,134
AYACUCHO,2015,LICENCIA DE VEHÍCULO MENOR,37
AYACUCHO,2015,LICENCIA EXTRANJERA,1
AYACUCHO,2015,OTROS (NO TIENE LICENCIA O NO CORRESPONDE AL TIPO DE VEHÍCULO),198
AYACUCHO,2016,MASCULINO MENOR DE 18 AÑOS,18
AYACUCHO,2016,MASCULINO ENTRE 19 A 25 AÑOS,264
AYACUCHO,2016,MASCULINO ENTRE 26 Y 60 AÑOS,723
AYACUCHO,2016,MASCULINO ENTRE 60 AÑOS A MÁS,56
AYACUCHO,2016,FEMENINO MENOR DE 18 AÑOS,9
AYACUCHO,2016,FEMENINO ENTRE 19 A 25 AÑOS,31
AYACUCHO,2016,FEMENINO ENTRE 26 A 60 AÑOS,44
AYACUCHO,2016,FEMENINO ENTRE 60 AÑOS A MÁS,4
AYACUCHO,2016,SE DESCONOCE POR FUGA,18
AYACUCHO,2016,LICENCIA PROFESIONAL,548
AYACUCHO,2016,LICENCIA PARTICULAR,349
AYACUCHO,2016,LICENCIA MILITAR,22
AYACUCHO,2016,SIN LICENCIA,85
AYACUCHO,2016,LICENCIA DE VEHÍCULO MENOR,118
AYACUCHO,2016,LICENCIA EXTRANJERA,10
AYACUCHO,2016,OTROS (NO TIENE LICENCIA O NO CORRESPONDE AL TIPO DE VEHÍCULO),35
AYACUCHO,2017,MASCULINO MENOR ENTRE 13 Y 18 AÑOS,13
AYACUCHO,2017,MASCULINO ENTRE 19 A 25 AÑOS,145
AYACUCHO,2017,MASCULINO ENTRE 26 Y 60 AÑOS,632
AYACUCHO,2017,MASCULINO ENTRE 60 AÑOS A MÁS,40
AYACUCHO,2017,FEMENINO MENOR ENTRE 13 Y 18 AÑOS,0
AYACUCHO,2017,FEMENINO ENTRE 19 A 25 AÑOS,14
AYACUCHO,2017,FEMENINO ENTRE 26 A 60 AÑOS,60
AYACUCHO,2017,FEMENINO ENTRE 60 AÑOS A MÁS,5
AYACUCHO,2017,SE DESCONOCE POR FUGA,42
AYACUCHO,2017,LICENCIA PROFESIONAL,386
AYACUCHO,2017,LICENCIA PARTICULAR,366
AYACUCHO,2017,LICENCIA MILITAR,14
AYACUCHO,2017,SIN LICENCIA,39
AYACUCHO,2017,LICENCIA DE VEHÍCULO MENOR,107
AYACUCHO,2017,LICENCIA EXTRANJERA,0
AYACUCHO,2017,OTROS (NO TIENE LICENCIA O NO CORRESPONDE AL TIPO DE VEHÍCULO),39
AYACUCHO,2018,ENTRE 12 Y 17 AÑOS,1
AYACUCHO,2018,ENTRE 18 A 29 AÑOS,389
AYACUCHO,2018,ENTRE 30 Y 59 AÑOS,387
AYACUCHO,2018,ENTRE 60 AÑOS A MÁS,14
AYACUCHO,2018,ENTRE 12 Y 17 AÑOS,1
AYACUCHO,2018,ENTRE 18 A 29 AÑOS,10
AYACUCHO,2018,ENTRE 30 Y 59 AÑOS,13
AYACUCHO,2018,ENTRE 60 AÑOS A MÁS,1
AYACUCHO,2018,LICENCIA PROFESIONAL,220
AYACUCHO,2018,LICENCIA PARTICULAR,341
AYACUCHO,2018,LICENCIA MILITAR,7
AYACUCHO,2018,SIN LICENCIA,130
AYACUCHO,2018,LICENCIA DE VEHÍCULO MENOR,122
AYACUCHO,2018,LICENCIA EXTRANJERA,0
AYACUCHO,2019,ENTRE 12 Y 17 AÑOS,2
AYACUCHO,2019,ENTRE 18 A 29 AÑOS,290
AYACUCHO,2019,ENTRE 30 Y 59 AÑOS,425
AYACUCHO,2019,ENTRE 60 AÑOS A MÁS,13
AYACUCHO,2019,ENTRE 12 Y 17 AÑOS,1
AYACUCHO,2019,ENTRE 18 A 29 AÑOS,4
AYACUCHO,2019,ENTRE 30 Y 59 AÑOS,6
AYACUCHO,2019,ENTRE 60 AÑOS A MÁS,1
AYACUCHO,2019,LICENCIA PROFESIONAL,198
AYACUCHO,2019,LICENCIA PARTICULAR,352
AYACUCHO,2019,LICENCIA MILITAR,1
AYACUCHO,2019,SIN LICENCIA,127
AYACUCHO,2019,LICENCIA DE VEHÍCULO MENOR,63
AYACUCHO,2019,LICENCIA EXTRANJERA,1
AYACUCHO,2020,ENTRE 12 Y 17 AÑOS,3
AYACUCHO,2020,ENTRE 18 A 29 AÑOS,112
AYACUCHO,2020,ENTRE 30 Y 59 AÑOS,276
AYACUCHO,2020,ENTRE 60 AÑOS A MÁS,10
AYACUCHO,2020,ENTRE 12 Y 17 AÑOS,2
AYACUCHO,2020,ENTRE 18 A 29 AÑOS,15
AYACUCHO,2020,ENTRE 30 Y 59 AÑOS,20
AYACUCHO,2020,ENTRE 60 AÑOS A MÁS,3
AYACUCHO,2020,LICENCIA PROFESIONAL,117
AYACUCHO,2020,LICENCIA PARTICULAR,236
AYACUCHO,2020,LICENCIA MILITAR,16
AYACUCHO,2020,SIN LICENCIA,52
AYACUCHO,2020,LICENCIA DE VEHÍCULO MENOR,20
AYACUCHO,2020,LICENCIA EXTRANJERA,0
AYACUCHO,2021,ENTRE 12 Y 17 AÑOS,0
AYACUCHO,2021,ENTRE 18 A 29 AÑOS,160
AYACUCHO,2021,ENTRE 30 Y 59 AÑOS,275
AYACUCHO,2021,ENTRE 60 AÑOS A MÁS,31
AYACUCHO,2021,ENTRE 12 Y 17 AÑOS,0
AYACUCHO,2021,ENTRE 18 A 29 AÑOS,34
AYACUCHO,2021,ENTRE 30 Y 59 AÑOS,4
AYACUCHO,2021,ENTRE 60 AÑOS A MÁS,0
AYACUCHO,2021,LICENCIA PROFESIONAL,145
AYACUCHO,2021,LICENCIA PARTICULAR,223
AYACUCHO,2021,LICENCIA MILITAR,23
AYACUCHO,2021,SIN LICENCIA,45
AYACUCHO,2021,LICENCIA DE VEHÍCULO MENOR,69
AYACUCHO,2021,LICENCIA EXTRANJERA,0
AYACUCHO,2022,ENTRE 12 Y 17 AÑOS,1
AYACUCHO,2022,ENTRE 18 A 29 AÑOS,92
AYACUCHO,2022,ENTRE 30 Y 59 AÑOS,279
AYACUCHO,2022,ENTRE 60 AÑOS A MÁS,59
AYACUCHO,2022,ENTRE 12 Y 17 AÑOS,0
AYACUCHO,2022,ENTRE 18 A 29 AÑOS,48
AYACUCHO,2022,ENTRE 30 Y 59 AÑOS,6
AYACUCHO,2022,ENTRE 60 AÑOS A MÁS,0
AYACUCHO,2022,LICENCIA PROFESIONAL,63
AYACUCHO,2022,LICENCIA PARTICULAR,224
AYACUCHO,2022,LICENCIA MILITAR,43
AYACUCHO,2022,SIN LICENCIA,62
AYACUCHO,2022,LICENCIA DE VEHÍCULO MENOR,91
AYACUCHO,2022,LICENCIA EXTRANJERA,2
AYACUCHO,2023,ENTRE 12 Y 17 AÑOS,0
AYACUCHO,2023,ENTRE 18 A 29 AÑOS,63
AYACUCHO,2023,ENTRE 30 Y 59 AÑOS,276
AYACUCHO,2023,ENTRE 60 AÑOS A MÁS,63
AYACUCHO,2023,ENTRE 12 Y 17 AÑOS,0
AYACUCHO,2023,ENTRE 18 A 29 AÑOS,62
AYACUCHO,2023,ENTRE 30 Y 59 AÑOS,5
AYACUCHO,2023,ENTRE 60 AÑOS A MÁS,0
AYACUCHO,2023,LICENCIA PROFESIONAL,90
AYACUCHO,2023,LICENCIA PARTICULAR,129
AYACUCHO,2023,LICENCIA MILITAR,62
AYACUCHO,2023,SIN LICENCIA,108
AYACUCHO,2023,LICENCIA DE VEHÍCULO MENOR,2
AYACUCHO,2023,LICENCIA EXTRANJERA,78
AYACUCHO,2024,ENTRE 12 Y 17 AÑOS,2
AYACUCHO,2024,ENTRE 18 A 29 AÑOS,178
AYACUCHO,2024,ENTRE 30 Y 59 AÑOS,357
AYACUCHO,2024,ENTRE 60 AÑOS A MÁS,40
AYACUCHO,2024,ENTRE 12 Y 17 AÑOS,0
AYACUCHO,2024,ENTRE 18 A 29 AÑOS,16
AYACUCHO,2024,ENTRE 30 Y 59 AÑOS,7
AYACUCHO,2024,ENTRE 60 AÑOS A MÁS,0
AYACUCHO,2024,LICENCIA PROFESIONAL,134
AYACUCHO,2024,LICENCIA PARTICULAR,335
AYACUCHO,2024,LICENCIA MILITAR,9
AYACUCHO,2024,SIN LICENCIA,80
AYACUCHO,2024,LICENCIA DE VEHÍCULO MENOR,1
AYACUCHO,2024,LICENCIA EXTRANJERA,42
CAJAMARCA,2008,MASCULINO MENOR DE 18 AÑOS,129
CAJAMARCA,2008,MASCULINO MAYOR DE 18 AÑOS,3082
CAJAMARCA,2008,FEMENINO MENOR DE 18 AÑOS,7
CAJAMARCA,2008,FEMENINO MAYOR DE 18 AÑOS,171
CAJAMARCA,2008,LICENCIA PROFESIONAL,2367
CAJAMARCA,2008,LICENCIA PARTICULAR,321
CAJAMARCA,2008,LICENCIA MILITAR,13
CAJAMARCA,2008,SIN LICENCIA,377
CAJAMARCA,2008,OTROS (NO TIENE LICENCIA O NO CORRESPONDE AL TIPO DE VEHÍCULO),311
CAJAMARCA,2009,MASCULINO MENOR DE 18 AÑOS,228
CAJAMARCA,2009,MASCULINO MAYOR DE 18 AÑOS,4094
CAJAMARCA,2009,FEMENINO MENOR DE 18 AÑOS,2
CAJAMARCA,2009,FEMENINO MAYOR DE 18 AÑOS,72
CAJAMARCA,2009,LICENCIA PROFESIONAL,2724
CAJAMARCA,2009,LICENCIA PARTICULAR,714
CAJAMARCA,2009,LICENCIA MILITAR,12
CAJAMARCA,2009,SIN LICENCIA,586
CAJAMARCA,2009,OTROS (NO TIENE LICENCIA O NO CORRESPONDE AL TIPO DE VEHÍCULO),360
CAJAMARCA,2010,MASCULINO MENOR DE 18 AÑOS,239
CAJAMARCA,2010,MASCULINO ENTRE 19 A 25 AÑOS,1846
CAJAMARCA,2010,MASCULINO ENTRE 26 Y 60 AÑOS,2100
CAJAMARCA,2010,MASCULINO ENTRE 60 AÑOS A MÁS,413
CAJAMARCA,2010,FEMENINO MENOR DE 18 AÑOS,0
CAJAMARCA,2010,FEMENINO ENTRE 19 A 25 AÑOS,0
CAJAMARCA,2010,FEMENINO ENTRE 26 A 60 AÑOS,1
CAJAMARCA,2010,FEMENINO ENTRE 60 AÑOS A MÁS,6
CAJAMARCA,2010,LICENCIA PROFESIONAL,3243
CAJAMARCA,2010,LICENCIA PARTICULAR,851
CAJAMARCA,2010,LICENCIA MILITAR,4
CAJAMARCA,2010,SIN LICENCIA,306
CAJAMARCA,2010,OTROS (NO TIENE LICENCIA O NO CORRESPONDE AL TIPO DE VEHÍCULO),201
CAJAMARCA,2011,MASCULINO MENOR DE 18 AÑOS,155
CAJAMARCA,2011,MASCULINO ENTRE 19 A 25 AÑOS,1762
CAJAMARCA,2011,MASCULINO ENTRE 26 Y 60 AÑOS,1788
CAJAMARCA,2011,MASCULINO ENTRE 60 AÑOS A MÁS,479
CAJAMARCA,2011,FEMENINO MENOR DE 18 AÑOS,0
CAJAMARCA,2011,FEMENINO ENTRE 19 A 25 AÑOS,14
CAJAMARCA,2011,FEMENINO ENTRE 26 A 60 AÑOS,18
CAJAMARCA,2011,FEMENINO ENTRE 60 AÑOS A MÁS,1
CAJAMARCA,2011,LICENCIA PROFESIONAL,3033
CAJAMARCA,2011,LICENCIA PARTICULAR,748
CAJAMARCA,2011,LICENCIA MILITAR,5
CAJAMARCA,2011,SIN LICENCIA,178
CAJAMARCA,2011,OTROS (NO TIENE LICENCIA O NO CORRESPONDE AL TIPO DE VEHÍCULO),253
CAJAMARCA,2012,MASCULINO MENOR DE 18 AÑOS,103
CAJAMARCA,2012,MASCULINO ENTRE 19 A 25 AÑOS,1643
CAJAMARCA,2012,MASCULINO ENTRE 26 Y 60 AÑOS,1771
CAJAMARCA,2012,MASCULINO ENTRE 60 AÑOS A MÁS,353
CAJAMARCA,2012,FEMENINO MENOR DE 18 AÑOS,0
CAJAMARCA,2012,FEMENINO ENTRE 19 A 25 AÑOS,145
CAJAMARCA,2012,FEMENINO ENTRE 26 A 60 AÑOS,130
CAJAMARCA,2012,FEMENINO ENTRE 60 AÑOS A MÁS,3
CAJAMARCA,2012,LICENCIA PROFESIONAL,2511
CAJAMARCA,2012,LICENCIA PARTICULAR,895
CAJAMARCA,2012,LICENCIA MILITAR,15
CAJAMARCA,2012,SIN LICENCIA,546
CAJAMARCA,2012,OTROS (NO TIENE LICENCIA O NO CORRESPONDE AL TIPO DE VEHÍCULO),181
CAJAMARCA,2013,MASCULINO MENOR DE 18 AÑOS,172
CAJAMARCA,2013,MASCULINO ENTRE 19 A 25 AÑOS,1700
CAJAMARCA,2013,MASCULINO ENTRE 26 Y 60 AÑOS,2255
CAJAMARCA,2013,MASCULINO ENTRE 60 AÑOS A MÁS,176
CAJAMARCA,2013,FEMENINO MENOR DE 18 AÑOS,3
CAJAMARCA,2013,FEMENINO ENTRE 19 A 25 AÑOS,162
CAJAMARCA,2013,FEMENINO ENTRE 26 A 60 AÑOS,153
CAJAMARCA,2013,FEMENINO ENTRE 60 AÑOS A MÁS,11
CAJAMARCA,2013,LICENCIA PROFESIONAL,2117
CAJAMARCA,2013,LICENCIA PARTICULAR,1358
CAJAMARCA,2013,LICENCIA MILITAR,48
CAJAMARCA,2013,SIN LICENCIA,862
CAJAMARCA,2013,OTROS (NO TIENE LICENCIA O NO CORRESPONDE AL TIPO DE VEHÍCULO),247
CAJAMARCA,2014,MASCULINO MENOR DE 18 AÑOS,115
CAJAMARCA,2014,MASCULINO ENTRE 19 A 25 AÑOS,979
CAJAMARCA,2014,MASCULINO ENTRE 26 Y 60 AÑOS,1585
CAJAMARCA,2014,MASCULINO ENTRE 60 AÑOS A MÁS,285
CAJAMARCA,2014,FEMENINO MENOR DE 18 AÑOS,26
CAJAMARCA,2014,FEMENINO ENTRE 19 A 25 AÑOS,51
CAJAMARCA,2014,FEMENINO ENTRE 26 A 60 AÑOS,40
CAJAMARCA,2014,FEMENINO ENTRE 60 AÑOS A MÁS,4
CAJAMARCA,2014,LICENCIA PROFESIONAL,1449
CAJAMARCA,2014,LICENCIA PARTICULAR,639
CAJAMARCA,2014,LICENCIA MILITAR,23
CAJAMARCA,2014,SIN LICENCIA,327
CAJAMARCA,2014,OTROS (NO TIENE LICENCIA O NO CORRESPONDE AL TIPO DE VEHÍCULO),647
CAJAMARCA,2015,MASCULINO MENOR DE 18 AÑOS,57
CAJAMARCA,2015,MASCULINO ENTRE 19 A 25 AÑOS,603
CAJAMARCA,2015,MASCULINO ENTRE 26 Y 60 AÑOS,1033
CAJAMARCA,2015,MASCULINO ENTRE 60 AÑOS A MÁS,164
CAJAMARCA,2015,FEMENINO MENOR DE 18 AÑOS,7
CAJAMARCA,2015,FEMENINO ENTRE 19 A 25 AÑOS,18
CAJAMARCA,2015,FEMENINO ENTRE 26 A 60 AÑOS,36
CAJAMARCA,2015,FEMENINO ENTRE 60 AÑOS A MÁS,6
CAJAMARCA,2015,SE DESCONOCE POR FUGA,0
CAJAMARCA,2015,LICENCIA PROFESIONAL,1039
CAJAMARCA,2015,LICENCIA PARTICULAR,202
CAJAMARCA,2015,LICENCIA MILITAR,4
CAJAMARCA,2015,SIN LICENCIA,127
CAJAMARCA,2015,LICENCIA DE VEHÍCULO MENOR,492
CAJAMARCA,2015,LICENCIA EXTRANJERA,11
CAJAMARCA,2015,OTROS (NO TIENE LICENCIA O NO CORRESPONDE AL TIPO DE VEHÍCULO),49
CAJAMARCA,2016,MASCULINO MENOR DE 18 AÑOS,38
CAJAMARCA,2016,MASCULINO ENTRE 19 A 25 AÑOS,394
CAJAMARCA,2016,MASCULINO ENTRE 26 Y 60 AÑOS,885
CAJAMARCA,2016,MASCULINO ENTRE 60 AÑOS A MÁS,190
CAJAMARCA,2016,FEMENINO MENOR DE 18 AÑOS,27
CAJAMARCA,2016,FEMENINO ENTRE 19 A 25 AÑOS,93
CAJAMARCA,2016,FEMENINO ENTRE 26 A 60 AÑOS,86
CAJAMARCA,2016,FEMENINO ENTRE 60 AÑOS A MÁS,11
CAJAMARCA,2016,SE DESCONOCE POR FUGA,4
CAJAMARCA,2016,LICENCIA PROFESIONAL,704
CAJAMARCA,2016,LICENCIA PARTICULAR,457
CAJAMARCA,2016,LICENCIA MILITAR,19
CAJAMARCA,2016,SIN LICENCIA,207
CAJAMARCA,2016,LICENCIA DE VEHÍCULO MENOR,250
CAJAMARCA,2016,LICENCIA EXTRANJERA,4
CAJAMARCA,2016,OTROS (NO TIENE LICENCIA O NO CORRESPONDE AL TIPO DE VEHÍCULO),87
CAJAMARCA,2017,MASCULINO MENOR ENTRE 13 Y 18 AÑOS,102
CAJAMARCA,2017,MASCULINO ENTRE 19 A 25 AÑOS,614
CAJAMARCA,2017,MASCULINO ENTRE 26 Y 60 AÑOS,1662
CAJAMARCA,2017,MASCULINO ENTRE 60 AÑOS A MÁS,129
CAJAMARCA,2017,FEMENINO MENOR ENTRE 13 Y 18 AÑOS,20
CAJAMARCA,2017,FEMENINO ENTRE 19 A 25 AÑOS,43
CAJAMARCA,2017,FEMENINO ENTRE 26 A 60 AÑOS,98
CAJAMARCA,2017,FEMENINO ENTRE 60 AÑOS A MÁS,6
CAJAMARCA,2017,SE DESCONOCE POR FUGA,48
CAJAMARCA,2017,LICENCIA PROFESIONAL,854
CAJAMARCA,2017,LICENCIA PARTICULAR,598
CAJAMARCA,2017,LICENCIA MILITAR,29
CAJAMARCA,2017,SIN LICENCIA,220
CAJAMARCA,2017,LICENCIA DE VEHÍCULO MENOR,888
CAJAMARCA,2017,LICENCIA EXTRANJERA,27
CAJAMARCA,2017,OTROS (NO TIENE LICENCIA O NO CORRESPONDE AL TIPO DE VEHÍCULO),106
CAJAMARCA,2018,ENTRE 12 Y 17 AÑOS,49
CAJAMARCA,2018,ENTRE 18 A 29 AÑOS,931
CAJAMARCA,2018,ENTRE 30 Y 59 AÑOS,1739
CAJAMARCA,2018,ENTRE 60 AÑOS A MÁS,93
CAJAMARCA,2018,ENTRE 12 Y 17 AÑOS,3
CAJAMARCA,2018,ENTRE 18 A 29 AÑOS,45
CAJAMARCA,2018,ENTRE 30 Y 59 AÑOS,63
CAJAMARCA,2018,ENTRE 60 AÑOS A MÁS,11
CAJAMARCA,2018,LICENCIA PROFESIONAL,1046
CAJAMARCA,2018,LICENCIA PARTICULAR,616
CAJAMARCA,2018,LICENCIA MILITAR,8
CAJAMARCA,2018,SIN LICENCIA,333
CAJAMARCA,2018,LICENCIA DE VEHÍCULO MENOR,950
CAJAMARCA,2018,LICENCIA EXTRANJERA,3
CAJAMARCA,2019,ENTRE 12 Y 17 AÑOS,50
CAJAMARCA,2019,ENTRE 18 A 29 AÑOS,1096
CAJAMARCA,2019,ENTRE 30 Y 59 AÑOS,1505
CAJAMARCA,2019,ENTRE 60 AÑOS A MÁS,121
CAJAMARCA,2019,ENTRE 12 Y 17 AÑOS,5
CAJAMARCA,2019,ENTRE 18 A 29 AÑOS,131
CAJAMARCA,2019,ENTRE 30 Y 59 AÑOS,108
CAJAMARCA,2019,ENTRE 60 AÑOS A MÁS,5
CAJAMARCA,2019,LICENCIA PROFESIONAL,1010
CAJAMARCA,2019,LICENCIA PARTICULAR,586
CAJAMARCA,2019,LICENCIA MILITAR,5
CAJAMARCA,2019,SIN LICENCIA,334
CAJAMARCA,2019,LICENCIA DE VEHÍCULO MENOR,1125
CAJAMARCA,2019,LICENCIA EXTRANJERA,3
CAJAMARCA,2020,ENTRE 12 Y 17 AÑOS,16
CAJAMARCA,2020,ENTRE 18 A 29 AÑOS,617
CAJAMARCA,2020,ENTRE 30 Y 59 AÑOS,984
CAJAMARCA,2020,ENTRE 60 AÑOS A MÁS,50
CAJAMARCA,2020,ENTRE 12 Y 17 AÑOS,0
CAJAMARCA,2020,ENTRE 18 A 29 AÑOS,16
CAJAMARCA,2020,ENTRE 30 Y 59 AÑOS,33
CAJAMARCA,2020,ENTRE 60 AÑOS A MÁS,0
CAJAMARCA,2020,LICENCIA PROFESIONAL,517
CAJAMARCA,2020,LICENCIA PARTICULAR,530
CAJAMARCA,2020,LICENCIA MILITAR,5
CAJAMARCA,2020,SIN LICENCIA,210
CAJAMARCA,2020,LICENCIA DE VEHÍCULO MENOR,462
CAJAMARCA,2020,LICENCIA EXTRANJERA,3
CAJAMARCA,2021,ENTRE 12 Y 17 AÑOS,36
CAJAMARCA,2021,ENTRE 18 A 29 AÑOS,665
CAJAMARCA,2021,ENTRE 30 Y 59 AÑOS,1543
CAJAMARCA,2021,ENTRE 60 AÑOS A MÁS,117
CAJAMARCA,2021,ENTRE 12 Y 17 AÑOS,5
CAJAMARCA,2021,ENTRE 18 A 29 AÑOS,74
CAJAMARCA,2021,ENTRE 30 Y 59 AÑOS,105
CAJAMARCA,2021,ENTRE 60 AÑOS A MÁS,28
CAJAMARCA,2021,LICENCIA PROFESIONAL,730
CAJAMARCA,2021,LICENCIA PARTICULAR,734
CAJAMARCA,2021,LICENCIA MILITAR,50
CAJAMARCA,2021,SIN LICENCIA,394
CAJAMARCA,2021,LICENCIA DE VEHÍCULO MENOR,672
CAJAMARCA,2021,LICENCIA EXTRANJERA,3
CAJAMARCA,2022,ENTRE 12 Y 17 AÑOS,16
CAJAMARCA,2022,ENTRE 18 A 29 AÑOS,871
CAJAMARCA,2022,ENTRE 30 Y 59 AÑOS,1632
CAJAMARCA,2022,ENTRE 60 AÑOS A MÁS,68
CAJAMARCA,2022,ENTRE 12 Y 17 AÑOS,1
CAJAMARCA,2022,ENTRE 18 A 29 AÑOS,84
CAJAMARCA,2022,ENTRE 30 Y 59 AÑOS,134
CAJAMARCA,2022,ENTRE 60 AÑOS A MÁS,11
CAJAMARCA,2022,LICENCIA PROFESIONAL,799
CAJAMARCA,2022,LICENCIA PARTICULAR,857
CAJAMARCA,2022,LICENCIA MILITAR,0
CAJAMARCA,2022,SIN LICENCIA,380
CAJAMARCA,2022,LICENCIA DE VEHÍCULO MENOR,791
CAJAMARCA,2022,LICENCIA EXTRANJERA,2
CAJAMARCA,2023,ENTRE 12 Y 17 AÑOS,28
CAJAMARCA,2023,ENTRE 18 A 29 AÑOS,628
CAJAMARCA,2023,ENTRE 30 Y 59 AÑOS,1490
CAJAMARCA,2023,ENTRE 60 AÑOS A MÁS,133
CAJAMARCA,2023,ENTRE 12 Y 17 AÑOS,3
CAJAMARCA,2023,ENTRE 18 A 29 AÑOS,191
CAJAMARCA,2023,ENTRE 30 Y 59 AÑOS,160
CAJAMARCA,2023,ENTRE 60 AÑOS A MÁS,108
CAJAMARCA,2023,LICENCIA PROFESIONAL,813
CAJAMARCA,2023,LICENCIA PARTICULAR,794
CAJAMARCA,2023,LICENCIA MILITAR,9
CAJAMARCA,2023,SIN LICENCIA,669
CAJAMARCA,2023,LICENCIA DE VEHÍCULO MENOR,0
CAJAMARCA,2023,LICENCIA EXTRANJERA,484
CAJAMARCA,2024,ENTRE 12 Y 17 AÑOS,44
CAJAMARCA,2024,ENTRE 18 A 29 AÑOS,840
CAJAMARCA,2024,ENTRE 30 Y 59 AÑOS,1623
CAJAMARCA,2024,ENTRE 60 AÑOS A MÁS,164
CAJAMARCA,2024,ENTRE 12 Y 17 AÑOS,2
CAJAMARCA,2024,ENTRE 18 A 29 AÑOS,65
CAJAMARCA,2024,ENTRE 30 Y 59 AÑOS,104
CAJAMARCA,2024,ENTRE 60 AÑOS A MÁS,1
CAJAMARCA,2024,LICENCIA PROFESIONAL,653
CAJAMARCA,2024,LICENCIA PARTICULAR,693
CAJAMARCA,2024,LICENCIA MILITAR,17
CAJAMARCA,2024,SIN LICENCIA,507
CAJAMARCA,2024,LICENCIA DE VEHÍCULO MENOR,5
CAJAMARCA,2024,LICENCIA EXTRANJERA,1022
CALLAO,2008,MASCULINO MENOR DE 18 AÑOS,125
CALLAO,2008,MASCULINO MAYOR DE 18 AÑOS,3914
CALLAO,2008,FEMENINO MENOR DE 18 AÑOS,5
CALLAO,2008,FEMENINO MAYOR DE 18 AÑOS,199
CALLAO,2008,LICENCIA PROFESIONAL,2791
CALLAO,2008,LICENCIA PARTICULAR,1022
CALLAO,2008,LICENCIA MILITAR,75
CALLAO,2008,SIN LICENCIA,297
CALLAO,2008,OTROS (NO TIENE LICENCIA O NO CORRESPONDE AL TIPO DE VEHÍCULO),58
CALLAO,2009,MASCULINO MENOR DE 18 AÑOS,173
CALLAO,2009,MASCULINO MAYOR DE 18 AÑOS,3864
CALLAO,2009,FEMENINO MENOR DE 18 AÑOS,2
CALLAO,2009,FEMENINO MAYOR DE 18 AÑOS,184
CALLAO,2009,LICENCIA PROFESIONAL,2382
CALLAO,2009,LICENCIA PARTICULAR,1428
CALLAO,2009,LICENCIA MILITAR,49
CALLAO,2009,SIN LICENCIA,305
CALLAO,2009,OTROS (NO TIENE LICENCIA O NO CORRESPONDE AL TIPO DE VEHÍCULO),59
CALLAO,2010,MASCULINO MENOR DE 18 AÑOS,100
CALLAO,2010,MASCULINO ENTRE 19 A 25 AÑOS,1203
CALLAO,2010,MASCULINO ENTRE 26 Y 60 AÑOS,2253
CALLAO,2010,MASCULINO ENTRE 60 AÑOS A MÁS,208
CALLAO,2010,FEMENINO MENOR DE 18 AÑOS,1
CALLAO,2010,FEMENINO ENTRE 19 A 25 AÑOS,49
CALLAO,2010,FEMENINO ENTRE 26 A 60 AÑOS,122
CALLAO,2010,FEMENINO ENTRE 60 AÑOS A MÁS,6
CALLAO,2010,LICENCIA PROFESIONAL,2255
CALLAO,2010,LICENCIA PARTICULAR,1257
CALLAO,2010,LICENCIA MILITAR,45
CALLAO,2010,SIN LICENCIA,308
CALLAO,2010,OTROS (NO TIENE LICENCIA O NO CORRESPONDE AL TIPO DE VEHÍCULO),77
CALLAO,2011,MASCULINO MENOR DE 18 AÑOS,55
CALLAO,2011,MASCULINO ENTRE 19 A 25 AÑOS,1069
CALLAO,2011,MASCULINO ENTRE 26 Y 60 AÑOS,2547
CALLAO,2011,MASCULINO ENTRE 60 AÑOS A MÁS,171
CALLAO,2011,FEMENINO MENOR DE 18 AÑOS,0
CALLAO,2011,FEMENINO ENTRE 19 A 25 AÑOS,38
CALLAO,2011,FEMENINO ENTRE 26 A 60 AÑOS,126
CALLAO,2011,FEMENINO ENTRE 60 AÑOS A MÁS,4
CALLAO,2011,LICENCIA PROFESIONAL,1848
CALLAO,2011,LICENCIA PARTICULAR,1759
CALLAO,2011,LICENCIA MILITAR,57
CALLAO,2011,SIN LICENCIA,300
CALLAO,2011,OTROS (NO TIENE LICENCIA O NO CORRESPONDE AL TIPO DE VEHÍCULO),46
CALLAO,2012,MASCULINO MENOR DE 18 AÑOS,42
CALLAO,2012,MASCULINO ENTRE 19 A 25 AÑOS,1288
CALLAO,2012,MASCULINO ENTRE 26 Y 60 AÑOS,3047
CALLAO,2012,MASCULINO ENTRE 60 AÑOS A MÁS,223
CALLAO,2012,FEMENINO MENOR DE 18 AÑOS,1
CALLAO,2012,FEMENINO ENTRE 19 A 25 AÑOS,27
CALLAO,2012,FEMENINO ENTRE 26 A 60 AÑOS,117
CALLAO,2012,FEMENINO ENTRE 60 AÑOS A MÁS,2
CALLAO,2012,LICENCIA PROFESIONAL,2193
CALLAO,2012,LICENCIA PARTICULAR,2049
CALLAO,2012,LICENCIA MILITAR,46
CALLAO,2012,SIN LICENCIA,342
CALLAO,2012,OTROS (NO TIENE LICENCIA O NO CORRESPONDE AL TIPO DE VEHÍCULO),117
CALLAO,2013,MASCULINO MENOR DE 18 AÑOS,52
CALLAO,2013,MASCULINO ENTRE 19 A 25 AÑOS,1256
CALLAO,2013,MASCULINO ENTRE 26 Y 60 AÑOS,2963
CALLAO,2013,MASCULINO ENTRE 60 AÑOS A MÁS,189
CALLAO,2013,FEMENINO MENOR DE 18 AÑOS,1
CALLAO,2013,FEMENINO ENTRE 19 A 25 AÑOS,79
CALLAO,2013,FEMENINO ENTRE 26 A 60 AÑOS,185
CALLAO,2013,FEMENINO ENTRE 60 AÑOS A MÁS,11
CALLAO,2013,LICENCIA PROFESIONAL,1986
CALLAO,2013,LICENCIA PARTICULAR,2099
CALLAO,2013,LICENCIA MILITAR,179
CALLAO,2013,SIN LICENCIA,275
CALLAO,2013,OTROS (NO TIENE LICENCIA O NO CORRESPONDE AL TIPO DE VEHÍCULO),197
CALLAO,2014,MASCULINO MENOR DE 18 AÑOS,23
CALLAO,2014,MASCULINO ENTRE 19 A 25 AÑOS,1040
CALLAO,2014,MASCULINO ENTRE 26 Y 60 AÑOS,2980
CALLAO,2014,MASCULINO ENTRE 60 AÑOS A MÁS,310
CALLAO,2014,FEMENINO MENOR DE 18 AÑOS,2
CALLAO,2014,FEMENINO ENTRE 19 A 25 AÑOS,71
CALLAO,2014,FEMENINO ENTRE 26 A 60 AÑOS,188
CALLAO,2014,FEMENINO ENTRE 60 AÑOS A MÁS,8
CALLAO,2014,LICENCIA PROFESIONAL,2156
CALLAO,2014,LICENCIA PARTICULAR,1712
CALLAO,2014,LICENCIA MILITAR,45
CALLAO,2014,SIN LICENCIA,211
CALLAO,2014,OTROS (NO TIENE LICENCIA O NO CORRESPONDE AL TIPO DE VEHÍCULO),498
CALLAO,2015,MASCULINO MENOR DE 18 AÑOS,99
CALLAO,2015,MASCULINO ENTRE 19 A 25 AÑOS,1015
CALLAO,2015,MASCULINO ENTRE 26 Y 60 AÑOS,3087
CALLAO,2015,MASCULINO ENTRE 60 AÑOS A MÁS,385
CALLAO,2015,FEMENINO MENOR DE 18 AÑOS,17
CALLAO,2015,FEMENINO ENTRE 19 A 25 AÑOS,80
CALLAO,2015,FEMENINO ENTRE 26 A 60 AÑOS,248
CALLAO,2015,FEMENINO ENTRE 60 AÑOS A MÁS,32
CALLAO,2015,SE DESCONOCE POR FUGA,0
CALLAO,2015,LICENCIA PROFESIONAL,2023
CALLAO,2015,LICENCIA PARTICULAR,1887
CALLAO,2015,LICENCIA MILITAR,141
CALLAO,2015,SIN LICENCIA,246
CALLAO,2015,LICENCIA DE VEHÍCULO MENOR,521
CALLAO,2015,LICENCIA EXTRANJERA,20
CALLAO,2015,OTROS (NO TIENE LICENCIA O NO CORRESPONDE AL TIPO DE VEHÍCULO),125
CALLAO,2016,MASCULINO MENOR DE 18 AÑOS,154
CALLAO,2016,MASCULINO ENTRE 19 A 25 AÑOS,1048
CALLAO,2016,MASCULINO ENTRE 26 Y 60 AÑOS,2961
CALLAO,2016,MASCULINO ENTRE 60 AÑOS A MÁS,408
CALLAO,2016,FEMENINO MENOR DE 18 AÑOS,3
CALLAO,2016,FEMENINO ENTRE 19 A 25 AÑOS,100
CALLAO,2016,FEMENINO ENTRE 26 A 60 AÑOS,207
CALLAO,2016,FEMENINO ENTRE 60 AÑOS A MÁS,21
CALLAO,2016,SE DESCONOCE POR FUGA,0
CALLAO,2016,LICENCIA PROFESIONAL,1872
CALLAO,2016,LICENCIA PARTICULAR,1879
CALLAO,2016,LICENCIA MILITAR,296
CALLAO,2016,SIN LICENCIA,202
CALLAO,2016,LICENCIA DE VEHÍCULO MENOR,545
CALLAO,2016,LICENCIA EXTRANJERA,1
CALLAO,2016,OTROS (NO TIENE LICENCIA O NO CORRESPONDE AL TIPO DE VEHÍCULO),107
CALLAO,2017,MASCULINO MENOR ENTRE 13 Y 18 AÑOS,2
CALLAO,2017,MASCULINO ENTRE 19 A 25 AÑOS,812
CALLAO,2017,MASCULINO ENTRE 26 Y 60 AÑOS,3028
CALLAO,2017,MASCULINO ENTRE 60 AÑOS A MÁS,277
CALLAO,2017,FEMENINO MENOR ENTRE 13 Y 18 AÑOS,3
CALLAO,2017,FEMENINO ENTRE 19 A 25 AÑOS,59
CALLAO,2017,FEMENINO ENTRE 26 A 60 AÑOS,184
CALLAO,2017,FEMENINO ENTRE 60 AÑOS A MÁS,44
CALLAO,2017,SE DESCONOCE POR FUGA,14
CALLAO,2017,LICENCIA PROFESIONAL,1671
CALLAO,2017,LICENCIA PARTICULAR,1925
CALLAO,2017,LICENCIA MILITAR,53
CALLAO,2017,SIN LICENCIA,190
CALLAO,2017,LICENCIA DE VEHÍCULO MENOR,446
CALLAO,2017,LICENCIA EXTRANJERA,23
CALLAO,2017,OTROS (NO TIENE LICENCIA O NO CORRESPONDE AL TIPO DE VEHÍCULO),115
CALLAO,2018,ENTRE 12 Y 17 AÑOS,53
CALLAO,2018,ENTRE 18 A 29 AÑOS,1181
CALLAO,2018,ENTRE 30 Y 59 AÑOS,1830
CALLAO,2018,ENTRE 60 AÑOS A MÁS,260
CALLAO,2018,ENTRE 12 Y 17 AÑOS,0
CALLAO,2018,ENTRE 18 A 29 AÑOS,74
CALLAO,2018,ENTRE 30 Y 59 AÑOS,133
CALLAO,2018,ENTRE 60 AÑOS A MÁS,9
CALLAO,2018,LICENCIA PROFESIONAL,1794
CALLAO,2018,LICENCIA PARTICULAR,1236
CALLAO,2018,LICENCIA MILITAR,45
CALLAO,2018,SIN LICENCIA,222
CALLAO,2018,LICENCIA DE VEHÍCULO MENOR,333
CALLAO,2018,LICENCIA EXTRANJERA,13
CALLAO,2019,ENTRE 12 Y 17 AÑOS,5
CALLAO,2019,ENTRE 18 A 29 AÑOS,1099
CALLAO,2019,ENTRE 30 Y 59 AÑOS,1449
CALLAO,2019,ENTRE 60 AÑOS A MÁS,127
CALLAO,2019,ENTRE 12 Y 17 AÑOS,5
CALLAO,2019,ENTRE 18 A 29 AÑOS,127
CALLAO,2019,ENTRE 30 Y 59 AÑOS,103
CALLAO,2019,ENTRE 60 AÑOS A MÁS,15
CALLAO,2019,LICENCIA PROFESIONAL,1526
CALLAO,2019,LICENCIA PARTICULAR,986
CALLAO,2019,LICENCIA MILITAR,15
CALLAO,2019,SIN LICENCIA,148
CALLAO,2019,LICENCIA DE VEHÍCULO MENOR,291
CALLAO,2019,LICENCIA EXTRANJERA,8
CALLAO,2020,ENTRE 12 Y 17 AÑOS,1
CALLAO,2020,ENTRE 18 A 29 AÑOS,718
CALLAO,2020,ENTRE 30 Y 59 AÑOS,833
CALLAO,2020,ENTRE 60 AÑOS A MÁS,75
CALLAO,2020,ENTRE 12 Y 17 AÑOS,0
CALLAO,2020,ENTRE 18 A 29 AÑOS,68
CALLAO,2020,ENTRE 30 Y 59 AÑOS,76
CALLAO,2020,ENTRE 60 AÑOS A MÁS,2
CALLAO,2020,LICENCIA PROFESIONAL,753
CALLAO,2020,LICENCIA PARTICULAR,762
CALLAO,2020,LICENCIA MILITAR,30
CALLAO,2020,SIN LICENCIA,84
CALLAO,2020,LICENCIA DE VEHÍCULO MENOR,166
CALLAO,2020,LICENCIA EXTRANJERA,1
CALLAO,2021,ENTRE 12 Y 17 AÑOS,1
CALLAO,2021,ENTRE 18 A 29 AÑOS,992
CALLAO,2021,ENTRE 30 Y 59 AÑOS,1367
CALLAO,2021,ENTRE 60 AÑOS A MÁS,126
CALLAO,2021,ENTRE 12 Y 17 AÑOS,0
CALLAO,2021,ENTRE 18 A 29 AÑOS,159
CALLAO,2021,ENTRE 30 Y 59 AÑOS,174
CALLAO,2021,ENTRE 60 AÑOS A MÁS,7
CALLAO,2021,LICENCIA PROFESIONAL,1116
CALLAO,2021,LICENCIA PARTICULAR,1325
CALLAO,2021,LICENCIA MILITAR,10
CALLAO,2021,SIN LICENCIA,65
CALLAO,2021,LICENCIA DE VEHÍCULO MENOR,333
CALLAO,2021,LICENCIA EXTRANJERA,2
CALLAO,2022,ENTRE 12 Y 17 AÑOS,2
CALLAO,2022,ENTRE 18 A 29 AÑOS,997
CALLAO,2022,ENTRE 30 Y 59 AÑOS,1315
CALLAO,2022,ENTRE 60 AÑOS A MÁS,134
CALLAO,2022,ENTRE 12 Y 17 AÑOS,1
CALLAO,2022,ENTRE 18 A 29 AÑOS,121
CALLAO,2022,ENTRE 30 Y 59 AÑOS,159
CALLAO,2022,ENTRE 60 AÑOS A MÁS,12
CALLAO,2022,LICENCIA PROFESIONAL,1107
CALLAO,2022,LICENCIA PARTICULAR,1228
CALLAO,2022,LICENCIA MILITAR,0
CALLAO,2022,SIN LICENCIA,91
CALLAO,2022,LICENCIA DE VEHÍCULO MENOR,349
CALLAO,2022,LICENCIA EXTRANJERA,3
CALLAO,2023,ENTRE 12 Y 17 AÑOS,39
CALLAO,2023,ENTRE 18 A 29 AÑOS,835
CALLAO,2023,ENTRE 30 Y 59 AÑOS,1396
CALLAO,2023,ENTRE 60 AÑOS A MÁS,120
CALLAO,2023,ENTRE 12 Y 17 AÑOS,0
CALLAO,2023,ENTRE 18 A 29 AÑOS,114
CALLAO,2023,ENTRE 30 Y 59 AÑOS,141
CALLAO,2023,ENTRE 60 AÑOS A MÁS,12
CALLAO,2023,LICENCIA PROFESIONAL,967
CALLAO,2023,LICENCIA PARTICULAR,1252
CALLAO,2023,LICENCIA MILITAR,2
CALLAO,2023,SIN LICENCIA,391
CALLAO,2023,LICENCIA DE VEHÍCULO MENOR,0
CALLAO,2023,LICENCIA EXTRANJERA,82
CALLAO,2024,ENTRE 12 Y 17 AÑOS,51
CALLAO,2024,ENTRE 18 A 29 AÑOS,1271
CALLAO,2024,ENTRE 30 Y 59 AÑOS,1572
CALLAO,2024,ENTRE 60 AÑOS A MÁS,135
CALLAO,2024,ENTRE 12 Y 17 AÑOS,0
CALLAO,2024,ENTRE 18 A 29 AÑOS,185
CALLAO,2024,ENTRE 30 Y 59 AÑOS,207
CALLAO,2024,ENTRE 60 AÑOS A MÁS,22
CALLAO,2024,LICENCIA PROFESIONAL,1132
CALLAO,2024,LICENCIA PARTICULAR,1946
CALLAO,2024,LICENCIA MILITAR,20
CALLAO,2024,SIN LICENCIA,271
CALLAO,2024,LICENCIA DE VEHÍCULO MENOR,0
CALLAO,2024,LICENCIA EXTRANJERA,111
CUSCO,2008,MASCULINO MENOR DE 18 AÑOS,223
CUSCO,2008,MASCULINO MAYOR DE 18 AÑOS,2960
CUSCO,2008,FEMENINO MENOR DE 18 AÑOS,24
CUSCO,2008,FEMENINO MAYOR DE 18 AÑOS,113
CUSCO,2008,LICENCIA PROFESIONAL,2086
CUSCO,2008,LICENCIA PARTICULAR,594
CUSCO,2008,LICENCIA MILITAR,23
CUSCO,2008,SIN LICENCIA,456
CUSCO,2008,OTROS (NO TIENE LICENCIA O NO CORRESPONDE AL TIPO DE VEHÍCULO),161
CUSCO,2009,MASCULINO MENOR DE 18 AÑOS,102
CUSCO,2009,MASCULINO MAYOR DE 18 AÑOS,1825
CUSCO,2009,FEMENINO MENOR DE 18 AÑOS,39
CUSCO,2009,FEMENINO MAYOR DE 18 AÑOS,115
CUSCO,2009,LICENCIA PROFESIONAL,1344
CUSCO,2009,LICENCIA PARTICULAR,256
CUSCO,2009,LICENCIA MILITAR,27
CUSCO,2009,SIN LICENCIA,310
CUSCO,2009,OTROS (NO TIENE LICENCIA O NO CORRESPONDE AL TIPO DE VEHÍCULO),144
CUSCO,2010,MASCULINO MENOR DE 18 AÑOS,25
CUSCO,2010,MASCULINO ENTRE 19 A 25 AÑOS,158
CUSCO,2010,MASCULINO ENTRE 26 Y 60 AÑOS,331
CUSCO,2010,MASCULINO ENTRE 60 AÑOS A MÁS,18
CUSCO,2010,FEMENINO MENOR DE 18 AÑOS,0
CUSCO,2010,FEMENINO ENTRE 19 A 25 AÑOS,4
CUSCO,2010,FEMENINO ENTRE 26 A 60 AÑOS,8
CUSCO,2010,FEMENINO ENTRE 60 AÑOS A MÁS,1
CUSCO,2010,LICENCIA PROFESIONAL,319
CUSCO,2010,LICENCIA PARTICULAR,100
CUSCO,2010,LICENCIA MILITAR,10
CUSCO,2010,SIN LICENCIA,113
CUSCO,2010,OTROS (NO TIENE LICENCIA O NO CORRESPONDE AL TIPO DE VEHÍCULO),3
CUSCO,2011,MASCULINO MENOR DE 18 AÑOS,88
CUSCO,2011,MASCULINO ENTRE 19 A 25 AÑOS,182
CUSCO,2011,MASCULINO ENTRE 26 Y 60 AÑOS,282
CUSCO,2011,MASCULINO ENTRE 60 AÑOS A MÁS,29
CUSCO,2011,FEMENINO MENOR DE 18 AÑOS,4
CUSCO,2011,FEMENINO ENTRE 19 A 25 AÑOS,15
CUSCO,2011,FEMENINO ENTRE 26 A 60 AÑOS,13
CUSCO,2011,FEMENINO ENTRE 60 AÑOS A MÁS,8
CUSCO,2011,LICENCIA PROFESIONAL,334
CUSCO,2011,LICENCIA PARTICULAR,103
CUSCO,2011,LICENCIA MILITAR,11
CUSCO,2011,SIN LICENCIA,114
CUSCO,2011,OTROS (NO TIENE LICENCIA O NO CORRESPONDE AL TIPO DE VEHÍCULO),59
CUSCO,2012,MASCULINO MENOR DE 18 AÑOS,190
CUSCO,2012,MASCULINO ENTRE 19 A 25 AÑOS,749
CUSCO,2012,MASCULINO ENTRE 26 Y 60 AÑOS,761
CUSCO,2012,MASCULINO ENTRE 60 AÑOS A MÁS,136
CUSCO,2012,FEMENINO MENOR DE 18 AÑOS,22
CUSCO,2012,FEMENINO ENTRE 19 A 25 AÑOS,80
CUSCO,2012,FEMENINO ENTRE 26 A 60 AÑOS,47
CUSCO,2012,FEMENINO ENTRE 60 AÑOS A MÁS,36
CUSCO,2012,LICENCIA PROFESIONAL,1049
CUSCO,2012,LICENCIA PARTICULAR,514
CUSCO,2012,LICENCIA MILITAR,9
CUSCO,2012,SIN LICENCIA,293
CUSCO,2012,OTROS (NO TIENE LICENCIA O NO CORRESPONDE AL TIPO DE VEHÍCULO),156
CUSCO,2013,MASCULINO MENOR DE 18 AÑOS,249
CUSCO,2013,MASCULINO ENTRE 19 A 25 AÑOS,1585
CUSCO,2013,MASCULINO ENTRE 26 Y 60 AÑOS,2007
CUSCO,2013,MASCULINO ENTRE 60 AÑOS A MÁS,336
CUSCO,2013,FEMENINO MENOR DE 18 AÑOS,38
CUSCO,2013,FEMENINO ENTRE 19 A 25 AÑOS,188
CUSCO,2013,FEMENINO ENTRE 26 A 60 AÑOS,191
CUSCO,2013,FEMENINO ENTRE 60 AÑOS A MÁS,322
CUSCO,2013,LICENCIA PROFESIONAL,2425
CUSCO,2013,LICENCIA PARTICULAR,1254
CUSCO,2013,LICENCIA MILITAR,114
CUSCO,2013,SIN LICENCIA,701
CUSCO,2013,OTROS (NO TIENE LICENCIA O NO CORRESPONDE AL TIPO DE VEHÍCULO),422
CUSCO,2014,MASCULINO MENOR DE 18 AÑOS,47
CUSCO,2014,MASCULINO ENTRE 19 A 25 AÑOS,1534
CUSCO,2014,MASCULINO ENTRE 26 Y 60 AÑOS,3121
CUSCO,2014,MASCULINO ENTRE 60 AÑOS A MÁS,437
CUSCO,2014,FEMENINO MENOR DE 18 AÑOS,1
CUSCO,2014,FEMENINO ENTRE 19 A 25 AÑOS,182
CUSCO,2014,FEMENINO ENTRE 26 A 60 AÑOS,206
CUSCO,2014,FEMENINO ENTRE 60 AÑOS A MÁS,31
CUSCO,2014,LICENCIA PROFESIONAL,2821
CUSCO,2014,LICENCIA PARTICULAR,1340
CUSCO,2014,LICENCIA MILITAR,156
CUSCO,2014,SIN LICENCIA,686
CUSCO,2014,OTROS (NO TIENE LICENCIA O NO CORRESPONDE AL TIPO DE VEHÍCULO),556
CUSCO,2015,MASCULINO MENOR DE 18 AÑOS,32
CUSCO,2015,MASCULINO ENTRE 19 A 25 AÑOS,2175
CUSCO,2015,MASCULINO ENTRE 26 Y 60 AÑOS,3466
CUSCO,2015,MASCULINO ENTRE 60 AÑOS A MÁS,396
CUSCO,2015,FEMENINO MENOR DE 18 AÑOS,4
CUSCO,2015,FEMENINO ENTRE 19 A 25 AÑOS,59
CUSCO,2015,FEMENINO ENTRE 26 A 60 AÑOS,241
CUSCO,2015,FEMENINO ENTRE 60 AÑOS A MÁS,5
CUSCO,2015,SE DESCONOCE POR FUGA,131
CUSCO,2015,LICENCIA PROFESIONAL,3083
CUSCO,2015,LICENCIA PARTICULAR,1900
CUSCO,2015,LICENCIA MILITAR,42
CUSCO,2015,SIN LICENCIA,876
CUSCO,2015,LICENCIA DE VEHÍCULO MENOR,394
CUSCO,2015,LICENCIA EXTRANJERA,14
CUSCO,2015,OTROS (NO TIENE LICENCIA O NO CORRESPONDE AL TIPO DE VEHÍCULO),200
CUSCO,2016,MASCULINO MENOR DE 18 AÑOS,39
CUSCO,2016,MASCULINO ENTRE 19 A 25 AÑOS,1350
CUSCO,2016,MASCULINO ENTRE 26 Y 60 AÑOS,2510
CUSCO,2016,MASCULINO ENTRE 60 AÑOS A MÁS,294
CUSCO,2016,FEMENINO MENOR DE 18 AÑOS,28
CUSCO,2016,FEMENINO ENTRE 19 A 25 AÑOS,39
CUSCO,2016,FEMENINO ENTRE 26 A 60 AÑOS,124
CUSCO,2016,FEMENINO ENTRE 60 AÑOS A MÁS,19
CUSCO,2016,SE DESCONOCE POR FUGA,64
CUSCO,2016,LICENCIA PROFESIONAL,2155
CUSCO,2016,LICENCIA PARTICULAR,1296
CUSCO,2016,LICENCIA MILITAR,22
CUSCO,2016,SIN LICENCIA,591
CUSCO,2016,LICENCIA DE VEHÍCULO MENOR,228
CUSCO,2016,LICENCIA EXTRANJERA,19
CUSCO,2016,OTROS (NO TIENE LICENCIA O NO CORRESPONDE AL TIPO DE VEHÍCULO),156
CUSCO,2017,MASCULINO MENOR ENTRE 13 Y 18 AÑOS,110
CUSCO,2017,MASCULINO ENTRE 19 A 25 AÑOS,1044
CUSCO,2017,MASCULINO ENTRE 26 Y 60 AÑOS,2119
CUSCO,2017,MASCULINO ENTRE 60 AÑOS A MÁS,241
CUSCO,2017,FEMENINO MENOR ENTRE 13 Y 18 AÑOS,11
CUSCO,2017,FEMENINO ENTRE 19 A 25 AÑOS,91
CUSCO,2017,FEMENINO ENTRE 26 A 60 AÑOS,153
CUSCO,2017,FEMENINO ENTRE 60 AÑOS A MÁS,29
CUSCO,2017,SE DESCONOCE POR FUGA,323
CUSCO,2017,LICENCIA PROFESIONAL,1562
CUSCO,2017,LICENCIA PARTICULAR,1246
CUSCO,2017,LICENCIA MILITAR,24
CUSCO,2017,SIN LICENCIA,418
CUSCO,2017,LICENCIA DE VEHÍCULO MENOR,305
CUSCO,2017,LICENCIA EXTRANJERA,40
CUSCO,2017,OTROS (NO TIENE LICENCIA O NO CORRESPONDE AL TIPO DE VEHÍCULO),526
CUSCO,2018,ENTRE 12 Y 17 AÑOS,69
CUSCO,2018,ENTRE 18 A 29 AÑOS,1626
CUSCO,2018,ENTRE 30 Y 59 AÑOS,2622
CUSCO,2018,ENTRE 60 AÑOS A MÁS,259
CUSCO,2018,ENTRE 12 Y 17 AÑOS,8
CUSCO,2018,ENTRE 18 A 29 AÑOS,90
CUSCO,2018,ENTRE 30 Y 59 AÑOS,157
CUSCO,2018,ENTRE 60 AÑOS A MÁS,31
CUSCO,2018,LICENCIA PROFESIONAL,2544
CUSCO,2018,LICENCIA PARTICULAR,1516
CUSCO,2018,LICENCIA MILITAR,31
CUSCO,2018,SIN LICENCIA,540
CUSCO,2018,LICENCIA DE VEHÍCULO MENOR,383
CUSCO,2018,LICENCIA EXTRANJERA,5
CUSCO,2019,ENTRE 12 Y 17 AÑOS,32
CUSCO,2019,ENTRE 18 A 29 AÑOS,1753
CUSCO,2019,ENTRE 30 Y 59 AÑOS,2897
CUSCO,2019,ENTRE 60 AÑOS A MÁS,201
CUSCO,2019,ENTRE 12 Y 17 AÑOS,0
CUSCO,2019,ENTRE 18 A 29 AÑOS,48
CUSCO,2019,ENTRE 30 Y 59 AÑOS,118
CUSCO,2019,ENTRE 60 AÑOS A MÁS,7
CUSCO,2019,LICENCIA PROFESIONAL,2390
CUSCO,2019,LICENCIA PARTICULAR,1650
CUSCO,2019,LICENCIA MILITAR,4
CUSCO,2019,SIN LICENCIA,553
CUSCO,2019,LICENCIA DE VEHÍCULO MENOR,532
CUSCO,2019,LICENCIA EXTRANJERA,10
CUSCO,2020,ENTRE 12 Y 17 AÑOS,14
CUSCO,2020,ENTRE 18 A 29 AÑOS,993
CUSCO,2020,ENTRE 30 Y 59 AÑOS,1777
CUSCO,2020,ENTRE 60 AÑOS A MÁS,124
CUSCO,2020,ENTRE 12 Y 17 AÑOS,1
CUSCO,2020,ENTRE 18 A 29 AÑOS,57
CUSCO,2020,ENTRE 30 Y 59 AÑOS,61
CUSCO,2020,ENTRE 60 AÑOS A MÁS,4
CUSCO,2020,LICENCIA PROFESIONAL,1474
CUSCO,2020,LICENCIA PARTICULAR,983
CUSCO,2020,LICENCIA MILITAR,7
CUSCO,2020,SIN LICENCIA,243
CUSCO,2020,LICENCIA DE VEHÍCULO MENOR,339
CUSCO,2020,LICENCIA EXTRANJERA,10
CUSCO,2021,ENTRE 12 Y 17 AÑOS,7
CUSCO,2021,ENTRE 18 A 29 AÑOS,1342
CUSCO,2021,ENTRE 30 Y 59 AÑOS,2379
CUSCO,2021,ENTRE 60 AÑOS A MÁS,137
CUSCO,2021,ENTRE 12 Y 17 AÑOS,3
CUSCO,2021,ENTRE 18 A 29 AÑOS,96
CUSCO,2021,ENTRE 30 Y 59 AÑOS,126
CUSCO,2021,ENTRE 60 AÑOS A MÁS,5
CUSCO,2021,LICENCIA PROFESIONAL,2024
CUSCO,2021,LICENCIA PARTICULAR,1176
CUSCO,2021,LICENCIA MILITAR,16
CUSCO,2021,SIN LICENCIA,301
CUSCO,2021,LICENCIA DE VEHÍCULO MENOR,585
CUSCO,2021,LICENCIA EXTRANJERA,17
CUSCO,2022,ENTRE 12 Y 17 AÑOS,10
CUSCO,2022,ENTRE 18 A 29 AÑOS,1494
CUSCO,2022,ENTRE 30 Y 59 AÑOS,2538
CUSCO,2022,ENTRE 60 AÑOS A MÁS,181
CUSCO,2022,ENTRE 12 Y 17 AÑOS,2
CUSCO,2022,ENTRE 18 A 29 AÑOS,78
CUSCO,2022,ENTRE 30 Y 59 AÑOS,136
CUSCO,2022,ENTRE 60 AÑOS A MÁS,13
CUSCO,2022,LICENCIA PROFESIONAL,2319
CUSCO,2022,LICENCIA PARTICULAR,1413
CUSCO,2022,LICENCIA MILITAR,21
CUSCO,2022,SIN LICENCIA,368
CUSCO,2022,LICENCIA DE VEHÍCULO MENOR,400
CUSCO,2022,LICENCIA EXTRANJERA,17
CUSCO,2023,ENTRE 12 Y 17 AÑOS,33
CUSCO,2023,ENTRE 18 A 29 AÑOS,1386
CUSCO,2023,ENTRE 30 Y 59 AÑOS,2350
CUSCO,2023,ENTRE 60 AÑOS A MÁS,172
CUSCO,2023,ENTRE 12 Y 17 AÑOS,1
CUSCO,2023,ENTRE 18 A 29 AÑOS,55
CUSCO,2023,ENTRE 30 Y 59 AÑOS,93
CUSCO,2023,ENTRE 60 AÑOS A MÁS,2
CUSCO,2023,LICENCIA PROFESIONAL,2069
CUSCO,2023,LICENCIA PARTICULAR,1318
CUSCO,2023,LICENCIA MILITAR,22
CUSCO,2023,SIN LICENCIA,403
CUSCO,2023,LICENCIA DE VEHÍCULO MENOR,3
CUSCO,2023,LICENCIA EXTRANJERA,379
CUSCO,2024,ENTRE 12 Y 17 AÑOS,15
CUSCO,2024,ENTRE 18 A 29 AÑOS,1398
CUSCO,2024,ENTRE 30 Y 59 AÑOS,2726
CUSCO,2024,ENTRE 60 AÑOS A MÁS,264
CUSCO,2024,ENTRE 12 Y 17 AÑOS,0
CUSCO,2024,ENTRE 18 A 29 AÑOS,54
CUSCO,2024,ENTRE 30 Y 59 AÑOS,87
CUSCO,2024,ENTRE 60 AÑOS A MÁS,2
CUSCO,2024,LICENCIA PROFESIONAL,1802
CUSCO,2024,LICENCIA PARTICULAR,2124
CUSCO,2024,LICENCIA MILITAR,7
CUSCO,2024,SIN LICENCIA,398
CUSCO,2024,LICENCIA DE VEHÍCULO MENOR,6
CUSCO,2024,LICENCIA EXTRANJERA,232
HUANCAVELICA,2008,MASCULINO MENOR DE 18 AÑOS,0
HUANCAVELICA,2008,MASCULINO MAYOR DE 18 AÑOS,48
HUANCAVELICA,2008,FEMENINO MENOR DE 18 AÑOS,0
HUANCAVELICA,2008,FEMENINO MAYOR DE 18 AÑOS,1
HUANCAVELICA,2008,LICENCIA PROFESIONAL,39
HUANCAVELICA,2008,LICENCIA PARTICULAR,4
HUANCAVELICA,2008,LICENCIA MILITAR,0
HUANCAVELICA,2008,SIN LICENCIA,6
HUANCAVELICA,2008,OTROS (NO TIENE LICENCIA O NO CORRESPONDE AL TIPO DE VEHÍCULO),0
HUANCAVELICA,2009,MASCULINO MENOR DE 18 AÑOS,5
HUANCAVELICA,2009,MASCULINO MAYOR DE 18 AÑOS,53
HUANCAVELICA,2009,FEMENINO MENOR DE 18 AÑOS,0
HUANCAVELICA,2009,FEMENINO MAYOR DE 18 AÑOS,3
HUANCAVELICA,2009,LICENCIA PROFESIONAL,32
HUANCAVELICA,2009,LICENCIA PARTICULAR,19
HUANCAVELICA,2009,LICENCIA MILITAR,0
HUANCAVELICA,2009,SIN LICENCIA,9
HUANCAVELICA,2009,OTROS (NO TIENE LICENCIA O NO CORRESPONDE AL TIPO DE VEHÍCULO),1
HUANCAVELICA,2010,MASCULINO MENOR DE 18 AÑOS,1
HUANCAVELICA,2010,MASCULINO ENTRE 19 A 25 AÑOS,30
HUANCAVELICA,2010,MASCULINO ENTRE 26 Y 60 AÑOS,49
HUANCAVELICA,2010,MASCULINO ENTRE 60 AÑOS A MÁS,5
HUANCAVELICA,2010,FEMENINO MENOR DE 18 AÑOS,0
HUANCAVELICA,2010,FEMENINO ENTRE 19 A 25 AÑOS,0
HUANCAVELICA,2010,FEMENINO ENTRE 26 A 60 AÑOS,0
HUANCAVELICA,2010,FEMENINO ENTRE 60 AÑOS A MÁS,0
HUANCAVELICA,2010,LICENCIA PROFESIONAL,41
HUANCAVELICA,2010,LICENCIA PARTICULAR,37
HUANCAVELICA,2010,LICENCIA MILITAR,0
HUANCAVELICA,2010,SIN LICENCIA,6
HUANCAVELICA,2010,OTROS (NO TIENE LICENCIA O NO CORRESPONDE AL TIPO DE VEHÍCULO),1
HUANCAVELICA,2011,MASCULINO MENOR DE 18 AÑOS,0
HUANCAVELICA,2011,MASCULINO ENTRE 19 A 25 AÑOS,22
HUANCAVELICA,2011,MASCULINO ENTRE 26 Y 60 AÑOS,33
HUANCAVELICA,2011,MASCULINO ENTRE 60 AÑOS A MÁS,0
HUANCAVELICA,2011,FEMENINO MENOR DE 18 AÑOS,0
HUANCAVELICA,2011,FEMENINO ENTRE 19 A 25 AÑOS,0
HUANCAVELICA,2011,FEMENINO ENTRE 26 A 60 AÑOS,0
HUANCAVELICA,2011,FEMENINO ENTRE 60 AÑOS A MÁS,0
HUANCAVELICA,2011,LICENCIA PROFESIONAL,23
HUANCAVELICA,2011,LICENCIA PARTICULAR,12
HUANCAVELICA,2011,LICENCIA MILITAR,0
HUANCAVELICA,2011,SIN LICENCIA,18
HUANCAVELICA,2011,OTROS (NO TIENE LICENCIA O NO CORRESPONDE AL TIPO DE VEHÍCULO),2
HUANCAVELICA,2012,MASCULINO MENOR DE 18 AÑOS,3
HUANCAVELICA,2012,MASCULINO ENTRE 19 A 25 AÑOS,17
HUANCAVELICA,2012,MASCULINO ENTRE 26 Y 60 AÑOS,150
HUANCAVELICA,2012,MASCULINO ENTRE 60 AÑOS A MÁS,16
HUANCAVELICA,2012,FEMENINO MENOR DE 18 AÑOS,0
HUANCAVELICA,2012,FEMENINO ENTRE 19 A 25 AÑOS,0
HUANCAVELICA,2012,FEMENINO ENTRE 26 A 60 AÑOS,0
HUANCAVELICA,2012,FEMENINO ENTRE 60 AÑOS A MÁS,0
HUANCAVELICA,2012,LICENCIA PROFESIONAL,124
HUANCAVELICA,2012,LICENCIA PARTICULAR,54
HUANCAVELICA,2012,LICENCIA MILITAR,0
HUANCAVELICA,2012,SIN LICENCIA,7
HUANCAVELICA,2012,OTROS (NO TIENE LICENCIA O NO CORRESPONDE AL TIPO DE VEHÍCULO),1
HUANCAVELICA,2013,MASCULINO MENOR DE 18 AÑOS,5
HUANCAVELICA,2013,MASCULINO ENTRE 19 A 25 AÑOS,22
HUANCAVELICA,2013,MASCULINO ENTRE 26 Y 60 AÑOS,67
HUANCAVELICA,2013,MASCULINO ENTRE 60 AÑOS A MÁS,1
HUANCAVELICA,2013,FEMENINO MENOR DE 18 AÑOS,0
HUANCAVELICA,2013,FEMENINO ENTRE 19 A 25 AÑOS,2
HUANCAVELICA,2013,FEMENINO ENTRE 26 A 60 AÑOS,0
HUANCAVELICA,2013,FEMENINO ENTRE 60 AÑOS A MÁS,3
HUANCAVELICA,2013,LICENCIA PROFESIONAL,47
HUANCAVELICA,2013,LICENCIA PARTICULAR,34
HUANCAVELICA,2013,LICENCIA MILITAR,0
HUANCAVELICA,2013,SIN LICENCIA,8
HUANCAVELICA,2013,OTROS (NO TIENE LICENCIA O NO CORRESPONDE AL TIPO DE VEHÍCULO),11
HUANCAVELICA,2014,MASCULINO MENOR DE 18 AÑOS,5
HUANCAVELICA,2014,MASCULINO ENTRE 19 A 25 AÑOS,28
HUANCAVELICA,2014,MASCULINO ENTRE 26 Y 60 AÑOS,188
HUANCAVELICA,2014,MASCULINO ENTRE 60 AÑOS A MÁS,6
HUANCAVELICA,2014,FEMENINO MENOR DE 18 AÑOS,0
HUANCAVELICA,2014,FEMENINO ENTRE 19 A 25 AÑOS,3
HUANCAVELICA,2014,FEMENINO ENTRE 26 A 60 AÑOS,5
HUANCAVELICA,2014,FEMENINO ENTRE 60 AÑOS A MÁS,1
HUANCAVELICA,2014,LICENCIA PROFESIONAL,80
HUANCAVELICA,2014,LICENCIA PARTICULAR,54
HUANCAVELICA,2014,LICENCIA MILITAR,0
HUANCAVELICA,2014,SIN LICENCIA,9
HUANCAVELICA,2014,OTROS (NO TIENE LICENCIA O NO CORRESPONDE AL TIPO DE VEHÍCULO),93
HUANCAVELICA,2015,MASCULINO MENOR DE 18 AÑOS,0
HUANCAVELICA,2015,MASCULINO ENTRE 19 A 25 AÑOS,54
HUANCAVELICA,2015,MASCULINO ENTRE 26 Y 60 AÑOS,191
HUANCAVELICA,2015,MASCULINO ENTRE 60 AÑOS A MÁS,21
HUANCAVELICA,2015,FEMENINO MENOR DE 18 AÑOS,0
HUANCAVELICA,2015,FEMENINO ENTRE 19 A 25 AÑOS,2
HUANCAVELICA,2015,FEMENINO ENTRE 26 A 60 AÑOS,5
HUANCAVELICA,2015,FEMENINO ENTRE 60 AÑOS A MÁS,0
HUANCAVELICA,2015,SE DESCONOCE POR FUGA,1
HUANCAVELICA,2015,LICENCIA PROFESIONAL,95
HUANCAVELICA,2015,LICENCIA PARTICULAR,124
HUANCAVELICA,2015,LICENCIA MILITAR,0
HUANCAVELICA,2015,SIN LICENCIA,36
HUANCAVELICA,2015,LICENCIA DE VEHÍCULO MENOR,4
HUANCAVELICA,2015,LICENCIA EXTRANJERA,1
HUANCAVELICA,2015,OTROS (NO TIENE LICENCIA O NO CORRESPONDE AL TIPO DE VEHÍCULO),14
HUANCAVELICA,2016,MASCULINO MENOR DE 18 AÑOS,7
HUANCAVELICA,2016,MASCULINO ENTRE 19 A 25 AÑOS,45
HUANCAVELICA,2016,MASCULINO ENTRE 26 Y 60 AÑOS,231
HUANCAVELICA,2016,MASCULINO ENTRE 60 AÑOS A MÁS,27
HUANCAVELICA,2016,FEMENINO MENOR DE 18 AÑOS,0
HUANCAVELICA,2016,FEMENINO ENTRE 19 A 25 AÑOS,0
HUANCAVELICA,2016,FEMENINO ENTRE 26 A 60 AÑOS,6
HUANCAVELICA,2016,FEMENINO ENTRE 60 AÑOS A MÁS,6
HUANCAVELICA,2016,SE DESCONOCE POR FUGA,3
HUANCAVELICA,2016,LICENCIA PROFESIONAL,107
HUANCAVELICA,2016,LICENCIA PARTICULAR,154
HUANCAVELICA,2016,LICENCIA MILITAR,0
HUANCAVELICA,2016,SIN LICENCIA,35
HUANCAVELICA,2016,LICENCIA DE VEHÍCULO MENOR,7
HUANCAVELICA,2016,LICENCIA EXTRANJERA,0
HUANCAVELICA,2016,OTROS (NO TIENE LICENCIA O NO CORRESPONDE AL TIPO DE VEHÍCULO),22
HUANCAVELICA,2017,MASCULINO MENOR ENTRE 13 Y 18 AÑOS,10
HUANCAVELICA,2017,MASCULINO ENTRE 19 A 25 AÑOS,40
HUANCAVELICA,2017,MASCULINO ENTRE 26 Y 60 AÑOS,150
HUANCAVELICA,2017,MASCULINO ENTRE 60 AÑOS A MÁS,19
HUANCAVELICA,2017,FEMENINO MENOR ENTRE 13 Y 18 AÑOS,4
HUANCAVELICA,2017,FEMENINO ENTRE 19 A 25 AÑOS,2
HUANCAVELICA,2017,FEMENINO ENTRE 26 A 60 AÑOS,6
HUANCAVELICA,2017,FEMENINO ENTRE 60 AÑOS A MÁS,0
HUANCAVELICA,2017,SE DESCONOCE POR FUGA,20
HUANCAVELICA,2017,LICENCIA PROFESIONAL,77
HUANCAVELICA,2017,LICENCIA PARTICULAR,114
HUANCAVELICA,2017,LICENCIA MILITAR,0
HUANCAVELICA,2017,SIN LICENCIA,27
HUANCAVELICA,2017,LICENCIA DE VEHÍCULO MENOR,7
HUANCAVELICA,2017,LICENCIA EXTRANJERA,0
HUANCAVELICA,2017,OTROS (NO TIENE LICENCIA O NO CORRESPONDE AL TIPO DE VEHÍCULO),26
HUANCAVELICA,2018,ENTRE 12 Y 17 AÑOS,1
HUANCAVELICA,2018,ENTRE 18 A 29 AÑOS,88
HUANCAVELICA,2018,ENTRE 30 Y 59 AÑOS,166
HUANCAVELICA,2018,ENTRE 60 AÑOS A MÁS,6
HUANCAVELICA,2018,ENTRE 12 Y 17 AÑOS,0
HUANCAVELICA,2018,ENTRE 18 A 29 AÑOS,3
HUANCAVELICA,2018,ENTRE 30 Y 59 AÑOS,1
HUANCAVELICA,2018,ENTRE 60 AÑOS A MÁS,0
HUANCAVELICA,2018,LICENCIA PROFESIONAL,78
HUANCAVELICA,2018,LICENCIA PARTICULAR,155
HUANCAVELICA,2018,LICENCIA MILITAR,1
HUANCAVELICA,2018,SIN LICENCIA,33
HUANCAVELICA,2018,LICENCIA DE VEHÍCULO MENOR,7
HUANCAVELICA,2018,LICENCIA EXTRANJERA,0
HUANCAVELICA,2019,ENTRE 12 Y 17 AÑOS,12
HUANCAVELICA,2019,ENTRE 18 A 29 AÑOS,104
HUANCAVELICA,2019,ENTRE 30 Y 59 AÑOS,174
HUANCAVELICA,2019,ENTRE 60 AÑOS A MÁS,14
HUANCAVELICA,2019,ENTRE 12 Y 17 AÑOS,0
HUANCAVELICA,2019,ENTRE 18 A 29 AÑOS,4
HUANCAVELICA,2019,ENTRE 30 Y 59 AÑOS,3
HUANCAVELICA,2019,ENTRE 60 AÑOS A MÁS,0
HUANCAVELICA,2019,LICENCIA PROFESIONAL,93
HUANCAVELICA,2019,LICENCIA PARTICULAR,191
HUANCAVELICA,2019,LICENCIA MILITAR,0
HUANCAVELICA,2019,SIN LICENCIA,25
HUANCAVELICA,2019,LICENCIA DE VEHÍCULO MENOR,4
HUANCAVELICA,2019,LICENCIA EXTRANJERA,0
HUANCAVELICA,2020,ENTRE 12 Y 17 AÑOS,0
HUANCAVELICA,2020,ENTRE 18 A 29 AÑOS,57
HUANCAVELICA,2020,ENTRE 30 Y 59 AÑOS,128
HUANCAVELICA,2020,ENTRE 60 AÑOS A MÁS,4
HUANCAVELICA,2020,ENTRE 12 Y 17 AÑOS,0
HUANCAVELICA,2020,ENTRE 18 A 29 AÑOS,1
HUANCAVELICA,2020,ENTRE 30 Y 59 AÑOS,1
HUANCAVELICA,2020,ENTRE 60 AÑOS A MÁS,0
HUANCAVELICA,2020,LICENCIA PROFESIONAL,57
HUANCAVELICA,2020,LICENCIA PARTICULAR,120
HUANCAVELICA,2020,LICENCIA MILITAR,1
HUANCAVELICA,2020,SIN LICENCIA,12
HUANCAVELICA,2020,LICENCIA DE VEHÍCULO MENOR,3
HUANCAVELICA,2020,LICENCIA EXTRANJERA,0
HUANCAVELICA,2021,ENTRE 12 Y 17 AÑOS,4
HUANCAVELICA,2021,ENTRE 18 A 29 AÑOS,95
HUANCAVELICA,2021,ENTRE 30 Y 59 AÑOS,174
HUANCAVELICA,2021,ENTRE 60 AÑOS A MÁS,9
HUANCAVELICA,2021,ENTRE 12 Y 17 AÑOS,0
HUANCAVELICA,2021,ENTRE 18 A 29 AÑOS,1
HUANCAVELICA,2021,ENTRE 30 Y 59 AÑOS,5
HUANCAVELICA,2021,ENTRE 60 AÑOS A MÁS,0
HUANCAVELICA,2021,LICENCIA PROFESIONAL,71
HUANCAVELICA,2021,LICENCIA PARTICULAR,148
HUANCAVELICA,2021,LICENCIA MILITAR,4
HUANCAVELICA,2021,SIN LICENCIA,64
HUANCAVELICA,2021,LICENCIA DE VEHÍCULO MENOR,2
HUANCAVELICA,2021,LICENCIA EXTRANJERA,1
HUANCAVELICA,2022,ENTRE 12 Y 17 AÑOS,5
HUANCAVELICA,2022,ENTRE 18 A 29 AÑOS,72
HUANCAVELICA,2022,ENTRE 30 Y 59 AÑOS,143
HUANCAVELICA,2022,ENTRE 60 AÑOS A MÁS,4
HUANCAVELICA,2022,ENTRE 12 Y 17 AÑOS,0
HUANCAVELICA,2022,ENTRE 18 A 29 AÑOS,3
HUANCAVELICA,2022,ENTRE 30 Y 59 AÑOS,9
HUANCAVELICA,2022,ENTRE 60 AÑOS A MÁS,0
HUANCAVELICA,2022,LICENCIA PROFESIONAL,152
HUANCAVELICA,2022,LICENCIA PARTICULAR,12
HUANCAVELICA,2022,LICENCIA MILITAR,3
HUANCAVELICA,2022,SIN LICENCIA,68
HUANCAVELICA,2022,LICENCIA DE VEHÍCULO MENOR,1
HUANCAVELICA,2022,LICENCIA EXTRANJERA,1
HUANCAVELICA,2023,ENTRE 12 Y 17 AÑOS,4
HUANCAVELICA,2023,ENTRE 18 A 29 AÑOS,106
HUANCAVELICA,2023,ENTRE 30 Y 59 AÑOS,154
HUANCAVELICA,2023,ENTRE 60 AÑOS A MÁS,7
HUANCAVELICA,2023,ENTRE 12 Y 17 AÑOS,0
HUANCAVELICA,2023,ENTRE 18 A 29 AÑOS,1
HUANCAVELICA,2023,ENTRE 30 Y 59 AÑOS,1
HUANCAVELICA,2023,ENTRE 60 AÑOS A MÁS,0
HUANCAVELICA,2023,LICENCIA PROFESIONAL,197
HUANCAVELICA,2023,LICENCIA PARTICULAR,39
HUANCAVELICA,2023,LICENCIA MILITAR,0
HUANCAVELICA,2023,SIN LICENCIA,14
HUANCAVELICA,2023,LICENCIA DE VEHÍCULO MENOR,1
HUANCAVELICA,2023,LICENCIA EXTRANJERA,27
HUANCAVELICA,2024,ENTRE 12 Y 17 AÑOS,0
HUANCAVELICA,2024,ENTRE 18 A 29 AÑOS,75
HUANCAVELICA,2024,ENTRE 30 Y 59 AÑOS,154
HUANCAVELICA,2024,ENTRE 60 AÑOS A MÁS,8
HUANCAVELICA,2024,ENTRE 12 Y 17 AÑOS,0
HUANCAVELICA,2024,ENTRE 18 A 29 AÑOS,4
HUANCAVELICA,2024,ENTRE 30 Y 59 AÑOS,3
HUANCAVELICA,2024,ENTRE 60 AÑOS A MÁS,0
HUANCAVELICA,2024,LICENCIA PROFESIONAL,147
HUANCAVELICA,2024,LICENCIA PARTICULAR,30
HUANCAVELICA,2024,LICENCIA MILITAR,1
HUANCAVELICA,2024,SIN LICENCIA,0
HUANCAVELICA,2024,LICENCIA DE VEHÍCULO MENOR,2
HUANCAVELICA,2024,LICENCIA EXTRANJERA,66
HUANUCO,2008,MASCULINO MENOR DE 18 AÑOS,28
HUANUCO,2008,MASCULINO MAYOR DE 18 AÑOS,432
HUANUCO,2008,FEMENINO MENOR DE 18 AÑOS,0
HUANUCO,2008,FEMENINO MAYOR DE 18 AÑOS,48
HUANUCO,2008,LICENCIA PROFESIONAL,326
HUANUCO,2008,LICENCIA PARTICULAR,51
HUANUCO,2008,LICENCIA MILITAR,1
HUANUCO,2008,SIN LICENCIA,109
HUANUCO,2008,OTROS (NO TIENE LICENCIA O NO CORRESPONDE AL TIPO DE VEHÍCULO),21
HUANUCO,2009,MASCULINO MENOR DE 18 AÑOS,49
HUANUCO,2009,MASCULINO MAYOR DE 18 AÑOS,679
HUANUCO,2009,FEMENINO MENOR DE 18 AÑOS,4
HUANUCO,2009,FEMENINO MAYOR DE 18 AÑOS,62
HUANUCO,2009,LICENCIA PROFESIONAL,494
HUANUCO,2009,LICENCIA PARTICULAR,198
HUANUCO,2009,LICENCIA MILITAR,0
HUANUCO,2009,SIN LICENCIA,89
HUANUCO,2009,OTROS (NO TIENE LICENCIA O NO CORRESPONDE AL TIPO DE VEHÍCULO),13
HUANUCO,2010,MASCULINO MENOR DE 18 AÑOS,0
HUANUCO,2010,MASCULINO ENTRE 19 A 25 AÑOS,231
HUANUCO,2010,MASCULINO ENTRE 26 Y 60 AÑOS,630
HUANUCO,2010,MASCULINO ENTRE 60 AÑOS A MÁS,8
HUANUCO,2010,FEMENINO MENOR DE 18 AÑOS,2
HUANUCO,2010,FEMENINO ENTRE 19 A 25 AÑOS,10
HUANUCO,2010,FEMENINO ENTRE 26 A 60 AÑOS,16
HUANUCO,2010,FEMENINO ENTRE 60 AÑOS A MÁS,1
HUANUCO,2010,LICENCIA PROFESIONAL,713
HUANUCO,2010,LICENCIA PARTICULAR,161
HUANUCO,2010,LICENCIA MILITAR,1
HUANUCO,2010,SIN LICENCIA,18
HUANUCO,2010,OTROS (NO TIENE LICENCIA O NO CORRESPONDE AL TIPO DE VEHÍCULO),5
HUANUCO,2011,MASCULINO MENOR DE 18 AÑOS,258
HUANUCO,2011,MASCULINO ENTRE 19 A 25 AÑOS,386
HUANUCO,2011,MASCULINO ENTRE 26 Y 60 AÑOS,689
HUANUCO,2011,MASCULINO ENTRE 60 AÑOS A MÁS,29
HUANUCO,2011,FEMENINO MENOR DE 18 AÑOS,2
HUANUCO,2011,FEMENINO ENTRE 19 A 25 AÑOS,11
HUANUCO,2011,FEMENINO ENTRE 26 A 60 AÑOS,3
HUANUCO,2011,FEMENINO ENTRE 60 AÑOS A MÁS,0
HUANUCO,2011,LICENCIA PROFESIONAL,914
HUANUCO,2011,LICENCIA PARTICULAR,275
HUANUCO,2011,LICENCIA MILITAR,12
HUANUCO,2011,SIN LICENCIA,112
HUANUCO,2011,OTROS (NO TIENE LICENCIA O NO CORRESPONDE AL TIPO DE VEHÍCULO),67
HUANUCO,2012,MASCULINO MENOR DE 18 AÑOS,64
HUANUCO,2012,MASCULINO ENTRE 19 A 25 AÑOS,541
HUANUCO,2012,MASCULINO ENTRE 26 Y 60 AÑOS,1078
HUANUCO,2012,MASCULINO ENTRE 60 AÑOS A MÁS,78
HUANUCO,2012,FEMENINO MENOR DE 18 AÑOS,2
HUANUCO,2012,FEMENINO ENTRE 19 A 25 AÑOS,11
HUANUCO,2012,FEMENINO ENTRE 26 A 60 AÑOS,8
HUANUCO,2012,FEMENINO ENTRE 60 AÑOS A MÁS,1
HUANUCO,2012,LICENCIA PROFESIONAL,1258
HUANUCO,2012,LICENCIA PARTICULAR,330
HUANUCO,2012,LICENCIA MILITAR,12
HUANUCO,2012,SIN LICENCIA,155
HUANUCO,2012,OTROS (NO TIENE LICENCIA O NO CORRESPONDE AL TIPO DE VEHÍCULO),28
HUANUCO,2013,MASCULINO MENOR DE 18 AÑOS,26
HUANUCO,2013,MASCULINO ENTRE 19 A 25 AÑOS,699
HUANUCO,2013,MASCULINO ENTRE 26 Y 60 AÑOS,1595
HUANUCO,2013,MASCULINO ENTRE 60 AÑOS A MÁS,210
HUANUCO,2013,FEMENINO MENOR DE 18 AÑOS,0
HUANUCO,2013,FEMENINO ENTRE 19 A 25 AÑOS,20
HUANUCO,2013,FEMENINO ENTRE 26 A 60 AÑOS,5
HUANUCO,2013,FEMENINO ENTRE 60 AÑOS A MÁS,0
HUANUCO,2013,LICENCIA PROFESIONAL,1362
HUANUCO,2013,LICENCIA PARTICULAR,487
HUANUCO,2013,LICENCIA MILITAR,2
HUANUCO,2013,SIN LICENCIA,295
HUANUCO,2013,OTROS (NO TIENE LICENCIA O NO CORRESPONDE AL TIPO DE VEHÍCULO),411
HUANUCO,2014,MASCULINO MENOR DE 18 AÑOS,57
HUANUCO,2014,MASCULINO ENTRE 19 A 25 AÑOS,2380
HUANUCO,2014,MASCULINO ENTRE 26 Y 60 AÑOS,3730
HUANUCO,2014,MASCULINO ENTRE 60 AÑOS A MÁS,221
HUANUCO,2014,FEMENINO MENOR DE 18 AÑOS,1
HUANUCO,2014,FEMENINO ENTRE 19 A 25 AÑOS,23
HUANUCO,2014,FEMENINO ENTRE 26 A 60 AÑOS,55
HUANUCO,2014,FEMENINO ENTRE 60 AÑOS A MÁS,28
HUANUCO,2014,LICENCIA PROFESIONAL,3693
HUANUCO,2014,LICENCIA PARTICULAR,1434
HUANUCO,2014,LICENCIA MILITAR,14
HUANUCO,2014,SIN LICENCIA,229
HUANUCO,2014,OTROS (NO TIENE LICENCIA O NO CORRESPONDE AL TIPO DE VEHÍCULO),1125
HUANUCO,2015,MASCULINO MENOR DE 18 AÑOS,17
HUANUCO,2015,MASCULINO ENTRE 19 A 25 AÑOS,1669
HUANUCO,2015,MASCULINO ENTRE 26 Y 60 AÑOS,2746
HUANUCO,2015,MASCULINO ENTRE 60 AÑOS A MÁS,79
HUANUCO,2015,FEMENINO MENOR DE 18 AÑOS,2
HUANUCO,2015,FEMENINO ENTRE 19 A 25 AÑOS,13
HUANUCO,2015,FEMENINO ENTRE 26 A 60 AÑOS,28
HUANUCO,2015,FEMENINO ENTRE 60 AÑOS A MÁS,6
HUANUCO,2015,SE DESCONOCE POR FUGA,15
HUANUCO,2015,LICENCIA PROFESIONAL,2825
HUANUCO,2015,LICENCIA PARTICULAR,988
HUANUCO,2015,LICENCIA MILITAR,1
HUANUCO,2015,SIN LICENCIA,112
HUANUCO,2015,LICENCIA DE VEHÍCULO MENOR,632
HUANUCO,2015,LICENCIA EXTRANJERA,0
HUANUCO,2015,OTROS (NO TIENE LICENCIA O NO CORRESPONDE AL TIPO DE VEHÍCULO),17
HUANUCO,2016,MASCULINO MENOR DE 18 AÑOS,1
HUANUCO,2016,MASCULINO ENTRE 19 A 25 AÑOS,1337
HUANUCO,2016,MASCULINO ENTRE 26 Y 60 AÑOS,2287
HUANUCO,2016,MASCULINO ENTRE 60 AÑOS A MÁS,285
HUANUCO,2016,FEMENINO MENOR DE 18 AÑOS,0
HUANUCO,2016,FEMENINO ENTRE 19 A 25 AÑOS,2
HUANUCO,2016,FEMENINO ENTRE 26 A 60 AÑOS,7
HUANUCO,2016,FEMENINO ENTRE 60 AÑOS A MÁS,0
HUANUCO,2016,SE DESCONOCE POR FUGA,8
HUANUCO,2016,LICENCIA PROFESIONAL,2523
HUANUCO,2016,LICENCIA PARTICULAR,1034
HUANUCO,2016,LICENCIA MILITAR,1
HUANUCO,2016,SIN LICENCIA,2
HUANUCO,2016,LICENCIA DE VEHÍCULO MENOR,359
HUANUCO,2016,LICENCIA EXTRANJERA,0
HUANUCO,2016,OTROS (NO TIENE LICENCIA O NO CORRESPONDE AL TIPO DE VEHÍCULO),8
HUANUCO,2017,MASCULINO MENOR ENTRE 13 Y 18 AÑOS,11
HUANUCO,2017,MASCULINO ENTRE 19 A 25 AÑOS,778
HUANUCO,2017,MASCULINO ENTRE 26 Y 60 AÑOS,2264
HUANUCO,2017,MASCULINO ENTRE 60 AÑOS A MÁS,116
HUANUCO,2017,FEMENINO MENOR ENTRE 13 Y 18 AÑOS,1
HUANUCO,2017,FEMENINO ENTRE 19 A 25 AÑOS,17
HUANUCO,2017,FEMENINO ENTRE 26 A 60 AÑOS,28
HUANUCO,2017,FEMENINO ENTRE 60 AÑOS A MÁS,1
HUANUCO,2017,SE DESCONOCE POR FUGA,45
HUANUCO,2017,LICENCIA PROFESIONAL,1739
HUANUCO,2017,LICENCIA PARTICULAR,1068
HUANUCO,2017,LICENCIA MILITAR,1
HUANUCO,2017,SIN LICENCIA,51
HUANUCO,2017,LICENCIA DE VEHÍCULO MENOR,363
HUANUCO,2017,LICENCIA EXTRANJERA,0
HUANUCO,2017,OTROS (NO TIENE LICENCIA O NO CORRESPONDE AL TIPO DE VEHÍCULO),39
HUANUCO,2018,ENTRE 12 Y 17 AÑOS,11
HUANUCO,2018,ENTRE 18 A 29 AÑOS,357
HUANUCO,2018,ENTRE 30 Y 59 AÑOS,727
HUANUCO,2018,ENTRE 60 AÑOS A MÁS,25
HUANUCO,2018,ENTRE 12 Y 17 AÑOS,1
HUANUCO,2018,ENTRE 18 A 29 AÑOS,20
HUANUCO,2018,ENTRE 30 Y 59 AÑOS,25
HUANUCO,2018,ENTRE 60 AÑOS A MÁS,4
HUANUCO,2018,LICENCIA PROFESIONAL,371
HUANUCO,2018,LICENCIA PARTICULAR,391
HUANUCO,2018,LICENCIA MILITAR,6
HUANUCO,2018,SIN LICENCIA,129
HUANUCO,2018,LICENCIA DE VEHÍCULO MENOR,274
HUANUCO,2018,LICENCIA EXTRANJERA,0
HUANUCO,2019,ENTRE 12 Y 17 AÑOS,27
HUANUCO,2019,ENTRE 18 A 29 AÑOS,671
HUANUCO,2019,ENTRE 30 Y 59 AÑOS,723
HUANUCO,2019,ENTRE 60 AÑOS A MÁS,59
HUANUCO,2019,ENTRE 12 Y 17 AÑOS,7
HUANUCO,2019,ENTRE 18 A 29 AÑOS,42
HUANUCO,2019,ENTRE 30 Y 59 AÑOS,46
HUANUCO,2019,ENTRE 60 AÑOS A MÁS,5
HUANUCO,2019,LICENCIA PROFESIONAL,479
HUANUCO,2019,LICENCIA PARTICULAR,448
HUANUCO,2019,LICENCIA MILITAR,61
HUANUCO,2019,SIN LICENCIA,235
HUANUCO,2019,LICENCIA DE VEHÍCULO MENOR,363
HUANUCO,2019,LICENCIA EXTRANJERA,3
HUANUCO,2020,ENTRE 12 Y 17 AÑOS,28
HUANUCO,2020,ENTRE 18 A 29 AÑOS,387
HUANUCO,2020,ENTRE 30 Y 59 AÑOS,583
HUANUCO,2020,ENTRE 60 AÑOS A MÁS,35
HUANUCO,2020,ENTRE 12 Y 17 AÑOS,2
HUANUCO,2020,ENTRE 18 A 29 AÑOS,29
HUANUCO,2020,ENTRE 30 Y 59 AÑOS,27
HUANUCO,2020,ENTRE 60 AÑOS A MÁS,3
HUANUCO,2020,LICENCIA PROFESIONAL,266
HUANUCO,2020,LICENCIA PARTICULAR,300
HUANUCO,2020,LICENCIA MILITAR,1
HUANUCO,2020,SIN LICENCIA,238
HUANUCO,2020,LICENCIA DE VEHÍCULO MENOR,304
HUANUCO,2020,LICENCIA EXTRANJERA,1
HUANUCO,2021,ENTRE 12 Y 17 AÑOS,31
HUANUCO,2021,ENTRE 18 A 29 AÑOS,554
HUANUCO,2021,ENTRE 30 Y 59 AÑOS,919
HUANUCO,2021,ENTRE 60 AÑOS A MÁS,100
HUANUCO,2021,ENTRE 12 Y 17 AÑOS,2
HUANUCO,2021,ENTRE 18 A 29 AÑOS,42
HUANUCO,2021,ENTRE 30 Y 59 AÑOS,41
HUANUCO,2021,ENTRE 60 AÑOS A MÁS,8
HUANUCO,2021,LICENCIA PROFESIONAL,307
HUANUCO,2021,LICENCIA PARTICULAR,528
HUANUCO,2021,LICENCIA MILITAR,12
HUANUCO,2021,SIN LICENCIA,398
HUANUCO,2021,LICENCIA DE VEHÍCULO MENOR,497
HUANUCO,2021,LICENCIA EXTRANJERA,3
HUANUCO,2022,ENTRE 12 Y 17 AÑOS,26
HUANUCO,2022,ENTRE 18 A 29 AÑOS,581
HUANUCO,2022,ENTRE 30 Y 59 AÑOS,975
HUANUCO,2022,ENTRE 60 AÑOS A MÁS,135
HUANUCO,2022,ENTRE 12 Y 17 AÑOS,2
HUANUCO,2022,ENTRE 18 A 29 AÑOS,20
HUANUCO,2022,ENTRE 30 Y 59 AÑOS,34
HUANUCO,2022,ENTRE 60 AÑOS A MÁS,0
HUANUCO,2022,LICENCIA PROFESIONAL,377
HUANUCO,2022,LICENCIA PARTICULAR,675
HUANUCO,2022,LICENCIA MILITAR,43
HUANUCO,2022,SIN LICENCIA,347
HUANUCO,2022,LICENCIA DE VEHÍCULO MENOR,353
HUANUCO,2022,LICENCIA EXTRANJERA,11
HUANUCO,2023,ENTRE 12 Y 17 AÑOS,32
HUANUCO,2023,ENTRE 18 A 29 AÑOS,708
HUANUCO,2023,ENTRE 30 Y 59 AÑOS,942
HUANUCO,2023,ENTRE 60 AÑOS A MÁS,136
HUANUCO,2023,ENTRE 12 Y 17 AÑOS,4
HUANUCO,2023,ENTRE 18 A 29 AÑOS,33
HUANUCO,2023,ENTRE 30 Y 59 AÑOS,50
HUANUCO,2023,ENTRE 60 AÑOS A MÁS,4
HUANUCO,2023,LICENCIA PROFESIONAL,252
HUANUCO,2023,LICENCIA PARTICULAR,980
HUANUCO,2023,LICENCIA MILITAR,24
HUANUCO,2023,SIN LICENCIA,348
HUANUCO,2023,LICENCIA DE VEHÍCULO MENOR,11
HUANUCO,2023,LICENCIA EXTRANJERA,322
HUANUCO,2024,ENTRE 12 Y 17 AÑOS,24
HUANUCO,2024,ENTRE 18 A 29 AÑOS,506
HUANUCO,2024,ENTRE 30 Y 59 AÑOS,868
HUANUCO,2024,ENTRE 60 AÑOS A MÁS,110
HUANUCO,2024,ENTRE 12 Y 17 AÑOS,4
HUANUCO,2024,ENTRE 18 A 29 AÑOS,42
HUANUCO,2024,ENTRE 30 Y 59 AÑOS,32
HUANUCO,2024,ENTRE 60 AÑOS A MÁS,4
HUANUCO,2024,LICENCIA PROFESIONAL,275
HUANUCO,2024,LICENCIA PARTICULAR,776
HUANUCO,2024,LICENCIA MILITAR,9
HUANUCO,2024,SIN LICENCIA,182
HUANUCO,2024,LICENCIA DE VEHÍCULO MENOR,0
HUANUCO,2024,LICENCIA EXTRANJERA,357
ICA,2008,MASCULINO MENOR DE 18 AÑOS,66
ICA,2008,MASCULINO MAYOR DE 18 AÑOS,2016
ICA,2008,FEMENINO MENOR DE 18 AÑOS,2
ICA,2008,FEMENINO MAYOR DE 18 AÑOS,30
ICA,2008,LICENCIA PROFESIONAL,832
ICA,2008,LICENCIA PARTICULAR,1050
ICA,2008,LICENCIA MILITAR,2
ICA,2008,SIN LICENCIA,190
ICA,2008,OTROS (NO TIENE LICENCIA O NO CORRESPONDE AL TIPO DE VEHÍCULO),40
ICA,2009,MASCULINO MENOR DE 18 AÑOS,57
ICA,2009,MASCULINO MAYOR DE 18 AÑOS,1979
ICA,2009,FEMENINO MENOR DE 18 AÑOS,3
ICA,2009,FEMENINO MAYOR DE 18 AÑOS,44
ICA,2009,LICENCIA PROFESIONAL,754
ICA,2009,LICENCIA PARTICULAR,990
ICA,2009,LICENCIA MILITAR,9
ICA,2009,SIN LICENCIA,259
ICA,2009,OTROS (NO TIENE LICENCIA O NO CORRESPONDE AL TIPO DE VEHÍCULO),71
ICA,2010,MASCULINO MENOR DE 18 AÑOS,117
ICA,2010,MASCULINO ENTRE 19 A 25 AÑOS,682
ICA,2010,MASCULINO ENTRE 26 Y 60 AÑOS,1147
ICA,2010,MASCULINO ENTRE 60 AÑOS A MÁS,134
ICA,2010,FEMENINO MENOR DE 18 AÑOS,8
ICA,2010,FEMENINO ENTRE 19 A 25 AÑOS,22
ICA,2010,FEMENINO ENTRE 26 A 60 AÑOS,13
ICA,2010,FEMENINO ENTRE 60 AÑOS A MÁS,2
ICA,2010,LICENCIA PROFESIONAL,904
ICA,2010,LICENCIA PARTICULAR,937
ICA,2010,LICENCIA MILITAR,18
ICA,2010,SIN LICENCIA,203
ICA,2010,OTROS (NO TIENE LICENCIA O NO CORRESPONDE AL TIPO DE VEHÍCULO),63
ICA,2011,MASCULINO MENOR DE 18 AÑOS,139
ICA,2011,MASCULINO ENTRE 19 A 25 AÑOS,744
ICA,2011,MASCULINO ENTRE 26 Y 60 AÑOS,1100
ICA,2011,MASCULINO ENTRE 60 AÑOS A MÁS,109
ICA,2011,FEMENINO MENOR DE 18 AÑOS,17
ICA,2011,FEMENINO ENTRE 19 A 25 AÑOS,24
ICA,2011,FEMENINO ENTRE 26 A 60 AÑOS,21
ICA,2011,FEMENINO ENTRE 60 AÑOS A MÁS,1
ICA,2011,LICENCIA PROFESIONAL,819
ICA,2011,LICENCIA PARTICULAR,936
ICA,2011,LICENCIA MILITAR,14
ICA,2011,SIN LICENCIA,337
ICA,2011,OTROS (NO TIENE LICENCIA O NO CORRESPONDE AL TIPO DE VEHÍCULO),49
ICA,2012,MASCULINO MENOR DE 18 AÑOS,108
ICA,2012,MASCULINO ENTRE 19 A 25 AÑOS,680
ICA,2012,MASCULINO ENTRE 26 Y 60 AÑOS,1349
ICA,2012,MASCULINO ENTRE 60 AÑOS A MÁS,84
ICA,2012,FEMENINO MENOR DE 18 AÑOS,12
ICA,2012,FEMENINO ENTRE 19 A 25 AÑOS,27
ICA,2012,FEMENINO ENTRE 26 A 60 AÑOS,22
ICA,2012,FEMENINO ENTRE 60 AÑOS A MÁS,8
ICA,2012,LICENCIA PROFESIONAL,879
ICA,2012,LICENCIA PARTICULAR,982
ICA,2012,LICENCIA MILITAR,27
ICA,2012,SIN LICENCIA,346
ICA,2012,OTROS (NO TIENE LICENCIA O NO CORRESPONDE AL TIPO DE VEHÍCULO),56
ICA,2013,MASCULINO MENOR DE 18 AÑOS,106
ICA,2013,MASCULINO ENTRE 19 A 25 AÑOS,710
ICA,2013,MASCULINO ENTRE 26 Y 60 AÑOS,1473
ICA,2013,MASCULINO ENTRE 60 AÑOS A MÁS,131
ICA,2013,FEMENINO MENOR DE 18 AÑOS,2
ICA,2013,FEMENINO ENTRE 19 A 25 AÑOS,28
ICA,2013,FEMENINO ENTRE 26 A 60 AÑOS,41
ICA,2013,FEMENINO ENTRE 60 AÑOS A MÁS,2
ICA,2013,LICENCIA PROFESIONAL,1043
ICA,2013,LICENCIA PARTICULAR,970
ICA,2013,LICENCIA MILITAR,16
ICA,2013,SIN LICENCIA,399
ICA,2013,OTROS (NO TIENE LICENCIA O NO CORRESPONDE AL TIPO DE VEHÍCULO),65
ICA,2014,MASCULINO MENOR DE 18 AÑOS,51
ICA,2014,MASCULINO ENTRE 19 A 25 AÑOS,654
ICA,2014,MASCULINO ENTRE 26 Y 60 AÑOS,1468
ICA,2014,MASCULINO ENTRE 60 AÑOS A MÁS,90
ICA,2014,FEMENINO MENOR DE 18 AÑOS,1
ICA,2014,FEMENINO ENTRE 19 A 25 AÑOS,18
ICA,2014,FEMENINO ENTRE 26 A 60 AÑOS,43
ICA,2014,FEMENINO ENTRE 60 AÑOS A MÁS,1
ICA,2014,LICENCIA PROFESIONAL,665
ICA,2014,LICENCIA PARTICULAR,1293
ICA,2014,LICENCIA MILITAR,14
ICA,2014,SIN LICENCIA,286
ICA,2014,OTROS (NO TIENE LICENCIA O NO CORRESPONDE AL TIPO DE VEHÍCULO),68
ICA,2015,MASCULINO MENOR DE 18 AÑOS,37
ICA,2015,MASCULINO ENTRE 19 A 25 AÑOS,476
ICA,2015,MASCULINO ENTRE 26 Y 60 AÑOS,1035
ICA,2015,MASCULINO ENTRE 60 AÑOS A MÁS,107
ICA,2015,FEMENINO MENOR DE 18 AÑOS,0
ICA,2015,FEMENINO ENTRE 19 A 25 AÑOS,27
ICA,2015,FEMENINO ENTRE 26 A 60 AÑOS,24
ICA,2015,FEMENINO ENTRE 60 AÑOS A MÁS,8
ICA,2015,SE DESCONOCE POR FUGA,23
ICA,2015,LICENCIA PROFESIONAL,594
ICA,2015,LICENCIA PARTICULAR,807
ICA,2015,LICENCIA MILITAR,6
ICA,2015,SIN LICENCIA,163
ICA,2015,LICENCIA DE VEHÍCULO MENOR,67
ICA,2015,LICENCIA EXTRANJERA,2
ICA,2015,OTROS (NO TIENE LICENCIA O NO CORRESPONDE AL TIPO DE VEHÍCULO),98
ICA,2016,MASCULINO MENOR DE 18 AÑOS,10
ICA,2016,MASCULINO ENTRE 19 A 25 AÑOS,222
ICA,2016,MASCULINO ENTRE 26 Y 60 AÑOS,895
ICA,2016,MASCULINO ENTRE 60 AÑOS A MÁS,88
ICA,2016,FEMENINO MENOR DE 18 AÑOS,2
ICA,2016,FEMENINO ENTRE 19 A 25 AÑOS,45
ICA,2016,FEMENINO ENTRE 26 A 60 AÑOS,56
ICA,2016,FEMENINO ENTRE 60 AÑOS A MÁS,9
ICA,2016,SE DESCONOCE POR FUGA,38
ICA,2016,LICENCIA PROFESIONAL,466
ICA,2016,LICENCIA PARTICULAR,561
ICA,2016,LICENCIA MILITAR,8
ICA,2016,SIN LICENCIA,130
ICA,2016,LICENCIA DE VEHÍCULO MENOR,143
ICA,2016,LICENCIA EXTRANJERA,1
ICA,2016,OTROS (NO TIENE LICENCIA O NO CORRESPONDE AL TIPO DE VEHÍCULO),56
ICA,2017,MASCULINO MENOR ENTRE 13 Y 18 AÑOS,20
ICA,2017,MASCULINO ENTRE 19 A 25 AÑOS,272
ICA,2017,MASCULINO ENTRE 26 Y 60 AÑOS,1086
ICA,2017,MASCULINO ENTRE 60 AÑOS A MÁS,93
ICA,2017,FEMENINO MENOR ENTRE 13 Y 18 AÑOS,3
ICA,2017,FEMENINO ENTRE 19 A 25 AÑOS,17
ICA,2017,FEMENINO ENTRE 26 A 60 AÑOS,75
ICA,2017,FEMENINO ENTRE 60 AÑOS A MÁS,1
ICA,2017,SE DESCONOCE POR FUGA,102
ICA,2017,LICENCIA PROFESIONAL,383
ICA,2017,LICENCIA PARTICULAR,745
ICA,2017,LICENCIA MILITAR,9
ICA,2017,SIN LICENCIA,148
ICA,2017,LICENCIA DE VEHÍCULO MENOR,149
ICA,2017,LICENCIA EXTRANJERA,4
ICA,2017,OTROS (NO TIENE LICENCIA O NO CORRESPONDE AL TIPO DE VEHÍCULO),231
ICA,2018,ENTRE 12 Y 17 AÑOS,12
ICA,2018,ENTRE 18 A 29 AÑOS,480
ICA,2018,ENTRE 30 Y 59 AÑOS,1038
ICA,2018,ENTRE 60 AÑOS A MÁS,117
ICA,2018,ENTRE 12 Y 17 AÑOS,0
ICA,2018,ENTRE 18 A 29 AÑOS,27
ICA,2018,ENTRE 30 Y 59 AÑOS,49
ICA,2018,ENTRE 60 AÑOS A MÁS,1
ICA,2018,LICENCIA PROFESIONAL,464
ICA,2018,LICENCIA PARTICULAR,819
ICA,2018,LICENCIA MILITAR,24
ICA,2018,SIN LICENCIA,242
ICA,2018,LICENCIA DE VEHÍCULO MENOR,202
ICA,2018,LICENCIA EXTRANJERA,12
ICA,2019,ENTRE 12 Y 17 AÑOS,5
ICA,2019,ENTRE 18 A 29 AÑOS,733
ICA,2019,ENTRE 30 Y 59 AÑOS,1359
ICA,2019,ENTRE 60 AÑOS A MÁS,235
ICA,2019,ENTRE 12 Y 17 AÑOS,1
ICA,2019,ENTRE 18 A 29 AÑOS,17
ICA,2019,ENTRE 30 Y 59 AÑOS,42
ICA,2019,ENTRE 60 AÑOS A MÁS,4
ICA,2019,LICENCIA PROFESIONAL,570
ICA,2019,LICENCIA PARTICULAR,1059
ICA,2019,LICENCIA MILITAR,13
ICA,2019,SIN LICENCIA,255
ICA,2019,LICENCIA DE VEHÍCULO MENOR,516
ICA,2019,LICENCIA EXTRANJERA,3
ICA,2020,ENTRE 12 Y 17 AÑOS,5
ICA,2020,ENTRE 18 A 29 AÑOS,418
ICA,2020,ENTRE 30 Y 59 AÑOS,767
ICA,2020,ENTRE 60 AÑOS A MÁS,117
ICA,2020,ENTRE 12 Y 17 AÑOS,1
ICA,2020,ENTRE 18 A 29 AÑOS,26
ICA,2020,ENTRE 30 Y 59 AÑOS,48
ICA,2020,ENTRE 60 AÑOS A MÁS,7
ICA,2020,LICENCIA PROFESIONAL,351
ICA,2020,LICENCIA PARTICULAR,666
ICA,2020,LICENCIA MILITAR,7
ICA,2020,SIN LICENCIA,122
ICA,2020,LICENCIA DE VEHÍCULO MENOR,246
ICA,2020,LICENCIA EXTRANJERA,2
ICA,2021,ENTRE 12 Y 17 AÑOS,14
ICA,2021,ENTRE 18 A 29 AÑOS,660
ICA,2021,ENTRE 30 Y 59 AÑOS,1252
ICA,2021,ENTRE 60 AÑOS A MÁS,160
ICA,2021,ENTRE 12 Y 17 AÑOS,0
ICA,2021,ENTRE 18 A 29 AÑOS,37
ICA,2021,ENTRE 30 Y 59 AÑOS,74
ICA,2021,ENTRE 60 AÑOS A MÁS,20
ICA,2021,LICENCIA PROFESIONAL,615
ICA,2021,LICENCIA PARTICULAR,827
ICA,2021,LICENCIA MILITAR,8
ICA,2021,SIN LICENCIA,250
ICA,2021,LICENCIA DE VEHÍCULO MENOR,505
ICA,2021,LICENCIA EXTRANJERA,15
ICA,2022,ENTRE 12 Y 17 AÑOS,5
ICA,2022,ENTRE 18 A 29 AÑOS,842
ICA,2022,ENTRE 30 Y 59 AÑOS,1589
ICA,2022,ENTRE 60 AÑOS A MÁS,227
ICA,2022,ENTRE 12 Y 17 AÑOS,0
ICA,2022,ENTRE 18 A 29 AÑOS,33
ICA,2022,ENTRE 30 Y 59 AÑOS,172
ICA,2022,ENTRE 60 AÑOS A MÁS,75
ICA,2022,LICENCIA PROFESIONAL,817
ICA,2022,LICENCIA PARTICULAR,1264
ICA,2022,LICENCIA MILITAR,15
ICA,2022,SIN LICENCIA,276
ICA,2022,LICENCIA DE VEHÍCULO MENOR,571
ICA,2022,LICENCIA EXTRANJERA,6
ICA,2023,ENTRE 12 Y 17 AÑOS,7
ICA,2023,ENTRE 18 A 29 AÑOS,1041
ICA,2023,ENTRE 30 Y 59 AÑOS,1598
ICA,2023,ENTRE 60 AÑOS A MÁS,217
ICA,2023,ENTRE 12 Y 17 AÑOS,0
ICA,2023,ENTRE 18 A 29 AÑOS,101
ICA,2023,ENTRE 30 Y 59 AÑOS,207
ICA,2023,ENTRE 60 AÑOS A MÁS,68
ICA,2023,LICENCIA PROFESIONAL,813
ICA,2023,LICENCIA PARTICULAR,1267
ICA,2023,LICENCIA MILITAR,28
ICA,2023,SIN LICENCIA,623
ICA,2023,LICENCIA DE VEHÍCULO MENOR,8
ICA,2023,LICENCIA EXTRANJERA,503
ICA,2024,ENTRE 12 Y 17 AÑOS,7
ICA,2024,ENTRE 18 A 29 AÑOS,974
ICA,2024,ENTRE 30 Y 59 AÑOS,1840
ICA,2024,ENTRE 60 AÑOS A MÁS,229
ICA,2024,ENTRE 12 Y 17 AÑOS,7
ICA,2024,ENTRE 18 A 29 AÑOS,102
ICA,2024,ENTRE 30 Y 59 AÑOS,206
ICA,2024,ENTRE 60 AÑOS A MÁS,80
ICA,2024,LICENCIA PROFESIONAL,880
ICA,2024,LICENCIA PARTICULAR,1408
ICA,2024,LICENCIA MILITAR,15
ICA,2024,SIN LICENCIA,576
ICA,2024,LICENCIA DE VEHÍCULO MENOR,20
ICA,2024,LICENCIA EXTRANJERA,552
JUNIN,2008,MASCULINO MENOR DE 18 AÑOS,66
JUNIN,2008,MASCULINO MAYOR DE 18 AÑOS,1900
JUNIN,2008,FEMENINO MENOR DE 18 AÑOS,3
JUNIN,2008,FEMENINO MAYOR DE 18 AÑOS,69
JUNIN,2008,LICENCIA PROFESIONAL,1388
JUNIN,2008,LICENCIA PARTICULAR,422
JUNIN,2008,LICENCIA MILITAR,11
JUNIN,2008,SIN LICENCIA,191
JUNIN,2008,OTROS (NO TIENE LICENCIA O NO CORRESPONDE AL TIPO DE VEHÍCULO),26
JUNIN,2009,MASCULINO MENOR DE 18 AÑOS,78
JUNIN,2009,MASCULINO MAYOR DE 18 AÑOS,1962
JUNIN,2009,FEMENINO MENOR DE 18 AÑOS,8
JUNIN,2009,FEMENINO MAYOR DE 18 AÑOS,136
JUNIN,2009,LICENCIA PROFESIONAL,1495
JUNIN,2009,LICENCIA PARTICULAR,360
JUNIN,2009,LICENCIA MILITAR,87
JUNIN,2009,SIN LICENCIA,200
JUNIN,2009,OTROS (NO TIENE LICENCIA O NO CORRESPONDE AL TIPO DE VEHÍCULO),42
JUNIN,2010,MASCULINO MENOR DE 18 AÑOS,104
JUNIN,2010,MASCULINO ENTRE 19 A 25 AÑOS,728
JUNIN,2010,MASCULINO ENTRE 26 Y 60 AÑOS,1534
JUNIN,2010,MASCULINO ENTRE 60 AÑOS A MÁS,155
JUNIN,2010,FEMENINO MENOR DE 18 AÑOS,0
JUNIN,2010,FEMENINO ENTRE 19 A 25 AÑOS,37
JUNIN,2010,FEMENINO ENTRE 26 A 60 AÑOS,77
JUNIN,2010,FEMENINO ENTRE 60 AÑOS A MÁS,2
JUNIN,2010,LICENCIA PROFESIONAL,1423
JUNIN,2010,LICENCIA PARTICULAR,699
JUNIN,2010,LICENCIA MILITAR,31
JUNIN,2010,SIN LICENCIA,384
JUNIN,2010,OTROS (NO TIENE LICENCIA O NO CORRESPONDE AL TIPO DE VEHÍCULO),100
JUNIN,2011,MASCULINO MENOR DE 18 AÑOS,33
JUNIN,2011,MASCULINO ENTRE 19 A 25 AÑOS,935
JUNIN,2011,MASCULINO ENTRE 26 Y 60 AÑOS,1631
JUNIN,2011,MASCULINO ENTRE 60 AÑOS A MÁS,73
JUNIN,2011,FEMENINO MENOR DE 18 AÑOS,6
JUNIN,2011,FEMENINO ENTRE 19 A 25 AÑOS,21
JUNIN,2011,FEMENINO ENTRE 26 A 60 AÑOS,27
JUNIN,2011,FEMENINO ENTRE 60 AÑOS A MÁS,0
JUNIN,2011,LICENCIA PROFESIONAL,1655
JUNIN,2011,LICENCIA PARTICULAR,659
JUNIN,2011,LICENCIA MILITAR,33
JUNIN,2011,SIN LICENCIA,266
JUNIN,2011,OTROS (NO TIENE LICENCIA O NO CORRESPONDE AL TIPO DE VEHÍCULO),113
JUNIN,2012,MASCULINO MENOR DE 18 AÑOS,109
JUNIN,2012,MASCULINO ENTRE 19 A 25 AÑOS,1220
JUNIN,2012,MASCULINO ENTRE 26 Y 60 AÑOS,2481
JUNIN,2012,MASCULINO ENTRE 60 AÑOS A MÁS,101
JUNIN,2012,FEMENINO MENOR DE 18 AÑOS,10
JUNIN,2012,FEMENINO ENTRE 19 A 25 AÑOS,28
JUNIN,2012,FEMENINO ENTRE 26 A 60 AÑOS,34
JUNIN,2012,FEMENINO ENTRE 60 AÑOS A MÁS,0
JUNIN,2012,LICENCIA PROFESIONAL,2003
JUNIN,2012,LICENCIA PARTICULAR,1215
JUNIN,2012,LICENCIA MILITAR,20
JUNIN,2012,SIN LICENCIA,569
JUNIN,2012,OTROS (NO TIENE LICENCIA O NO CORRESPONDE AL TIPO DE VEHÍCULO),176
JUNIN,2013,MASCULINO MENOR DE 18 AÑOS,64
JUNIN,2013,MASCULINO ENTRE 19 A 25 AÑOS,1367
JUNIN,2013,MASCULINO ENTRE 26 Y 60 AÑOS,2844
JUNIN,2013,MASCULINO ENTRE 60 AÑOS A MÁS,90
JUNIN,2013,FEMENINO MENOR DE 18 AÑOS,1
JUNIN,2013,FEMENINO ENTRE 19 A 25 AÑOS,23
JUNIN,2013,FEMENINO ENTRE 26 A 60 AÑOS,59
JUNIN,2013,FEMENINO ENTRE 60 AÑOS A MÁS,0
JUNIN,2013,LICENCIA PROFESIONAL,2182
JUNIN,2013,LICENCIA PARTICULAR,1746
JUNIN,2013,LICENCIA MILITAR,6
JUNIN,2013,SIN LICENCIA,443
JUNIN,2013,OTROS (NO TIENE LICENCIA O NO CORRESPONDE AL TIPO DE VEHÍCULO),71
JUNIN,2014,MASCULINO MENOR DE 18 AÑOS,94
JUNIN,2014,MASCULINO ENTRE 19 A 25 AÑOS,845
JUNIN,2014,MASCULINO ENTRE 26 Y 60 AÑOS,2300
JUNIN,2014,MASCULINO ENTRE 60 AÑOS A MÁS,77
JUNIN,2014,FEMENINO MENOR DE 18 AÑOS,9
JUNIN,2014,FEMENINO ENTRE 19 A 25 AÑOS,36
JUNIN,2014,FEMENINO ENTRE 26 A 60 AÑOS,58
JUNIN,2014,FEMENINO ENTRE 60 AÑOS A MÁS,4
JUNIN,2014,LICENCIA PROFESIONAL,1309
JUNIN,2014,LICENCIA PARTICULAR,1338
JUNIN,2014,LICENCIA MILITAR,23
JUNIN,2014,SIN LICENCIA,311
JUNIN,2014,OTROS (NO TIENE LICENCIA O NO CORRESPONDE AL TIPO DE VEHÍCULO),442
JUNIN,2015,MASCULINO MENOR DE 18 AÑOS,23
JUNIN,2015,MASCULINO ENTRE 19 A 25 AÑOS,558
JUNIN,2015,MASCULINO ENTRE 26 Y 60 AÑOS,2087
JUNIN,2015,MASCULINO ENTRE 60 AÑOS A MÁS,156
JUNIN,2015,FEMENINO MENOR DE 18 AÑOS,1
JUNIN,2015,FEMENINO ENTRE 19 A 25 AÑOS,33
JUNIN,2015,FEMENINO ENTRE 26 A 60 AÑOS,100
JUNIN,2015,FEMENINO ENTRE 60 AÑOS A MÁS,3
JUNIN,2015,SE DESCONOCE POR FUGA,65
JUNIN,2015,LICENCIA PROFESIONAL,1309
JUNIN,2015,LICENCIA PARTICULAR,921
JUNIN,2015,LICENCIA MILITAR,12
JUNIN,2015,SIN LICENCIA,272
JUNIN,2015,LICENCIA DE VEHÍCULO MENOR,412
JUNIN,2015,LICENCIA EXTRANJERA,2
JUNIN,2015,OTROS (NO TIENE LICENCIA O NO CORRESPONDE AL TIPO DE VEHÍCULO),98
JUNIN,2016,MASCULINO MENOR DE 18 AÑOS,79
JUNIN,2016,MASCULINO ENTRE 19 A 25 AÑOS,624
JUNIN,2016,MASCULINO ENTRE 26 Y 60 AÑOS,2091
JUNIN,2016,MASCULINO ENTRE 60 AÑOS A MÁS,129
JUNIN,2016,FEMENINO MENOR DE 18 AÑOS,20
JUNIN,2016,FEMENINO ENTRE 19 A 25 AÑOS,89
JUNIN,2016,FEMENINO ENTRE 26 A 60 AÑOS,89
JUNIN,2016,FEMENINO ENTRE 60 AÑOS A MÁS,2
JUNIN,2016,SE DESCONOCE POR FUGA,73
JUNIN,2016,LICENCIA PROFESIONAL,1356
JUNIN,2016,LICENCIA PARTICULAR,952
JUNIN,2016,LICENCIA MILITAR,3
JUNIN,2016,SIN LICENCIA,190
JUNIN,2016,LICENCIA DE VEHÍCULO MENOR,547
JUNIN,2016,LICENCIA EXTRANJERA,0
JUNIN,2016,OTROS (NO TIENE LICENCIA O NO CORRESPONDE AL TIPO DE VEHÍCULO),148
JUNIN,2017,MASCULINO MENOR ENTRE 13 Y 18 AÑOS,36
JUNIN,2017,MASCULINO ENTRE 19 A 25 AÑOS,656
JUNIN,2017,MASCULINO ENTRE 26 Y 60 AÑOS,2040
JUNIN,2017,MASCULINO ENTRE 60 AÑOS A MÁS,279
JUNIN,2017,FEMENINO MENOR ENTRE 13 Y 18 AÑOS,3
JUNIN,2017,FEMENINO ENTRE 19 A 25 AÑOS,23
JUNIN,2017,FEMENINO ENTRE 26 A 60 AÑOS,149
JUNIN,2017,FEMENINO ENTRE 60 AÑOS A MÁS,20
JUNIN,2017,SE DESCONOCE POR FUGA,50
JUNIN,2017,LICENCIA PROFESIONAL,1387
JUNIN,2017,LICENCIA PARTICULAR,1066
JUNIN,2017,LICENCIA MILITAR,7
JUNIN,2017,SIN LICENCIA,172
JUNIN,2017,LICENCIA DE VEHÍCULO MENOR,487
JUNIN,2017,LICENCIA EXTRANJERA,0
JUNIN,2017,OTROS (NO TIENE LICENCIA O NO CORRESPONDE AL TIPO DE VEHÍCULO),137
JUNIN,2018,ENTRE 12 Y 17 AÑOS,10
JUNIN,2018,ENTRE 18 A 29 AÑOS,1019
JUNIN,2018,ENTRE 30 Y 59 AÑOS,1876
JUNIN,2018,ENTRE 60 AÑOS A MÁS,113
JUNIN,2018,ENTRE 12 Y 17 AÑOS,0
JUNIN,2018,ENTRE 18 A 29 AÑOS,27
JUNIN,2018,ENTRE 30 Y 59 AÑOS,51
JUNIN,2018,ENTRE 60 AÑOS A MÁS,4
JUNIN,2018,LICENCIA PROFESIONAL,1401
JUNIN,2018,LICENCIA PARTICULAR,1136
JUNIN,2018,LICENCIA MILITAR,5
JUNIN,2018,SIN LICENCIA,217
JUNIN,2018,LICENCIA DE VEHÍCULO MENOR,436
JUNIN,2018,LICENCIA EXTRANJERA,2
JUNIN,2019,ENTRE 12 Y 17 AÑOS,24
JUNIN,2019,ENTRE 18 A 29 AÑOS,1537
JUNIN,2019,ENTRE 30 Y 59 AÑOS,2278
JUNIN,2019,ENTRE 60 AÑOS A MÁS,162
JUNIN,2019,ENTRE 12 Y 17 AÑOS,1
JUNIN,2019,ENTRE 18 A 29 AÑOS,37
JUNIN,2019,ENTRE 30 Y 59 AÑOS,37
JUNIN,2019,ENTRE 60 AÑOS A MÁS,4
JUNIN,2019,LICENCIA PROFESIONAL,1638
JUNIN,2019,LICENCIA PARTICULAR,1550
JUNIN,2019,LICENCIA MILITAR,8
JUNIN,2019,SIN LICENCIA,312
JUNIN,2019,LICENCIA DE VEHÍCULO MENOR,675
JUNIN,2019,LICENCIA EXTRANJERA,3
JUNIN,2020,ENTRE 12 Y 17 AÑOS,39
JUNIN,2020,ENTRE 18 A 29 AÑOS,1041
JUNIN,2020,ENTRE 30 Y 59 AÑOS,1776
JUNIN,2020,ENTRE 60 AÑOS A MÁS,113
JUNIN,2020,ENTRE 12 Y 17 AÑOS,2
JUNIN,2020,ENTRE 18 A 29 AÑOS,41
JUNIN,2020,ENTRE 30 Y 59 AÑOS,36
JUNIN,2020,ENTRE 60 AÑOS A MÁS,1
JUNIN,2020,LICENCIA PROFESIONAL,1041
JUNIN,2020,LICENCIA PARTICULAR,1296
JUNIN,2020,LICENCIA MILITAR,4
JUNIN,2020,SIN LICENCIA,295
JUNIN,2020,LICENCIA DE VEHÍCULO MENOR,532
JUNIN,2020,LICENCIA EXTRANJERA,3
JUNIN,2021,ENTRE 12 Y 17 AÑOS,28
JUNIN,2021,ENTRE 18 A 29 AÑOS,1485
JUNIN,2021,ENTRE 30 Y 59 AÑOS,2310
JUNIN,2021,ENTRE 60 AÑOS A MÁS,180
JUNIN,2021,ENTRE 12 Y 17 AÑOS,1
JUNIN,2021,ENTRE 18 A 29 AÑOS,66
JUNIN,2021,ENTRE 30 Y 59 AÑOS,70
JUNIN,2021,ENTRE 60 AÑOS A MÁS,3
JUNIN,2021,LICENCIA PROFESIONAL,1365
JUNIN,2021,LICENCIA PARTICULAR,1595
JUNIN,2021,LICENCIA MILITAR,16
JUNIN,2021,SIN LICENCIA,521
JUNIN,2021,LICENCIA DE VEHÍCULO MENOR,763
JUNIN,2021,LICENCIA EXTRANJERA,17
JUNIN,2022,ENTRE 12 Y 17 AÑOS,29
JUNIN,2022,ENTRE 18 A 29 AÑOS,1547
JUNIN,2022,ENTRE 30 Y 59 AÑOS,2953
JUNIN,2022,ENTRE 60 AÑOS A MÁS,213
JUNIN,2022,ENTRE 12 Y 17 AÑOS,2
JUNIN,2022,ENTRE 18 A 29 AÑOS,78
JUNIN,2022,ENTRE 30 Y 59 AÑOS,174
JUNIN,2022,ENTRE 60 AÑOS A MÁS,12
JUNIN,2022,LICENCIA PROFESIONAL,1824
JUNIN,2022,LICENCIA PARTICULAR,1953
JUNIN,2022,LICENCIA MILITAR,8
JUNIN,2022,SIN LICENCIA,588
JUNIN,2022,LICENCIA DE VEHÍCULO MENOR,798
JUNIN,2022,LICENCIA EXTRANJERA,7
JUNIN,2023,ENTRE 12 Y 17 AÑOS,40
JUNIN,2023,ENTRE 18 A 29 AÑOS,1657
JUNIN,2023,ENTRE 30 Y 59 AÑOS,3343
JUNIN,2023,ENTRE 60 AÑOS A MÁS,262
JUNIN,2023,ENTRE 12 Y 17 AÑOS,2
JUNIN,2023,ENTRE 18 A 29 AÑOS,54
JUNIN,2023,ENTRE 30 Y 59 AÑOS,97
JUNIN,2023,ENTRE 60 AÑOS A MÁS,6
JUNIN,2023,LICENCIA PROFESIONAL,1780
JUNIN,2023,LICENCIA PARTICULAR,2353
JUNIN,2023,LICENCIA MILITAR,9
JUNIN,2023,SIN LICENCIA,836
JUNIN,2023,LICENCIA DE VEHÍCULO MENOR,4
JUNIN,2023,LICENCIA EXTRANJERA,652
JUNIN,2024,ENTRE 12 Y 17 AÑOS,32
JUNIN,2024,ENTRE 18 A 29 AÑOS,1487
JUNIN,2024,ENTRE 30 Y 59 AÑOS,2557
JUNIN,2024,ENTRE 60 AÑOS A MÁS,153
JUNIN,2024,ENTRE 12 Y 17 AÑOS,1
JUNIN,2024,ENTRE 18 A 29 AÑOS,65
JUNIN,2024,ENTRE 30 Y 59 AÑOS,91
JUNIN,2024,ENTRE 60 AÑOS A MÁS,2
JUNIN,2024,LICENCIA PROFESIONAL,1658
JUNIN,2024,LICENCIA PARTICULAR,1717
JUNIN,2024,LICENCIA MILITAR,22
JUNIN,2024,SIN LICENCIA,656
JUNIN,2024,LICENCIA DE VEHÍCULO MENOR,5
JUNIN,2024,LICENCIA EXTRANJERA,465
LA LIBERTAD,2008,MASCULINO MENOR DE 18 AÑOS,54
LA LIBERTAD,2008,MASCULINO MAYOR DE 18 AÑOS,5530
LA LIBERTAD,2008,FEMENINO MENOR DE 18 AÑOS,5
LA LIBERTAD,2008,FEMENINO MAYOR DE 18 AÑOS,188
LA LIBERTAD,2008,LICENCIA PROFESIONAL,4247
LA LIBERTAD,2008,LICENCIA PARTICULAR,918
LA LIBERTAD,2008,LICENCIA MILITAR,11
LA LIBERTAD,2008,SIN LICENCIA,420
LA LIBERTAD,2008,OTROS (NO TIENE LICENCIA O NO CORRESPONDE AL TIPO DE VEHÍCULO),181
LA LIBERTAD,2009,MASCULINO MENOR DE 18 AÑOS,153
LA LIBERTAD,2009,MASCULINO MAYOR DE 18 AÑOS,4046
LA LIBERTAD,2009,FEMENINO MENOR DE 18 AÑOS,14
LA LIBERTAD,2009,FEMENINO MAYOR DE 18 AÑOS,311
LA LIBERTAD,2009,LICENCIA PROFESIONAL,2958
LA LIBERTAD,2009,LICENCIA PARTICULAR,862
LA LIBERTAD,2009,LICENCIA MILITAR,13
LA LIBERTAD,2009,SIN LICENCIA,395
LA LIBERTAD,2009,OTROS (NO TIENE LICENCIA O NO CORRESPONDE AL TIPO DE VEHÍCULO),296
LA LIBERTAD,2010,MASCULINO MENOR DE 18 AÑOS,94
LA LIBERTAD,2010,MASCULINO ENTRE 19 A 25 AÑOS,2283
LA LIBERTAD,2010,MASCULINO ENTRE 26 Y 60 AÑOS,2472
LA LIBERTAD,2010,MASCULINO ENTRE 60 AÑOS A MÁS,150
LA LIBERTAD,2010,FEMENINO MENOR DE 18 AÑOS,1
LA LIBERTAD,2010,FEMENINO ENTRE 19 A 25 AÑOS,140
LA LIBERTAD,2010,FEMENINO ENTRE 26 A 60 AÑOS,87
LA LIBERTAD,2010,FEMENINO ENTRE 60 AÑOS A MÁS,16
LA LIBERTAD,2010,LICENCIA PROFESIONAL,3011
LA LIBERTAD,2010,LICENCIA PARTICULAR,870
LA LIBERTAD,2010,LICENCIA MILITAR,39
LA LIBERTAD,2010,SIN LICENCIA,507
LA LIBERTAD,2010,OTROS (NO TIENE LICENCIA O NO CORRESPONDE AL TIPO DE VEHÍCULO),816
LA LIBERTAD,2011,MASCULINO MENOR DE 18 AÑOS,69
LA LIBERTAD,2011,MASCULINO ENTRE 19 A 25 AÑOS,2083
LA LIBERTAD,2011,MASCULINO ENTRE 26 Y 60 AÑOS,2767
LA LIBERTAD,2011,MASCULINO ENTRE 60 AÑOS A MÁS,365
LA LIBERTAD,2011,FEMENINO MENOR DE 18 AÑOS,17
LA LIBERTAD,2011,FEMENINO ENTRE 19 A 25 AÑOS,121
LA LIBERTAD,2011,FEMENINO ENTRE 26 A 60 AÑOS,155
LA LIBERTAD,2011,FEMENINO ENTRE 60 AÑOS A MÁS,5
LA LIBERTAD,2011,LICENCIA PROFESIONAL,3062
LA LIBERTAD,2011,LICENCIA PARTICULAR,1047
LA LIBERTAD,2011,LICENCIA MILITAR,18
LA LIBERTAD,2011,SIN LICENCIA,539
LA LIBERTAD,2011,OTROS (NO TIENE LICENCIA O NO CORRESPONDE AL TIPO DE VEHÍCULO),916
LA LIBERTAD,2012,MASCULINO MENOR DE 18 AÑOS,114
LA LIBERTAD,2012,MASCULINO ENTRE 19 A 25 AÑOS,2281
LA LIBERTAD,2012,MASCULINO ENTRE 26 Y 60 AÑOS,4050
LA LIBERTAD,2012,MASCULINO ENTRE 60 AÑOS A MÁS,361
LA LIBERTAD,2012,FEMENINO MENOR DE 18 AÑOS,9
LA LIBERTAD,2012,FEMENINO ENTRE 19 A 25 AÑOS,109
LA LIBERTAD,2012,FEMENINO ENTRE 26 A 60 AÑOS,188
LA LIBERTAD,2012,FEMENINO ENTRE 60 AÑOS A MÁS,21
LA LIBERTAD,2012,LICENCIA PROFESIONAL,3832
LA LIBERTAD,2012,LICENCIA PARTICULAR,1439
LA LIBERTAD,2012,LICENCIA MILITAR,31
LA LIBERTAD,2012,SIN LICENCIA,803
LA LIBERTAD,2012,OTROS (NO TIENE LICENCIA O NO CORRESPONDE AL TIPO DE VEHÍCULO),1028
LA LIBERTAD,2013,MASCULINO MENOR DE 18 AÑOS,73
LA LIBERTAD,2013,MASCULINO ENTRE 19 A 25 AÑOS,2877
LA LIBERTAD,2013,MASCULINO ENTRE 26 Y 60 AÑOS,3340
LA LIBERTAD,2013,MASCULINO ENTRE 60 AÑOS A MÁS,666
LA LIBERTAD,2013,FEMENINO MENOR DE 18 AÑOS,60
LA LIBERTAD,2013,FEMENINO ENTRE 19 A 25 AÑOS,127
LA LIBERTAD,2013,FEMENINO ENTRE 26 A 60 AÑOS,113
LA LIBERTAD,2013,FEMENINO ENTRE 60 AÑOS A MÁS,30
LA LIBERTAD,2013,LICENCIA PROFESIONAL,4309
LA LIBERTAD,2013,LICENCIA PARTICULAR,1249
LA LIBERTAD,2013,LICENCIA MILITAR,20
LA LIBERTAD,2013,SIN LICENCIA,703
LA LIBERTAD,2013,OTROS (NO TIENE LICENCIA O NO CORRESPONDE AL TIPO DE VEHÍCULO),1005
LA LIBERTAD,2014,MASCULINO MENOR DE 18 AÑOS,128
LA LIBERTAD,2014,MASCULINO ENTRE 19 A 25 AÑOS,1937
LA LIBERTAD,2014,MASCULINO ENTRE 26 Y 60 AÑOS,3266
LA LIBERTAD,2014,MASCULINO ENTRE 60 AÑOS A MÁS,554
LA LIBERTAD,2014,FEMENINO MENOR DE 18 AÑOS,30
LA LIBERTAD,2014,FEMENINO ENTRE 19 A 25 AÑOS,146
LA LIBERTAD,2014,FEMENINO ENTRE 26 A 60 AÑOS,236
LA LIBERTAD,2014,FEMENINO ENTRE 60 AÑOS A MÁS,30
LA LIBERTAD,2014,LICENCIA PROFESIONAL,2643
LA LIBERTAD,2014,LICENCIA PARTICULAR,1874
LA LIBERTAD,2014,LICENCIA MILITAR,30
LA LIBERTAD,2014,SIN LICENCIA,681
LA LIBERTAD,2014,OTROS (NO TIENE LICENCIA O NO CORRESPONDE AL TIPO DE VEHÍCULO),1099
LA LIBERTAD,2015,MASCULINO MENOR DE 18 AÑOS,110
LA LIBERTAD,2015,MASCULINO ENTRE 19 A 25 AÑOS,2102
LA LIBERTAD,2015,MASCULINO ENTRE 26 Y 60 AÑOS,3255
LA LIBERTAD,2015,MASCULINO ENTRE 60 AÑOS A MÁS,421
LA LIBERTAD,2015,FEMENINO MENOR DE 18 AÑOS,28
LA LIBERTAD,2015,FEMENINO ENTRE 19 A 25 AÑOS,223
LA LIBERTAD,2015,FEMENINO ENTRE 26 A 60 AÑOS,349
LA LIBERTAD,2015,FEMENINO ENTRE 60 AÑOS A MÁS,45
LA LIBERTAD,2015,SE DESCONOCE POR FUGA,245
LA LIBERTAD,2015,LICENCIA PROFESIONAL,2348
LA LIBERTAD,2015,LICENCIA PARTICULAR,2206
LA LIBERTAD,2015,LICENCIA MILITAR,15
LA LIBERTAD,2015,SIN LICENCIA,784
LA LIBERTAD,2015,LICENCIA DE VEHÍCULO MENOR,1154
LA LIBERTAD,2015,LICENCIA EXTRANJERA,10
LA LIBERTAD,2015,OTROS (NO TIENE LICENCIA O NO CORRESPONDE AL TIPO DE VEHÍCULO),261
LA LIBERTAD,2016,MASCULINO MENOR DE 18 AÑOS,117
LA LIBERTAD,2016,MASCULINO ENTRE 19 A 25 AÑOS,1872
LA LIBERTAD,2016,MASCULINO ENTRE 26 Y 60 AÑOS,3247
LA LIBERTAD,2016,MASCULINO ENTRE 60 AÑOS A MÁS,390
LA LIBERTAD,2016,FEMENINO MENOR DE 18 AÑOS,15
LA LIBERTAD,2016,FEMENINO ENTRE 19 A 25 AÑOS,277
LA LIBERTAD,2016,FEMENINO ENTRE 26 A 60 AÑOS,389
LA LIBERTAD,2016,FEMENINO ENTRE 60 AÑOS A MÁS,31
LA LIBERTAD,2016,SE DESCONOCE POR FUGA,50
LA LIBERTAD,2016,LICENCIA PROFESIONAL,2652
LA LIBERTAD,2016,LICENCIA PARTICULAR,1801
LA LIBERTAD,2016,LICENCIA MILITAR,11
LA LIBERTAD,2016,SIN LICENCIA,572
LA LIBERTAD,2016,LICENCIA DE VEHÍCULO MENOR,1218
LA LIBERTAD,2016,LICENCIA EXTRANJERA,4
LA LIBERTAD,2016,OTROS (NO TIENE LICENCIA O NO CORRESPONDE AL TIPO DE VEHÍCULO),130
LA LIBERTAD,2017,MASCULINO MENOR ENTRE 13 Y 18 AÑOS,72
LA LIBERTAD,2017,MASCULINO ENTRE 19 A 25 AÑOS,1423
LA LIBERTAD,2017,MASCULINO ENTRE 26 Y 60 AÑOS,3273
LA LIBERTAD,2017,MASCULINO ENTRE 60 AÑOS A MÁS,512
LA LIBERTAD,2017,FEMENINO MENOR ENTRE 13 Y 18 AÑOS,6
LA LIBERTAD,2017,FEMENINO ENTRE 19 A 25 AÑOS,190
LA LIBERTAD,2017,FEMENINO ENTRE 26 A 60 AÑOS,357
LA LIBERTAD,2017,FEMENINO ENTRE 60 AÑOS A MÁS,6
LA LIBERTAD,2017,SE DESCONOCE POR FUGA,82
LA LIBERTAD,2017,LICENCIA PROFESIONAL,2104
LA LIBERTAD,2017,LICENCIA PARTICULAR,1616
LA LIBERTAD,2017,LICENCIA MILITAR,109
LA LIBERTAD,2017,SIN LICENCIA,569
LA LIBERTAD,2017,LICENCIA DE VEHÍCULO MENOR,1317
LA LIBERTAD,2017,LICENCIA EXTRANJERA,17
LA LIBERTAD,2017,OTROS (NO TIENE LICENCIA O NO CORRESPONDE AL TIPO DE VEHÍCULO),189
LA LIBERTAD,2018,ENTRE 12 Y 17 AÑOS,35
LA LIBERTAD,2018,ENTRE 18 A 29 AÑOS,2504
LA LIBERTAD,2018,ENTRE 30 Y 59 AÑOS,3629
LA LIBERTAD,2018,ENTRE 60 AÑOS A MÁS,323
LA LIBERTAD,2018,ENTRE 12 Y 17 AÑOS,4
LA LIBERTAD,2018,ENTRE 18 A 29 AÑOS,305
LA LIBERTAD,2018,ENTRE 30 Y 59 AÑOS,364
LA LIBERTAD,2018,ENTRE 60 AÑOS A MÁS,54
LA LIBERTAD,2018,LICENCIA PROFESIONAL,2168
LA LIBERTAD,2018,LICENCIA PARTICULAR,2742
LA LIBERTAD,2018,LICENCIA MILITAR,29
LA LIBERTAD,2018,SIN LICENCIA,698
LA LIBERTAD,2018,LICENCIA DE VEHÍCULO MENOR,1702
LA LIBERTAD,2018,LICENCIA EXTRANJERA,7
LA LIBERTAD,2019,ENTRE 12 Y 17 AÑOS,28
LA LIBERTAD,2019,ENTRE 18 A 29 AÑOS,2865
LA LIBERTAD,2019,ENTRE 30 Y 59 AÑOS,3673
LA LIBERTAD,2019,ENTRE 60 AÑOS A MÁS,283
LA LIBERTAD,2019,ENTRE 12 Y 17 AÑOS,3
LA LIBERTAD,2019,ENTRE 18 A 29 AÑOS,327
LA LIBERTAD,2019,ENTRE 30 Y 59 AÑOS,502
LA LIBERTAD,2019,ENTRE 60 AÑOS A MÁS,22
LA LIBERTAD,2019,LICENCIA PROFESIONAL,2457
LA LIBERTAD,2019,LICENCIA PARTICULAR,2836
LA LIBERTAD,2019,LICENCIA MILITAR,27
LA LIBERTAD,2019,SIN LICENCIA,615
LA LIBERTAD,2019,LICENCIA DE VEHÍCULO MENOR,1894
LA LIBERTAD,2019,LICENCIA EXTRANJERA,14
LA LIBERTAD,2020,ENTRE 12 Y 17 AÑOS,12
LA LIBERTAD,2020,ENTRE 18 A 29 AÑOS,1523
LA LIBERTAD,2020,ENTRE 30 Y 59 AÑOS,2397
LA LIBERTAD,2020,ENTRE 60 AÑOS A MÁS,158
LA LIBERTAD,2020,ENTRE 12 Y 17 AÑOS,0
LA LIBERTAD,2020,ENTRE 18 A 29 AÑOS,110
LA LIBERTAD,2020,ENTRE 30 Y 59 AÑOS,175
LA LIBERTAD,2020,ENTRE 60 AÑOS A MÁS,14
LA LIBERTAD,2020,LICENCIA PROFESIONAL,1062
LA LIBERTAD,2020,LICENCIA PARTICULAR,1746
LA LIBERTAD,2020,LICENCIA MILITAR,12
LA LIBERTAD,2020,SIN LICENCIA,408
LA LIBERTAD,2020,LICENCIA DE VEHÍCULO MENOR,1262
LA LIBERTAD,2020,LICENCIA EXTRANJERA,21
LA LIBERTAD,2021,ENTRE 12 Y 17 AÑOS,31
LA LIBERTAD,2021,ENTRE 18 A 29 AÑOS,1916
LA LIBERTAD,2021,ENTRE 30 Y 59 AÑOS,3108
LA LIBERTAD,2021,ENTRE 60 AÑOS A MÁS,309
LA LIBERTAD,2021,ENTRE 12 Y 17 AÑOS,8
LA LIBERTAD,2021,ENTRE 18 A 29 AÑOS,171
LA LIBERTAD,2021,ENTRE 30 Y 59 AÑOS,218
LA LIBERTAD,2021,ENTRE 60 AÑOS A MÁS,15
LA LIBERTAD,2021,LICENCIA PROFESIONAL,1348
LA LIBERTAD,2021,LICENCIA PARTICULAR,2205
LA LIBERTAD,2021,LICENCIA MILITAR,68
LA LIBERTAD,2021,SIN LICENCIA,776
LA LIBERTAD,2021,LICENCIA DE VEHÍCULO MENOR,1531
LA LIBERTAD,2021,LICENCIA EXTRANJERA,17
LA LIBERTAD,2022,ENTRE 12 Y 17 AÑOS,22
LA LIBERTAD,2022,ENTRE 18 A 29 AÑOS,1784
LA LIBERTAD,2022,ENTRE 30 Y 59 AÑOS,3003
LA LIBERTAD,2022,ENTRE 60 AÑOS A MÁS,291
LA LIBERTAD,2022,ENTRE 12 Y 17 AÑOS,2
LA LIBERTAD,2022,ENTRE 18 A 29 AÑOS,131
LA LIBERTAD,2022,ENTRE 30 Y 59 AÑOS,266
LA LIBERTAD,2022,ENTRE 60 AÑOS A MÁS,18
LA LIBERTAD,2022,LICENCIA PROFESIONAL,1476
LA LIBERTAD,2022,LICENCIA PARTICULAR,1889
LA LIBERTAD,2022,LICENCIA MILITAR,22
LA LIBERTAD,2022,SIN LICENCIA,861
LA LIBERTAD,2022,LICENCIA DE VEHÍCULO MENOR,1424
LA LIBERTAD,2022,LICENCIA EXTRANJERA,30
LA LIBERTAD,2023,ENTRE 12 Y 17 AÑOS,28
LA LIBERTAD,2023,ENTRE 18 A 29 AÑOS,1727
LA LIBERTAD,2023,ENTRE 30 Y 59 AÑOS,2900
LA LIBERTAD,2023,ENTRE 60 AÑOS A MÁS,285
LA LIBERTAD,2023,ENTRE 12 Y 17 AÑOS,2
LA LIBERTAD,2023,ENTRE 18 A 29 AÑOS,90
LA LIBERTAD,2023,ENTRE 30 Y 59 AÑOS,167
LA LIBERTAD,2023,ENTRE 60 AÑOS A MÁS,9
LA LIBERTAD,2023,LICENCIA PROFESIONAL,1823
LA LIBERTAD,2023,LICENCIA PARTICULAR,1514
LA LIBERTAD,2023,LICENCIA MILITAR,7
LA LIBERTAD,2023,SIN LICENCIA,1320
LA LIBERTAD,2023,LICENCIA DE VEHÍCULO MENOR,33
LA LIBERTAD,2023,LICENCIA EXTRANJERA,676
LA LIBERTAD,2024,ENTRE 12 Y 17 AÑOS,23
LA LIBERTAD,2024,ENTRE 18 A 29 AÑOS,1298
LA LIBERTAD,2024,ENTRE 30 Y 59 AÑOS,2894
LA LIBERTAD,2024,ENTRE 60 AÑOS A MÁS,244
LA LIBERTAD,2024,ENTRE 12 Y 17 AÑOS,0
LA LIBERTAD,2024,ENTRE 18 A 29 AÑOS,120
LA LIBERTAD,2024,ENTRE 30 Y 59 AÑOS,284
LA LIBERTAD,2024,ENTRE 60 AÑOS A MÁS,28
LA LIBERTAD,2024,LICENCIA PROFESIONAL,1167
LA LIBERTAD,2024,LICENCIA PARTICULAR,2038
LA LIBERTAD,2024,LICENCIA MILITAR,29
LA LIBERTAD,2024,SIN LICENCIA,1130
LA LIBERTAD,2024,LICENCIA DE VEHÍCULO MENOR,94
LA LIBERTAD,2024,LICENCIA EXTRANJERA,545
LAMBAYEQUE,2008,MASCULINO MENOR DE 18 AÑOS,14
LAMBAYEQUE,2008,MASCULINO MAYOR DE 18 AÑOS,913
LAMBAYEQUE,2008,FEMENINO MENOR DE 18 AÑOS,0
LAMBAYEQUE,2008,FEMENINO MAYOR DE 18 AÑOS,1
LAMBAYEQUE,2008,LICENCIA PROFESIONAL,656
LAMBAYEQUE,2008,LICENCIA PARTICULAR,4
LAMBAYEQUE,2008,LICENCIA MILITAR,0
LAMBAYEQUE,2008,SIN LICENCIA,234
LAMBAYEQUE,2008,OTROS (NO TIENE LICENCIA O NO CORRESPONDE AL TIPO DE VEHÍCULO),34
LAMBAYEQUE,2009,MASCULINO MENOR DE 18 AÑOS,25
LAMBAYEQUE,2009,MASCULINO MAYOR DE 18 AÑOS,1299
LAMBAYEQUE,2009,FEMENINO MENOR DE 18 AÑOS,0
LAMBAYEQUE,2009,FEMENINO MAYOR DE 18 AÑOS,74
LAMBAYEQUE,2009,LICENCIA PROFESIONAL,996
LAMBAYEQUE,2009,LICENCIA PARTICULAR,20
LAMBAYEQUE,2009,LICENCIA MILITAR,0
LAMBAYEQUE,2009,SIN LICENCIA,336
LAMBAYEQUE,2009,OTROS (NO TIENE LICENCIA O NO CORRESPONDE AL TIPO DE VEHÍCULO),46
LAMBAYEQUE,2010,MASCULINO MENOR DE 18 AÑOS,34
LAMBAYEQUE,2010,MASCULINO ENTRE 19 A 25 AÑOS,239
LAMBAYEQUE,2010,MASCULINO ENTRE 26 Y 60 AÑOS,1830
LAMBAYEQUE,2010,MASCULINO ENTRE 60 AÑOS A MÁS,99
LAMBAYEQUE,2010,FEMENINO MENOR DE 18 AÑOS,0
LAMBAYEQUE,2010,FEMENINO ENTRE 19 A 25 AÑOS,8
LAMBAYEQUE,2010,FEMENINO ENTRE 26 A 60 AÑOS,26
LAMBAYEQUE,2010,FEMENINO ENTRE 60 AÑOS A MÁS,1
LAMBAYEQUE,2010,LICENCIA PROFESIONAL,1534
LAMBAYEQUE,2010,LICENCIA PARTICULAR,138
LAMBAYEQUE,2010,LICENCIA MILITAR,14
LAMBAYEQUE,2010,SIN LICENCIA,452
LAMBAYEQUE,2010,OTROS (NO TIENE LICENCIA O NO CORRESPONDE AL TIPO DE VEHÍCULO),99
LAMBAYEQUE,2011,MASCULINO MENOR DE 18 AÑOS,64
LAMBAYEQUE,2011,MASCULINO ENTRE 19 A 25 AÑOS,552
LAMBAYEQUE,2011,MASCULINO ENTRE 26 Y 60 AÑOS,2326
LAMBAYEQUE,2011,MASCULINO ENTRE 60 AÑOS A MÁS,115
LAMBAYEQUE,2011,FEMENINO MENOR DE 18 AÑOS,5
LAMBAYEQUE,2011,FEMENINO ENTRE 19 A 25 AÑOS,22
LAMBAYEQUE,2011,FEMENINO ENTRE 26 A 60 AÑOS,77
LAMBAYEQUE,2011,FEMENINO ENTRE 60 AÑOS A MÁS,0
LAMBAYEQUE,2011,LICENCIA PROFESIONAL,1843
LAMBAYEQUE,2011,LICENCIA PARTICULAR,372
LAMBAYEQUE,2011,LICENCIA MILITAR,25
LAMBAYEQUE,2011,SIN LICENCIA,749
LAMBAYEQUE,2011,OTROS (NO TIENE LICENCIA O NO CORRESPONDE AL TIPO DE VEHÍCULO),169
LAMBAYEQUE,2012,MASCULINO MENOR DE 18 AÑOS,226
LAMBAYEQUE,2012,MASCULINO ENTRE 19 A 25 AÑOS,1212
LAMBAYEQUE,2012,MASCULINO ENTRE 26 Y 60 AÑOS,2535
LAMBAYEQUE,2012,MASCULINO ENTRE 60 AÑOS A MÁS,214
LAMBAYEQUE,2012,FEMENINO MENOR DE 18 AÑOS,20
LAMBAYEQUE,2012,FEMENINO ENTRE 19 A 25 AÑOS,84
LAMBAYEQUE,2012,FEMENINO ENTRE 26 A 60 AÑOS,106
LAMBAYEQUE,2012,FEMENINO ENTRE 60 AÑOS A MÁS,11
LAMBAYEQUE,2012,LICENCIA PROFESIONAL,2097
LAMBAYEQUE,2012,LICENCIA PARTICULAR,1234
LAMBAYEQUE,2012,LICENCIA MILITAR,56
LAMBAYEQUE,2012,SIN LICENCIA,872
LAMBAYEQUE,2012,OTROS (NO TIENE LICENCIA O NO CORRESPONDE AL TIPO DE VEHÍCULO),149
LAMBAYEQUE,2013,MASCULINO MENOR DE 18 AÑOS,259
LAMBAYEQUE,2013,MASCULINO ENTRE 19 A 25 AÑOS,1333
LAMBAYEQUE,2013,MASCULINO ENTRE 26 Y 60 AÑOS,2940
LAMBAYEQUE,2013,MASCULINO ENTRE 60 AÑOS A MÁS,189
LAMBAYEQUE,2013,FEMENINO MENOR DE 18 AÑOS,37
LAMBAYEQUE,2013,FEMENINO ENTRE 19 A 25 AÑOS,67
LAMBAYEQUE,2013,FEMENINO ENTRE 26 A 60 AÑOS,112
LAMBAYEQUE,2013,FEMENINO ENTRE 60 AÑOS A MÁS,9
LAMBAYEQUE,2013,LICENCIA PROFESIONAL,2191
LAMBAYEQUE,2013,LICENCIA PARTICULAR,1581
LAMBAYEQUE,2013,LICENCIA MILITAR,69
LAMBAYEQUE,2013,SIN LICENCIA,889
LAMBAYEQUE,2013,OTROS (NO TIENE LICENCIA O NO CORRESPONDE AL TIPO DE VEHÍCULO),216
LAMBAYEQUE,2014,MASCULINO MENOR DE 18 AÑOS,118
LAMBAYEQUE,2014,MASCULINO ENTRE 19 A 25 AÑOS,1320
LAMBAYEQUE,2014,MASCULINO ENTRE 26 Y 60 AÑOS,2984
LAMBAYEQUE,2014,MASCULINO ENTRE 60 AÑOS A MÁS,285
LAMBAYEQUE,2014,FEMENINO MENOR DE 18 AÑOS,19
LAMBAYEQUE,2014,FEMENINO ENTRE 19 A 25 AÑOS,113
LAMBAYEQUE,2014,FEMENINO ENTRE 26 A 60 AÑOS,201
LAMBAYEQUE,2014,FEMENINO ENTRE 60 AÑOS A MÁS,49
LAMBAYEQUE,2014,LICENCIA PROFESIONAL,2227
LAMBAYEQUE,2014,LICENCIA PARTICULAR,1134
LAMBAYEQUE,2014,LICENCIA MILITAR,23
LAMBAYEQUE,2014,SIN LICENCIA,704
LAMBAYEQUE,2014,OTROS (NO TIENE LICENCIA O NO CORRESPONDE AL TIPO DE VEHÍCULO),1001
LAMBAYEQUE,2015,MASCULINO MENOR DE 18 AÑOS,112
LAMBAYEQUE,2015,MASCULINO ENTRE 19 A 25 AÑOS,1218
LAMBAYEQUE,2015,MASCULINO ENTRE 26 Y 60 AÑOS,2035
LAMBAYEQUE,2015,MASCULINO ENTRE 60 AÑOS A MÁS,387
LAMBAYEQUE,2015,FEMENINO MENOR DE 18 AÑOS,15
LAMBAYEQUE,2015,FEMENINO ENTRE 19 A 25 AÑOS,53
LAMBAYEQUE,2015,FEMENINO ENTRE 26 A 60 AÑOS,78
LAMBAYEQUE,2015,FEMENINO ENTRE 60 AÑOS A MÁS,9
LAMBAYEQUE,2015,SE DESCONOCE POR FUGA,0
LAMBAYEQUE,2015,LICENCIA PROFESIONAL,1226
LAMBAYEQUE,2015,LICENCIA PARTICULAR,1114
LAMBAYEQUE,2015,LICENCIA MILITAR,18
LAMBAYEQUE,2015,SIN LICENCIA,449
LAMBAYEQUE,2015,LICENCIA DE VEHÍCULO MENOR,719
LAMBAYEQUE,2015,LICENCIA EXTRANJERA,0
LAMBAYEQUE,2015,OTROS (NO TIENE LICENCIA O NO CORRESPONDE AL TIPO DE VEHÍCULO),381
LAMBAYEQUE,2016,MASCULINO MENOR DE 18 AÑOS,58
LAMBAYEQUE,2016,MASCULINO ENTRE 19 A 25 AÑOS,974
LAMBAYEQUE,2016,MASCULINO ENTRE 26 Y 60 AÑOS,2582
LAMBAYEQUE,2016,MASCULINO ENTRE 60 AÑOS A MÁS,365
LAMBAYEQUE,2016,FEMENINO MENOR DE 18 AÑOS,0
LAMBAYEQUE,2016,FEMENINO ENTRE 19 A 25 AÑOS,24
LAMBAYEQUE,2016,FEMENINO ENTRE 26 A 60 AÑOS,95
LAMBAYEQUE,2016,FEMENINO ENTRE 60 AÑOS A MÁS,6
LAMBAYEQUE,2016,SE DESCONOCE POR FUGA,0
LAMBAYEQUE,2016,LICENCIA PROFESIONAL,1810
LAMBAYEQUE,2016,LICENCIA PARTICULAR,575
LAMBAYEQUE,2016,LICENCIA MILITAR,2
LAMBAYEQUE,2016,SIN LICENCIA,260
LAMBAYEQUE,2016,LICENCIA DE VEHÍCULO MENOR,1312
LAMBAYEQUE,2016,LICENCIA EXTRANJERA,3
LAMBAYEQUE,2016,OTROS (NO TIENE LICENCIA O NO CORRESPONDE AL TIPO DE VEHÍCULO),142
LAMBAYEQUE,2017,MASCULINO MENOR ENTRE 13 Y 18 AÑOS,67
LAMBAYEQUE,2017,MASCULINO ENTRE 19 A 25 AÑOS,1186
LAMBAYEQUE,2017,MASCULINO ENTRE 26 Y 60 AÑOS,2783
LAMBAYEQUE,2017,MASCULINO ENTRE 60 AÑOS A MÁS,451
LAMBAYEQUE,2017,FEMENINO MENOR ENTRE 13 Y 18 AÑOS,3
LAMBAYEQUE,2017,FEMENINO ENTRE 19 A 25 AÑOS,30
LAMBAYEQUE,2017,FEMENINO ENTRE 26 A 60 AÑOS,73
LAMBAYEQUE,2017,FEMENINO ENTRE 60 AÑOS A MÁS,6
LAMBAYEQUE,2017,SE DESCONOCE POR FUGA,70
LAMBAYEQUE,2017,LICENCIA PROFESIONAL,1237
LAMBAYEQUE,2017,LICENCIA PARTICULAR,1494
LAMBAYEQUE,2017,LICENCIA MILITAR,22
LAMBAYEQUE,2017,SIN LICENCIA,268
LAMBAYEQUE,2017,LICENCIA DE VEHÍCULO MENOR,1410
LAMBAYEQUE,2017,LICENCIA EXTRANJERA,9
LAMBAYEQUE,2017,OTROS (NO TIENE LICENCIA O NO CORRESPONDE AL TIPO DE VEHÍCULO),229
LAMBAYEQUE,2018,ENTRE 12 Y 17 AÑOS,59
LAMBAYEQUE,2018,ENTRE 18 A 29 AÑOS,1783
LAMBAYEQUE,2018,ENTRE 30 Y 59 AÑOS,2759
LAMBAYEQUE,2018,ENTRE 60 AÑOS A MÁS,190
LAMBAYEQUE,2018,ENTRE 12 Y 17 AÑOS,3
LAMBAYEQUE,2018,ENTRE 18 A 29 AÑOS,36
LAMBAYEQUE,2018,ENTRE 30 Y 59 AÑOS,67
LAMBAYEQUE,2018,ENTRE 60 AÑOS A MÁS,7
LAMBAYEQUE,2018,LICENCIA PROFESIONAL,1176
LAMBAYEQUE,2018,LICENCIA PARTICULAR,1980
LAMBAYEQUE,2018,LICENCIA MILITAR,6
LAMBAYEQUE,2018,SIN LICENCIA,616
LAMBAYEQUE,2018,LICENCIA DE VEHÍCULO MENOR,1152
LAMBAYEQUE,2018,LICENCIA EXTRANJERA,8
LAMBAYEQUE,2019,ENTRE 12 Y 17 AÑOS,47
LAMBAYEQUE,2019,ENTRE 18 A 29 AÑOS,2297
LAMBAYEQUE,2019,ENTRE 30 Y 59 AÑOS,3168
LAMBAYEQUE,2019,ENTRE 60 AÑOS A MÁS,238
LAMBAYEQUE,2019,ENTRE 12 Y 17 AÑOS,3
LAMBAYEQUE,2019,ENTRE 18 A 29 AÑOS,91
LAMBAYEQUE,2019,ENTRE 30 Y 59 AÑOS,154
LAMBAYEQUE,2019,ENTRE 60 AÑOS A MÁS,4
LAMBAYEQUE,2019,LICENCIA PROFESIONAL,1503
LAMBAYEQUE,2019,LICENCIA PARTICULAR,2854
LAMBAYEQUE,2019,LICENCIA MILITAR,12
LAMBAYEQUE,2019,SIN LICENCIA,296
LAMBAYEQUE,2019,LICENCIA DE VEHÍCULO MENOR,1326
LAMBAYEQUE,2019,LICENCIA EXTRANJERA,11
LAMBAYEQUE,2020,ENTRE 12 Y 17 AÑOS,78
LAMBAYEQUE,2020,ENTRE 18 A 29 AÑOS,1538
LAMBAYEQUE,2020,ENTRE 30 Y 59 AÑOS,1669
LAMBAYEQUE,2020,ENTRE 60 AÑOS A MÁS,122
LAMBAYEQUE,2020,ENTRE 12 Y 17 AÑOS,2
LAMBAYEQUE,2020,ENTRE 18 A 29 AÑOS,62
LAMBAYEQUE,2020,ENTRE 30 Y 59 AÑOS,62
LAMBAYEQUE,2020,ENTRE 60 AÑOS A MÁS,5
LAMBAYEQUE,2020,LICENCIA PROFESIONAL,826
LAMBAYEQUE,2020,LICENCIA PARTICULAR,1504
LAMBAYEQUE,2020,LICENCIA MILITAR,28
LAMBAYEQUE,2020,SIN LICENCIA,196
LAMBAYEQUE,2020,LICENCIA DE VEHÍCULO MENOR,973
LAMBAYEQUE,2020,LICENCIA EXTRANJERA,16
LAMBAYEQUE,2021,ENTRE 12 Y 17 AÑOS,36
LAMBAYEQUE,2021,ENTRE 18 A 29 AÑOS,1429
LAMBAYEQUE,2021,ENTRE 30 Y 59 AÑOS,2032
LAMBAYEQUE,2021,ENTRE 60 AÑOS A MÁS,119
LAMBAYEQUE,2021,ENTRE 12 Y 17 AÑOS,3
LAMBAYEQUE,2021,ENTRE 18 A 29 AÑOS,84
LAMBAYEQUE,2021,ENTRE 30 Y 59 AÑOS,88
LAMBAYEQUE,2021,ENTRE 60 AÑOS A MÁS,4
LAMBAYEQUE,2021,LICENCIA PROFESIONAL,896
LAMBAYEQUE,2021,LICENCIA PARTICULAR,1524
LAMBAYEQUE,2021,LICENCIA MILITAR,8
LAMBAYEQUE,2021,SIN LICENCIA,421
LAMBAYEQUE,2021,LICENCIA DE VEHÍCULO MENOR,943
LAMBAYEQUE,2021,LICENCIA EXTRANJERA,12
LAMBAYEQUE,2022,ENTRE 12 Y 17 AÑOS,45
LAMBAYEQUE,2022,ENTRE 18 A 29 AÑOS,1765
LAMBAYEQUE,2022,ENTRE 30 Y 59 AÑOS,2297
LAMBAYEQUE,2022,ENTRE 60 AÑOS A MÁS,184
LAMBAYEQUE,2022,ENTRE 12 Y 17 AÑOS,9
LAMBAYEQUE,2022,ENTRE 18 A 29 AÑOS,35
LAMBAYEQUE,2022,ENTRE 30 Y 59 AÑOS,88
LAMBAYEQUE,2022,ENTRE 60 AÑOS A MÁS,1
LAMBAYEQUE,2022,LICENCIA PROFESIONAL,671
LAMBAYEQUE,2022,LICENCIA PARTICULAR,2161
LAMBAYEQUE,2022,LICENCIA MILITAR,14
LAMBAYEQUE,2022,SIN LICENCIA,592
LAMBAYEQUE,2022,LICENCIA DE VEHÍCULO MENOR,990
LAMBAYEQUE,2022,LICENCIA EXTRANJERA,3
LAMBAYEQUE,2023,ENTRE 12 Y 17 AÑOS,63
LAMBAYEQUE,2023,ENTRE 18 A 29 AÑOS,1642
LAMBAYEQUE,2023,ENTRE 30 Y 59 AÑOS,2089
LAMBAYEQUE,2023,ENTRE 60 AÑOS A MÁS,253
LAMBAYEQUE,2023,ENTRE 12 Y 17 AÑOS,62
LAMBAYEQUE,2023,ENTRE 18 A 29 AÑOS,90
LAMBAYEQUE,2023,ENTRE 30 Y 59 AÑOS,136
LAMBAYEQUE,2023,ENTRE 60 AÑOS A MÁS,12
LAMBAYEQUE,2023,LICENCIA PROFESIONAL,536
LAMBAYEQUE,2023,LICENCIA PARTICULAR,2190
LAMBAYEQUE,2023,LICENCIA MILITAR,10
LAMBAYEQUE,2023,SIN LICENCIA,1019
LAMBAYEQUE,2023,LICENCIA DE VEHÍCULO MENOR,24
LAMBAYEQUE,2023,LICENCIA EXTRANJERA,573
LAMBAYEQUE,2024,ENTRE 12 Y 17 AÑOS,36
LAMBAYEQUE,2024,ENTRE 18 A 29 AÑOS,1860
LAMBAYEQUE,2024,ENTRE 30 Y 59 AÑOS,2493
LAMBAYEQUE,2024,ENTRE 60 AÑOS A MÁS,298
LAMBAYEQUE,2024,ENTRE 12 Y 17 AÑOS,5
LAMBAYEQUE,2024,ENTRE 18 A 29 AÑOS,93
LAMBAYEQUE,2024,ENTRE 30 Y 59 AÑOS,142
LAMBAYEQUE,2024,ENTRE 60 AÑOS A MÁS,15
LAMBAYEQUE,2024,LICENCIA PROFESIONAL,646
LAMBAYEQUE,2024,LICENCIA PARTICULAR,2483
LAMBAYEQUE,2024,LICENCIA MILITAR,15
LAMBAYEQUE,2024,SIN LICENCIA,1054
LAMBAYEQUE,2024,LICENCIA DE VEHÍCULO MENOR,5
LAMBAYEQUE,2024,LICENCIA EXTRANJERA,782
LIMA,2008,MASCULINO MENOR DE 18 AÑOS,2028
LIMA,2008,MASCULINO MAYOR DE 18 AÑOS,55458
LIMA,2008,FEMENINO MENOR DE 18 AÑOS,421
LIMA,2008,FEMENINO MAYOR DE 18 AÑOS,9501
LIMA,2008,LICENCIA PROFESIONAL,32280
LIMA,2008,LICENCIA PARTICULAR,28666
LIMA,2008,LICENCIA MILITAR,748
LIMA,2008,SIN LICENCIA,3887
LIMA,2008,OTROS (NO TIENE LICENCIA O NO CORRESPONDE AL TIPO DE VEHÍCULO),1827
LIMA,2009,MASCULINO MENOR DE 18 AÑOS,2334
LIMA,2009,MASCULINO MAYOR DE 18 AÑOS,57804
LIMA,2009,FEMENINO MENOR DE 18 AÑOS,302
LIMA,2009,FEMENINO MAYOR DE 18 AÑOS,7740
LIMA,2009,LICENCIA PROFESIONAL,30334
LIMA,2009,LICENCIA PARTICULAR,31163
LIMA,2009,LICENCIA MILITAR,984
LIMA,2009,SIN LICENCIA,3865
LIMA,2009,OTROS (NO TIENE LICENCIA O NO CORRESPONDE AL TIPO DE VEHÍCULO),1834
LIMA,2010,MASCULINO MENOR DE 18 AÑOS,1328
LIMA,2010,MASCULINO ENTRE 19 A 25 AÑOS,16401
LIMA,2010,MASCULINO ENTRE 26 Y 60 AÑOS,40280
LIMA,2010,MASCULINO ENTRE 60 AÑOS A MÁS,4220
LIMA,2010,FEMENINO MENOR DE 18 AÑOS,138
LIMA,2010,FEMENINO ENTRE 19 A 25 AÑOS,3042
LIMA,2010,FEMENINO ENTRE 26 A 60 AÑOS,5658
LIMA,2010,FEMENINO ENTRE 60 AÑOS A MÁS,515
LIMA,2010,LICENCIA PROFESIONAL,29374
LIMA,2010,LICENCIA PARTICULAR,34339
LIMA,2010,LICENCIA MILITAR,792
LIMA,2010,SIN LICENCIA,3846
LIMA,2010,OTROS (NO TIENE LICENCIA O NO CORRESPONDE AL TIPO DE VEHÍCULO),3231
LIMA,2011,MASCULINO MENOR DE 18 AÑOS,1519
LIMA,2011,MASCULINO ENTRE 19 A 25 AÑOS,17557
LIMA,2011,MASCULINO ENTRE 26 Y 60 AÑOS,39015
LIMA,2011,MASCULINO ENTRE 60 AÑOS A MÁS,4204
LIMA,2011,FEMENINO MENOR DE 18 AÑOS,136
LIMA,2011,FEMENINO ENTRE 19 A 25 AÑOS,3126
LIMA,2011,FEMENINO ENTRE 26 A 60 AÑOS,5834
LIMA,2011,FEMENINO ENTRE 60 AÑOS A MÁS,749
LIMA,2011,LICENCIA PROFESIONAL,28264
LIMA,2011,LICENCIA PARTICULAR,35448
LIMA,2011,LICENCIA MILITAR,732
LIMA,2011,SIN LICENCIA,4161
LIMA,2011,OTROS (NO TIENE LICENCIA O NO CORRESPONDE AL TIPO DE VEHÍCULO),3537
LIMA,2012,MASCULINO MENOR DE 18 AÑOS,1022
LIMA,2012,MASCULINO ENTRE 19 A 25 AÑOS,18325
LIMA,2012,MASCULINO ENTRE 26 Y 60 AÑOS,41140
LIMA,2012,MASCULINO ENTRE 60 AÑOS A MÁS,4828
LIMA,2012,FEMENINO MENOR DE 18 AÑOS,32
LIMA,2012,FEMENINO ENTRE 19 A 25 AÑOS,2331
LIMA,2012,FEMENINO ENTRE 26 A 60 AÑOS,5504
LIMA,2012,FEMENINO ENTRE 60 AÑOS A MÁS,332
LIMA,2012,LICENCIA PROFESIONAL,27294
LIMA,2012,LICENCIA PARTICULAR,36450
LIMA,2012,LICENCIA MILITAR,964
LIMA,2012,SIN LICENCIA,5128
LIMA,2012,OTROS (NO TIENE LICENCIA O NO CORRESPONDE AL TIPO DE VEHÍCULO),3678
LIMA,2013,MASCULINO MENOR DE 18 AÑOS,787
LIMA,2013,MASCULINO ENTRE 19 A 25 AÑOS,18571
LIMA,2013,MASCULINO ENTRE 26 Y 60 AÑOS,45402
LIMA,2013,MASCULINO ENTRE 60 AÑOS A MÁS,4084
LIMA,2013,FEMENINO MENOR DE 18 AÑOS,50
LIMA,2013,FEMENINO ENTRE 19 A 25 AÑOS,2512
LIMA,2013,FEMENINO ENTRE 26 A 60 AÑOS,5942
LIMA,2013,FEMENINO ENTRE 60 AÑOS A MÁS,464
LIMA,2013,LICENCIA PROFESIONAL,28449
LIMA,2013,LICENCIA PARTICULAR,40109
LIMA,2013,LICENCIA MILITAR,860
LIMA,2013,SIN LICENCIA,5121
LIMA,2013,OTROS (NO TIENE LICENCIA O NO CORRESPONDE AL TIPO DE VEHÍCULO),3273
LIMA,2014,MASCULINO MENOR DE 18 AÑOS,826
LIMA,2014,MASCULINO ENTRE 19 A 25 AÑOS,17595
LIMA,2014,MASCULINO ENTRE 26 Y 60 AÑOS,46453
LIMA,2014,MASCULINO ENTRE 60 AÑOS A MÁS,4598
LIMA,2014,FEMENINO MENOR DE 18 AÑOS,19
LIMA,2014,FEMENINO ENTRE 19 A 25 AÑOS,2128
LIMA,2014,FEMENINO ENTRE 26 A 60 AÑOS,5935
LIMA,2014,FEMENINO ENTRE 60 AÑOS A MÁS,814
LIMA,2014,LICENCIA PROFESIONAL,27585
LIMA,2014,LICENCIA PARTICULAR,36628
LIMA,2014,LICENCIA MILITAR,610
LIMA,2014,SIN LICENCIA,5354
LIMA,2014,OTROS (NO TIENE LICENCIA O NO CORRESPONDE AL TIPO DE VEHÍCULO),8191
LIMA,2015,MASCULINO MENOR DE 18 AÑOS,720
LIMA,2015,MASCULINO ENTRE 19 A 25 AÑOS,17830
LIMA,2015,MASCULINO ENTRE 26 Y 60 AÑOS,42419
LIMA,2015,MASCULINO ENTRE 60 AÑOS A MÁS,4966
LIMA,2015,FEMENINO MENOR DE 18 AÑOS,47
LIMA,2015,FEMENINO ENTRE 19 A 25 AÑOS,2668
LIMA,2015,FEMENINO ENTRE 26 A 60 AÑOS,6226
LIMA,2015,FEMENINO ENTRE 60 AÑOS A MÁS,748
LIMA,2015,SE DESCONOCE POR FUGA,2139
LIMA,2015,LICENCIA PROFESIONAL,27133
LIMA,2015,LICENCIA PARTICULAR,34301
LIMA,2015,LICENCIA MILITAR,881
LIMA,2015,SIN LICENCIA,4762
LIMA,2015,LICENCIA DE VEHÍCULO MENOR,7334
LIMA,2015,LICENCIA EXTRANJERA,198
LIMA,2015,OTROS (NO TIENE LICENCIA O NO CORRESPONDE AL TIPO DE VEHÍCULO),3154
LIMA,2016,MASCULINO MENOR DE 18 AÑOS,580
LIMA,2016,MASCULINO ENTRE 19 A 25 AÑOS,16831
LIMA,2016,MASCULINO ENTRE 26 Y 60 AÑOS,38705
LIMA,2016,MASCULINO ENTRE 60 AÑOS A MÁS,3981
LIMA,2016,FEMENINO MENOR DE 18 AÑOS,61
LIMA,2016,FEMENINO ENTRE 19 A 25 AÑOS,2615
LIMA,2016,FEMENINO ENTRE 26 A 60 AÑOS,5915
LIMA,2016,FEMENINO ENTRE 60 AÑOS A MÁS,519
LIMA,2016,SE DESCONOCE POR FUGA,2473
LIMA,2016,LICENCIA PROFESIONAL,22840
LIMA,2016,LICENCIA PARTICULAR,33672
LIMA,2016,LICENCIA MILITAR,936
LIMA,2016,SIN LICENCIA,3526
LIMA,2016,LICENCIA DE VEHÍCULO MENOR,7345
LIMA,2016,LICENCIA EXTRANJERA,222
LIMA,2016,OTROS (NO TIENE LICENCIA O NO CORRESPONDE AL TIPO DE VEHÍCULO),3139
LIMA,2017,MASCULINO MENOR ENTRE 13 Y 18 AÑOS,854
LIMA,2017,MASCULINO ENTRE 19 A 25 AÑOS,17041
LIMA,2017,MASCULINO ENTRE 26 Y 60 AÑOS,37967
LIMA,2017,MASCULINO ENTRE 60 AÑOS A MÁS,4438
LIMA,2017,FEMENINO MENOR ENTRE 13 Y 18 AÑOS,114
LIMA,2017,FEMENINO ENTRE 19 A 25 AÑOS,2458
LIMA,2017,FEMENINO ENTRE 26 A 60 AÑOS,5489
LIMA,2017,FEMENINO ENTRE 60 AÑOS A MÁS,513
LIMA,2017,SE DESCONOCE POR FUGA,3599
LIMA,2017,LICENCIA PROFESIONAL,20483
LIMA,2017,LICENCIA PARTICULAR,35075
LIMA,2017,LICENCIA MILITAR,789
LIMA,2017,SIN LICENCIA,3358
LIMA,2017,LICENCIA DE VEHÍCULO MENOR,8503
LIMA,2017,LICENCIA EXTRANJERA,128
LIMA,2017,OTROS (NO TIENE LICENCIA O NO CORRESPONDE AL TIPO DE VEHÍCULO),4137
LIMA,2018,ENTRE 12 Y 17 AÑOS,415
LIMA,2018,ENTRE 18 A 29 AÑOS,18122
LIMA,2018,ENTRE 30 Y 59 AÑOS,33109
LIMA,2018,ENTRE 60 AÑOS A MÁS,3926
LIMA,2018,ENTRE 12 Y 17 AÑOS,18
LIMA,2018,ENTRE 18 A 29 AÑOS,2608
LIMA,2018,ENTRE 30 Y 59 AÑOS,5103
LIMA,2018,ENTRE 60 AÑOS A MÁS,843
LIMA,2018,LICENCIA PROFESIONAL,16969
LIMA,2018,LICENCIA PARTICULAR,34478
LIMA,2018,LICENCIA MILITAR,642
LIMA,2018,SIN LICENCIA,5998
LIMA,2018,LICENCIA DE VEHÍCULO MENOR,9149
LIMA,2018,LICENCIA EXTRANJERA,365
LIMA,2019,ENTRE 12 Y 17 AÑOS,182
LIMA,2019,ENTRE 18 A 29 AÑOS,16589
LIMA,2019,ENTRE 30 Y 59 AÑOS,32059
LIMA,2019,ENTRE 60 AÑOS A MÁS,3873
LIMA,2019,ENTRE 12 Y 17 AÑOS,6
LIMA,2019,ENTRE 18 A 29 AÑOS,1906
LIMA,2019,ENTRE 30 Y 59 AÑOS,4321
LIMA,2019,ENTRE 60 AÑOS A MÁS,605
LIMA,2019,LICENCIA PROFESIONAL,13540
LIMA,2019,LICENCIA PARTICULAR,33807
LIMA,2019,LICENCIA MILITAR,411
LIMA,2019,SIN LICENCIA,5083
LIMA,2019,LICENCIA DE VEHÍCULO MENOR,9184
LIMA,2019,LICENCIA EXTRANJERA,343
LIMA,2020,ENTRE 12 Y 17 AÑOS,85
LIMA,2020,ENTRE 18 A 29 AÑOS,10311
LIMA,2020,ENTRE 30 Y 59 AÑOS,18755
LIMA,2020,ENTRE 60 AÑOS A MÁS,2117
LIMA,2020,ENTRE 12 Y 17 AÑOS,14
LIMA,2020,ENTRE 18 A 29 AÑOS,1178
LIMA,2020,ENTRE 30 Y 59 AÑOS,2348
LIMA,2020,ENTRE 60 AÑOS A MÁS,261
LIMA,2020,LICENCIA PROFESIONAL,6757
LIMA,2020,LICENCIA PARTICULAR,19432
LIMA,2020,LICENCIA MILITAR,429
LIMA,2020,SIN LICENCIA,4123
LIMA,2020,LICENCIA DE VEHÍCULO MENOR,5482
LIMA,2020,LICENCIA EXTRANJERA,205
LIMA,2021,ENTRE 12 Y 17 AÑOS,98
LIMA,2021,ENTRE 18 A 29 AÑOS,12255
LIMA,2021,ENTRE 30 Y 59 AÑOS,23201
LIMA,2021,ENTRE 60 AÑOS A MÁS,2703
LIMA,2021,ENTRE 12 Y 17 AÑOS,62
LIMA,2021,ENTRE 18 A 29 AÑOS,1647
LIMA,2021,ENTRE 30 Y 59 AÑOS,3016
LIMA,2021,ENTRE 60 AÑOS A MÁS,228
LIMA,2021,LICENCIA PROFESIONAL,8928
LIMA,2021,LICENCIA PARTICULAR,23235
LIMA,2021,LICENCIA MILITAR,485
LIMA,2021,SIN LICENCIA,4797
LIMA,2021,LICENCIA DE VEHÍCULO MENOR,7171
LIMA,2021,LICENCIA EXTRANJERA,398
LIMA,2022,ENTRE 12 Y 17 AÑOS,229
LIMA,2022,ENTRE 18 A 29 AÑOS,12946
LIMA,2022,ENTRE 30 Y 59 AÑOS,25681
LIMA,2022,ENTRE 60 AÑOS A MÁS,3194
LIMA,2022,ENTRE 12 Y 17 AÑOS,59
LIMA,2022,ENTRE 18 A 29 AÑOS,2061
LIMA,2022,ENTRE 30 Y 59 AÑOS,3614
LIMA,2022,ENTRE 60 AÑOS A MÁS,260
LIMA,2022,LICENCIA PROFESIONAL,9173
LIMA,2022,LICENCIA PARTICULAR,25516
LIMA,2022,LICENCIA MILITAR,361
LIMA,2022,SIN LICENCIA,7175
LIMA,2022,LICENCIA DE VEHÍCULO MENOR,7969
LIMA,2022,LICENCIA EXTRANJERA,377
LIMA,2023,ENTRE 12 Y 17 AÑOS,252
LIMA,2023,ENTRE 18 A 29 AÑOS,15380
LIMA,2023,ENTRE 30 Y 59 AÑOS,28682
LIMA,2023,ENTRE 60 AÑOS A MÁS,3811
LIMA,2023,ENTRE 12 Y 17 AÑOS,53
LIMA,2023,ENTRE 18 A 29 AÑOS,2447
LIMA,2023,ENTRE 30 Y 59 AÑOS,4701
LIMA,2023,ENTRE 60 AÑOS A MÁS,427
LIMA,2023,LICENCIA PROFESIONAL,10340
LIMA,2023,LICENCIA PARTICULAR,32452
LIMA,2023,LICENCIA MILITAR,1176
LIMA,2023,SIN LICENCIA,8665
LIMA,2023,LICENCIA DE VEHÍCULO MENOR,177
LIMA,2023,LICENCIA EXTRANJERA,6382
LIMA,2024,ENTRE 12 Y 17 AÑOS,363
LIMA,2024,ENTRE 18 A 29 AÑOS,13769
LIMA,2024,ENTRE 30 Y 59 AÑOS,27760
LIMA,2024,ENTRE 60 AÑOS A MÁS,4222
LIMA,2024,ENTRE 12 Y 17 AÑOS,69
LIMA,2024,ENTRE 18 A 29 AÑOS,2078
LIMA,2024,ENTRE 30 Y 59 AÑOS,4504
LIMA,2024,ENTRE 60 AÑOS A MÁS,601
LIMA,2024,LICENCIA PROFESIONAL,10502
LIMA,2024,LICENCIA PARTICULAR,31701
LIMA,2024,LICENCIA MILITAR,417
LIMA,2024,SIN LICENCIA,7176
LIMA,2024,LICENCIA DE VEHÍCULO MENOR,318
LIMA,2024,LICENCIA EXTRANJERA,7662
LORETO,2008,MASCULINO MENOR DE 18 AÑOS,161
LORETO,2008,MASCULINO MAYOR DE 18 AÑOS,1075
LORETO,2008,FEMENINO MENOR DE 18 AÑOS,51
LORETO,2008,FEMENINO MAYOR DE 18 AÑOS,192
LORETO,2008,LICENCIA PROFESIONAL,491
LORETO,2008,LICENCIA PARTICULAR,490
LORETO,2008,LICENCIA MILITAR,60
LORETO,2008,SIN LICENCIA,401
LORETO,2008,OTROS (NO TIENE LICENCIA O NO CORRESPONDE AL TIPO DE VEHÍCULO),37
LORETO,2009,MASCULINO MENOR DE 18 AÑOS,104
LORETO,2009,MASCULINO MAYOR DE 18 AÑOS,1257
LORETO,2009,FEMENINO MENOR DE 18 AÑOS,10
LORETO,2009,FEMENINO MAYOR DE 18 AÑOS,266
LORETO,2009,LICENCIA PROFESIONAL,610
LORETO,2009,LICENCIA PARTICULAR,470
LORETO,2009,LICENCIA MILITAR,89
LORETO,2009,SIN LICENCIA,413
LORETO,2009,OTROS (NO TIENE LICENCIA O NO CORRESPONDE AL TIPO DE VEHÍCULO),55
LORETO,2010,MASCULINO MENOR DE 18 AÑOS,128
LORETO,2010,MASCULINO ENTRE 19 A 25 AÑOS,575
LORETO,2010,MASCULINO ENTRE 26 Y 60 AÑOS,594
LORETO,2010,MASCULINO ENTRE 60 AÑOS A MÁS,34
LORETO,2010,FEMENINO MENOR DE 18 AÑOS,38
LORETO,2010,FEMENINO ENTRE 19 A 25 AÑOS,165
LORETO,2010,FEMENINO ENTRE 26 A 60 AÑOS,144
LORETO,2010,FEMENINO ENTRE 60 AÑOS A MÁS,4
LORETO,2010,LICENCIA PROFESIONAL,329
LORETO,2010,LICENCIA PARTICULAR,856
LORETO,2010,LICENCIA MILITAR,5
LORETO,2010,SIN LICENCIA,488
LORETO,2010,OTROS (NO TIENE LICENCIA O NO CORRESPONDE AL TIPO DE VEHÍCULO),4
LORETO,2011,MASCULINO MENOR DE 18 AÑOS,74
LORETO,2011,MASCULINO ENTRE 19 A 25 AÑOS,390
LORETO,2011,MASCULINO ENTRE 26 Y 60 AÑOS,415
LORETO,2011,MASCULINO ENTRE 60 AÑOS A MÁS,31
LORETO,2011,FEMENINO MENOR DE 18 AÑOS,28
LORETO,2011,FEMENINO ENTRE 19 A 25 AÑOS,126
LORETO,2011,FEMENINO ENTRE 26 A 60 AÑOS,130
LORETO,2011,FEMENINO ENTRE 60 AÑOS A MÁS,3
LORETO,2011,LICENCIA PROFESIONAL,243
LORETO,2011,LICENCIA PARTICULAR,548
LORETO,2011,LICENCIA MILITAR,13
LORETO,2011,SIN LICENCIA,367
LORETO,2011,OTROS (NO TIENE LICENCIA O NO CORRESPONDE AL TIPO DE VEHÍCULO),26
LORETO,2012,MASCULINO MENOR DE 18 AÑOS,24
LORETO,2012,MASCULINO ENTRE 19 A 25 AÑOS,168
LORETO,2012,MASCULINO ENTRE 26 Y 60 AÑOS,249
LORETO,2012,MASCULINO ENTRE 60 AÑOS A MÁS,32
LORETO,2012,FEMENINO MENOR DE 18 AÑOS,3
LORETO,2012,FEMENINO ENTRE 19 A 25 AÑOS,50
LORETO,2012,FEMENINO ENTRE 26 A 60 AÑOS,71
LORETO,2012,FEMENINO ENTRE 60 AÑOS A MÁS,2
LORETO,2012,LICENCIA PROFESIONAL,69
LORETO,2012,LICENCIA PARTICULAR,279
LORETO,2012,LICENCIA MILITAR,3
LORETO,2012,SIN LICENCIA,247
LORETO,2012,OTROS (NO TIENE LICENCIA O NO CORRESPONDE AL TIPO DE VEHÍCULO),1
LORETO,2013,MASCULINO MENOR DE 18 AÑOS,17
LORETO,2013,MASCULINO ENTRE 19 A 25 AÑOS,107
LORETO,2013,MASCULINO ENTRE 26 Y 60 AÑOS,143
LORETO,2013,MASCULINO ENTRE 60 AÑOS A MÁS,7
LORETO,2013,FEMENINO MENOR DE 18 AÑOS,2
LORETO,2013,FEMENINO ENTRE 19 A 25 AÑOS,29
LORETO,2013,FEMENINO ENTRE 26 A 60 AÑOS,9
LORETO,2013,FEMENINO ENTRE 60 AÑOS A MÁS,0
LORETO,2013,LICENCIA PROFESIONAL,50
LORETO,2013,LICENCIA PARTICULAR,149
LORETO,2013,LICENCIA MILITAR,1
LORETO,2013,SIN LICENCIA,112
LORETO,2013,OTROS (NO TIENE LICENCIA O NO CORRESPONDE AL TIPO DE VEHÍCULO),2
LORETO,2014,MASCULINO MENOR DE 18 AÑOS,11
LORETO,2014,MASCULINO ENTRE 19 A 25 AÑOS,161
LORETO,2014,MASCULINO ENTRE 26 Y 60 AÑOS,317
LORETO,2014,MASCULINO ENTRE 60 AÑOS A MÁS,15
LORETO,2014,FEMENINO MENOR DE 18 AÑOS,3
LORETO,2014,FEMENINO ENTRE 19 A 25 AÑOS,43
LORETO,2014,FEMENINO ENTRE 26 A 60 AÑOS,17
LORETO,2014,FEMENINO ENTRE 60 AÑOS A MÁS,1
LORETO,2014,LICENCIA PROFESIONAL,52
LORETO,2014,LICENCIA PARTICULAR,135
LORETO,2014,LICENCIA MILITAR,2
LORETO,2014,SIN LICENCIA,189
LORETO,2014,OTROS (NO TIENE LICENCIA O NO CORRESPONDE AL TIPO DE VEHÍCULO),190
LORETO,2015,MASCULINO MENOR DE 18 AÑOS,15
LORETO,2015,MASCULINO ENTRE 19 A 25 AÑOS,182
LORETO,2015,MASCULINO ENTRE 26 Y 60 AÑOS,261
LORETO,2015,MASCULINO ENTRE 60 AÑOS A MÁS,26
LORETO,2015,FEMENINO MENOR DE 18 AÑOS,1
LORETO,2015,FEMENINO ENTRE 19 A 25 AÑOS,51
LORETO,2015,FEMENINO ENTRE 26 A 60 AÑOS,53
LORETO,2015,FEMENINO ENTRE 60 AÑOS A MÁS,0
LORETO,2015,SE DESCONOCE POR FUGA,11
LORETO,2015,LICENCIA PROFESIONAL,43
LORETO,2015,LICENCIA PARTICULAR,97
LORETO,2015,LICENCIA MILITAR,0
LORETO,2015,SIN LICENCIA,202
LORETO,2015,LICENCIA DE VEHÍCULO MENOR,251
LORETO,2015,LICENCIA EXTRANJERA,3
LORETO,2015,OTROS (NO TIENE LICENCIA O NO CORRESPONDE AL TIPO DE VEHÍCULO),4
LORETO,2016,MASCULINO MENOR DE 18 AÑOS,12
LORETO,2016,MASCULINO ENTRE 19 A 25 AÑOS,100
LORETO,2016,MASCULINO ENTRE 26 Y 60 AÑOS,262
LORETO,2016,MASCULINO ENTRE 60 AÑOS A MÁS,18
LORETO,2016,FEMENINO MENOR DE 18 AÑOS,13
LORETO,2016,FEMENINO ENTRE 19 A 25 AÑOS,36
LORETO,2016,FEMENINO ENTRE 26 A 60 AÑOS,66
LORETO,2016,FEMENINO ENTRE 60 AÑOS A MÁS,2
LORETO,2016,SE DESCONOCE POR FUGA,19
LORETO,2016,LICENCIA PROFESIONAL,5
LORETO,2016,LICENCIA PARTICULAR,66
LORETO,2016,LICENCIA MILITAR,4
LORETO,2016,SIN LICENCIA,144
LORETO,2016,LICENCIA DE VEHÍCULO MENOR,290
LORETO,2016,LICENCIA EXTRANJERA,13
LORETO,2016,OTROS (NO TIENE LICENCIA O NO CORRESPONDE AL TIPO DE VEHÍCULO),6
LORETO,2017,MASCULINO MENOR ENTRE 13 Y 18 AÑOS,10
LORETO,2017,MASCULINO ENTRE 19 A 25 AÑOS,215
LORETO,2017,MASCULINO ENTRE 26 Y 60 AÑOS,310
LORETO,2017,MASCULINO ENTRE 60 AÑOS A MÁS,18
LORETO,2017,FEMENINO MENOR ENTRE 13 Y 18 AÑOS,3
LORETO,2017,FEMENINO ENTRE 19 A 25 AÑOS,19
LORETO,2017,FEMENINO ENTRE 26 A 60 AÑOS,18
LORETO,2017,FEMENINO ENTRE 60 AÑOS A MÁS,2
LORETO,2017,SE DESCONOCE POR FUGA,78
LORETO,2017,LICENCIA PROFESIONAL,15
LORETO,2017,LICENCIA PARTICULAR,225
LORETO,2017,LICENCIA MILITAR,3
LORETO,2017,SIN LICENCIA,117
LORETO,2017,LICENCIA DE VEHÍCULO MENOR,297
LORETO,2017,LICENCIA EXTRANJERA,5
LORETO,2017,OTROS (NO TIENE LICENCIA O NO CORRESPONDE AL TIPO DE VEHÍCULO),11
LORETO,2018,ENTRE 12 Y 17 AÑOS,6
LORETO,2018,ENTRE 18 A 29 AÑOS,203
LORETO,2018,ENTRE 30 Y 59 AÑOS,171
LORETO,2018,ENTRE 60 AÑOS A MÁS,6
LORETO,2018,ENTRE 12 Y 17 AÑOS,0
LORETO,2018,ENTRE 18 A 29 AÑOS,32
LORETO,2018,ENTRE 30 Y 59 AÑOS,4
LORETO,2018,ENTRE 60 AÑOS A MÁS,0
LORETO,2018,LICENCIA PROFESIONAL,48
LORETO,2018,LICENCIA PARTICULAR,36
LORETO,2018,LICENCIA MILITAR,5
LORETO,2018,SIN LICENCIA,156
LORETO,2018,LICENCIA DE VEHÍCULO MENOR,177
LORETO,2018,LICENCIA EXTRANJERA,0
LORETO,2019,ENTRE 12 Y 17 AÑOS,8
LORETO,2019,ENTRE 18 A 29 AÑOS,154
LORETO,2019,ENTRE 30 Y 59 AÑOS,239
LORETO,2019,ENTRE 60 AÑOS A MÁS,11
LORETO,2019,ENTRE 12 Y 17 AÑOS,0
LORETO,2019,ENTRE 18 A 29 AÑOS,18
LORETO,2019,ENTRE 30 Y 59 AÑOS,36
LORETO,2019,ENTRE 60 AÑOS A MÁS,1
LORETO,2019,LICENCIA PROFESIONAL,12
LORETO,2019,LICENCIA PARTICULAR,52
LORETO,2019,LICENCIA MILITAR,1
LORETO,2019,SIN LICENCIA,254
LORETO,2019,LICENCIA DE VEHÍCULO MENOR,153
LORETO,2019,LICENCIA EXTRANJERA,0
LORETO,2020,ENTRE 12 Y 17 AÑOS,10
LORETO,2020,ENTRE 18 A 29 AÑOS,115
LORETO,2020,ENTRE 30 Y 59 AÑOS,132
LORETO,2020,ENTRE 60 AÑOS A MÁS,7
LORETO,2020,ENTRE 12 Y 17 AÑOS,0
LORETO,2020,ENTRE 18 A 29 AÑOS,6
LORETO,2020,ENTRE 30 Y 59 AÑOS,9
LORETO,2020,ENTRE 60 AÑOS A MÁS,1
LORETO,2020,LICENCIA PROFESIONAL,4
LORETO,2020,LICENCIA PARTICULAR,38
LORETO,2020,LICENCIA MILITAR,0
LORETO,2020,SIN LICENCIA,176
LORETO,2020,LICENCIA DE VEHÍCULO MENOR,69
LORETO,2020,LICENCIA EXTRANJERA,0
LORETO,2021,ENTRE 12 Y 17 AÑOS,11
LORETO,2021,ENTRE 18 A 29 AÑOS,70
LORETO,2021,ENTRE 30 Y 59 AÑOS,138
LORETO,2021,ENTRE 60 AÑOS A MÁS,4
LORETO,2021,ENTRE 12 Y 17 AÑOS,1
LORETO,2021,ENTRE 18 A 29 AÑOS,4
LORETO,2021,ENTRE 30 Y 59 AÑOS,19
LORETO,2021,ENTRE 60 AÑOS A MÁS,0
LORETO,2021,LICENCIA PROFESIONAL,3
LORETO,2021,LICENCIA PARTICULAR,53
LORETO,2021,LICENCIA MILITAR,2
LORETO,2021,SIN LICENCIA,138
LORETO,2021,LICENCIA DE VEHÍCULO MENOR,53
LORETO,2021,LICENCIA EXTRANJERA,1
LORETO,2022,ENTRE 12 Y 17 AÑOS,2
LORETO,2022,ENTRE 18 A 29 AÑOS,53
LORETO,2022,ENTRE 30 Y 59 AÑOS,123
LORETO,2022,ENTRE 60 AÑOS A MÁS,5
LORETO,2022,ENTRE 12 Y 17 AÑOS,0
LORETO,2022,ENTRE 18 A 29 AÑOS,9
LORETO,2022,ENTRE 30 Y 59 AÑOS,7
LORETO,2022,ENTRE 60 AÑOS A MÁS,0
LORETO,2022,LICENCIA PROFESIONAL,4
LORETO,2022,LICENCIA PARTICULAR,22
LORETO,2022,LICENCIA MILITAR,0
LORETO,2022,SIN LICENCIA,108
LORETO,2022,LICENCIA DE VEHÍCULO MENOR,64
LORETO,2022,LICENCIA EXTRANJERA,1
LORETO,2023,ENTRE 12 Y 17 AÑOS,5
LORETO,2023,ENTRE 18 A 29 AÑOS,99
LORETO,2023,ENTRE 30 Y 59 AÑOS,168
LORETO,2023,ENTRE 60 AÑOS A MÁS,4
LORETO,2023,ENTRE 12 Y 17 AÑOS,0
LORETO,2023,ENTRE 18 A 29 AÑOS,16
LORETO,2023,ENTRE 30 Y 59 AÑOS,31
LORETO,2023,ENTRE 60 AÑOS A MÁS,3
LORETO,2023,LICENCIA PROFESIONAL,7
LORETO,2023,LICENCIA PARTICULAR,56
LORETO,2023,LICENCIA MILITAR,0
LORETO,2023,SIN LICENCIA,69
LORETO,2023,LICENCIA DE VEHÍCULO MENOR,1
LORETO,2023,LICENCIA EXTRANJERA,209
LORETO,2024,ENTRE 12 Y 17 AÑOS,18
LORETO,2024,ENTRE 18 A 29 AÑOS,148
LORETO,2024,ENTRE 30 Y 59 AÑOS,217
LORETO,2024,ENTRE 60 AÑOS A MÁS,15
LORETO,2024,ENTRE 12 Y 17 AÑOS,1
LORETO,2024,ENTRE 18 A 29 AÑOS,22
LORETO,2024,ENTRE 30 Y 59 AÑOS,49
LORETO,2024,ENTRE 60 AÑOS A MÁS,1
LORETO,2024,LICENCIA PROFESIONAL,9
LORETO,2024,LICENCIA PARTICULAR,27
LORETO,2024,LICENCIA MILITAR,0
LORETO,2024,SIN LICENCIA,217
LORETO,2024,LICENCIA DE VEHÍCULO MENOR,1
LORETO,2024,LICENCIA EXTRANJERA,234
MADRE DE DIOS,2008,MASCULINO MENOR DE 18 AÑOS,9
MADRE DE DIOS,2008,MASCULINO MAYOR DE 18 AÑOS,108
MADRE DE DIOS,2008,FEMENINO MENOR DE 18 AÑOS,3
MADRE DE DIOS,2008,FEMENINO MAYOR DE 18 AÑOS,20
MADRE DE DIOS,2008,LICENCIA PROFESIONAL,64
MADRE DE DIOS,2008,LICENCIA PARTICULAR,15
MADRE DE DIOS,2008,LICENCIA MILITAR,3
MADRE DE DIOS,2008,SIN LICENCIA,47
MADRE DE DIOS,2008,OTROS (NO TIENE LICENCIA O NO CORRESPONDE AL TIPO DE VEHÍCULO),11
MADRE DE DIOS,2009,MASCULINO MENOR DE 18 AÑOS,2
MADRE DE DIOS,2009,MASCULINO MAYOR DE 18 AÑOS,74
MADRE DE DIOS,2009,FEMENINO MENOR DE 18 AÑOS,8
MADRE DE DIOS,2009,FEMENINO MAYOR DE 18 AÑOS,11
MADRE DE DIOS,2009,LICENCIA PROFESIONAL,54
MADRE DE DIOS,2009,LICENCIA PARTICULAR,2
MADRE DE DIOS,2009,LICENCIA MILITAR,5
MADRE DE DIOS,2009,SIN LICENCIA,29
MADRE DE DIOS,2009,OTROS (NO TIENE LICENCIA O NO CORRESPONDE AL TIPO DE VEHÍCULO),5
MADRE DE DIOS,2010,MASCULINO MENOR DE 18 AÑOS,1
MADRE DE DIOS,2010,MASCULINO ENTRE 19 A 25 AÑOS,16
MADRE DE DIOS,2010,MASCULINO ENTRE 26 Y 60 AÑOS,39
MADRE DE DIOS,2010,MASCULINO ENTRE 60 AÑOS A MÁS,1
MADRE DE DIOS,2010,FEMENINO MENOR DE 18 AÑOS,0
MADRE DE DIOS,2010,FEMENINO ENTRE 19 A 25 AÑOS,2
MADRE DE DIOS,2010,FEMENINO ENTRE 26 A 60 AÑOS,0
MADRE DE DIOS,2010,FEMENINO ENTRE 60 AÑOS A MÁS,0
MADRE DE DIOS,2010,LICENCIA PROFESIONAL,31
MADRE DE DIOS,2010,LICENCIA PARTICULAR,10
MADRE DE DIOS,2010,LICENCIA MILITAR,0
MADRE DE DIOS,2010,SIN LICENCIA,16
MADRE DE DIOS,2010,OTROS (NO TIENE LICENCIA O NO CORRESPONDE AL TIPO DE VEHÍCULO),2
MADRE DE DIOS,2011,MASCULINO MENOR DE 18 AÑOS,3
MADRE DE DIOS,2011,MASCULINO ENTRE 19 A 25 AÑOS,27
MADRE DE DIOS,2011,MASCULINO ENTRE 26 Y 60 AÑOS,53
MADRE DE DIOS,2011,MASCULINO ENTRE 60 AÑOS A MÁS,3
MADRE DE DIOS,2011,FEMENINO MENOR DE 18 AÑOS,0
MADRE DE DIOS,2011,FEMENINO ENTRE 19 A 25 AÑOS,0
MADRE DE DIOS,2011,FEMENINO ENTRE 26 A 60 AÑOS,0
MADRE DE DIOS,2011,FEMENINO ENTRE 60 AÑOS A MÁS,0
MADRE DE DIOS,2011,LICENCIA PROFESIONAL,29
MADRE DE DIOS,2011,LICENCIA PARTICULAR,26
MADRE DE DIOS,2011,LICENCIA MILITAR,2
MADRE DE DIOS,2011,SIN LICENCIA,29
MADRE DE DIOS,2011,OTROS (NO TIENE LICENCIA O NO CORRESPONDE AL TIPO DE VEHÍCULO),0
MADRE DE DIOS,2012,MASCULINO MENOR DE 18 AÑOS,0
MADRE DE DIOS,2012,MASCULINO ENTRE 19 A 25 AÑOS,15
MADRE DE DIOS,2012,MASCULINO ENTRE 26 Y 60 AÑOS,129
MADRE DE DIOS,2012,MASCULINO ENTRE 60 AÑOS A MÁS,20
MADRE DE DIOS,2012,FEMENINO MENOR DE 18 AÑOS,0
MADRE DE DIOS,2012,FEMENINO ENTRE 19 A 25 AÑOS,3
MADRE DE DIOS,2012,FEMENINO ENTRE 26 A 60 AÑOS,4
MADRE DE DIOS,2012,FEMENINO ENTRE 60 AÑOS A MÁS,0
MADRE DE DIOS,2012,LICENCIA PROFESIONAL,61
MADRE DE DIOS,2012,LICENCIA PARTICULAR,19
MADRE DE DIOS,2012,LICENCIA MILITAR,0
MADRE DE DIOS,2012,SIN LICENCIA,71
MADRE DE DIOS,2012,OTROS (NO TIENE LICENCIA O NO CORRESPONDE AL TIPO DE VEHÍCULO),20
MADRE DE DIOS,2013,MASCULINO MENOR DE 18 AÑOS,51
MADRE DE DIOS,2013,MASCULINO ENTRE 19 A 25 AÑOS,282
MADRE DE DIOS,2013,MASCULINO ENTRE 26 Y 60 AÑOS,271
MADRE DE DIOS,2013,MASCULINO ENTRE 60 AÑOS A MÁS,15
MADRE DE DIOS,2013,FEMENINO MENOR DE 18 AÑOS,3
MADRE DE DIOS,2013,FEMENINO ENTRE 19 A 25 AÑOS,28
MADRE DE DIOS,2013,FEMENINO ENTRE 26 A 60 AÑOS,25
MADRE DE DIOS,2013,FEMENINO ENTRE 60 AÑOS A MÁS,1
MADRE DE DIOS,2013,LICENCIA PROFESIONAL,143
MADRE DE DIOS,2013,LICENCIA PARTICULAR,344
MADRE DE DIOS,2013,LICENCIA MILITAR,1
MADRE DE DIOS,2013,SIN LICENCIA,180
MADRE DE DIOS,2013,OTROS (NO TIENE LICENCIA O NO CORRESPONDE AL TIPO DE VEHÍCULO),8
MADRE DE DIOS,2014,MASCULINO MENOR DE 18 AÑOS,23
MADRE DE DIOS,2014,MASCULINO ENTRE 19 A 25 AÑOS,164
MADRE DE DIOS,2014,MASCULINO ENTRE 26 Y 60 AÑOS,261
MADRE DE DIOS,2014,MASCULINO ENTRE 60 AÑOS A MÁS,24
MADRE DE DIOS,2014,FEMENINO MENOR DE 18 AÑOS,17
MADRE DE DIOS,2014,FEMENINO ENTRE 19 A 25 AÑOS,49
MADRE DE DIOS,2014,FEMENINO ENTRE 26 A 60 AÑOS,56
MADRE DE DIOS,2014,FEMENINO ENTRE 60 AÑOS A MÁS,15
MADRE DE DIOS,2014,LICENCIA PROFESIONAL,73
MADRE DE DIOS,2014,LICENCIA PARTICULAR,230
MADRE DE DIOS,2014,LICENCIA MILITAR,1
MADRE DE DIOS,2014,SIN LICENCIA,158
MADRE DE DIOS,2014,OTROS (NO TIENE LICENCIA O NO CORRESPONDE AL TIPO DE VEHÍCULO),147
MADRE DE DIOS,2015,MASCULINO MENOR DE 18 AÑOS,18
MADRE DE DIOS,2015,MASCULINO ENTRE 19 A 25 AÑOS,220
MADRE DE DIOS,2015,MASCULINO ENTRE 26 Y 60 AÑOS,258
MADRE DE DIOS,2015,MASCULINO ENTRE 60 AÑOS A MÁS,63
MADRE DE DIOS,2015,FEMENINO MENOR DE 18 AÑOS,0
MADRE DE DIOS,2015,FEMENINO ENTRE 19 A 25 AÑOS,65
MADRE DE DIOS,2015,FEMENINO ENTRE 26 A 60 AÑOS,67
MADRE DE DIOS,2015,FEMENINO ENTRE 60 AÑOS A MÁS,0
MADRE DE DIOS,2015,SE DESCONOCE POR FUGA,1
MADRE DE DIOS,2015,LICENCIA PROFESIONAL,98
MADRE DE DIOS,2015,LICENCIA PARTICULAR,88
MADRE DE DIOS,2015,LICENCIA MILITAR,2
MADRE DE DIOS,2015,SIN LICENCIA,168
MADRE DE DIOS,2015,LICENCIA DE VEHÍCULO MENOR,326
MADRE DE DIOS,2015,LICENCIA EXTRANJERA,0
MADRE DE DIOS,2015,OTROS (NO TIENE LICENCIA O NO CORRESPONDE AL TIPO DE VEHÍCULO),10
MADRE DE DIOS,2016,MASCULINO MENOR DE 18 AÑOS,10
MADRE DE DIOS,2016,MASCULINO ENTRE 19 A 25 AÑOS,271
MADRE DE DIOS,2016,MASCULINO ENTRE 26 Y 60 AÑOS,368
MADRE DE DIOS,2016,MASCULINO ENTRE 60 AÑOS A MÁS,49
MADRE DE DIOS,2016,FEMENINO MENOR DE 18 AÑOS,1
MADRE DE DIOS,2016,FEMENINO ENTRE 19 A 25 AÑOS,90
MADRE DE DIOS,2016,FEMENINO ENTRE 26 A 60 AÑOS,100
MADRE DE DIOS,2016,FEMENINO ENTRE 60 AÑOS A MÁS,5
MADRE DE DIOS,2016,SE DESCONOCE POR FUGA,7
MADRE DE DIOS,2016,LICENCIA PROFESIONAL,112
MADRE DE DIOS,2016,LICENCIA PARTICULAR,45
MADRE DE DIOS,2016,LICENCIA MILITAR,0
MADRE DE DIOS,2016,SIN LICENCIA,215
MADRE DE DIOS,2016,LICENCIA DE VEHÍCULO MENOR,468
MADRE DE DIOS,2016,LICENCIA EXTRANJERA,2
MADRE DE DIOS,2016,OTROS (NO TIENE LICENCIA O NO CORRESPONDE AL TIPO DE VEHÍCULO),59
MADRE DE DIOS,2017,MASCULINO MENOR ENTRE 13 Y 18 AÑOS,27
MADRE DE DIOS,2017,MASCULINO ENTRE 19 A 25 AÑOS,165
MADRE DE DIOS,2017,MASCULINO ENTRE 26 Y 60 AÑOS,309
MADRE DE DIOS,2017,MASCULINO ENTRE 60 AÑOS A MÁS,63
MADRE DE DIOS,2017,FEMENINO MENOR ENTRE 13 Y 18 AÑOS,34
MADRE DE DIOS,2017,FEMENINO ENTRE 19 A 25 AÑOS,70
MADRE DE DIOS,2017,FEMENINO ENTRE 26 A 60 AÑOS,130
MADRE DE DIOS,2017,FEMENINO ENTRE 60 AÑOS A MÁS,15
MADRE DE DIOS,2017,SE DESCONOCE POR FUGA,56
MADRE DE DIOS,2017,LICENCIA PROFESIONAL,136
MADRE DE DIOS,2017,LICENCIA PARTICULAR,82
MADRE DE DIOS,2017,LICENCIA MILITAR,3
MADRE DE DIOS,2017,SIN LICENCIA,225
MADRE DE DIOS,2017,LICENCIA DE VEHÍCULO MENOR,393
MADRE DE DIOS,2017,LICENCIA EXTRANJERA,3
MADRE DE DIOS,2017,OTROS (NO TIENE LICENCIA O NO CORRESPONDE AL TIPO DE VEHÍCULO),27
MADRE DE DIOS,2018,ENTRE 12 Y 17 AÑOS,8
MADRE DE DIOS,2018,ENTRE 18 A 29 AÑOS,313
MADRE DE DIOS,2018,ENTRE 30 Y 59 AÑOS,216
MADRE DE DIOS,2018,ENTRE 60 AÑOS A MÁS,3
MADRE DE DIOS,2018,ENTRE 12 Y 17 AÑOS,3
MADRE DE DIOS,2018,ENTRE 18 A 29 AÑOS,44
MADRE DE DIOS,2018,ENTRE 30 Y 59 AÑOS,42
MADRE DE DIOS,2018,ENTRE 60 AÑOS A MÁS,1
MADRE DE DIOS,2018,LICENCIA PROFESIONAL,176
MADRE DE DIOS,2018,LICENCIA PARTICULAR,105
MADRE DE DIOS,2018,LICENCIA MILITAR,0
MADRE DE DIOS,2018,SIN LICENCIA,102
MADRE DE DIOS,2018,LICENCIA DE VEHÍCULO MENOR,246
MADRE DE DIOS,2018,LICENCIA EXTRANJERA,3
MADRE DE DIOS,2019,ENTRE 12 Y 17 AÑOS,3
MADRE DE DIOS,2019,ENTRE 18 A 29 AÑOS,275
MADRE DE DIOS,2019,ENTRE 30 Y 59 AÑOS,181
MADRE DE DIOS,2019,ENTRE 60 AÑOS A MÁS,14
MADRE DE DIOS,2019,ENTRE 12 Y 17 AÑOS,4
MADRE DE DIOS,2019,ENTRE 18 A 29 AÑOS,12
MADRE DE DIOS,2019,ENTRE 30 Y 59 AÑOS,11
MADRE DE DIOS,2019,ENTRE 60 AÑOS A MÁS,1
MADRE DE DIOS,2019,LICENCIA PROFESIONAL,63
MADRE DE DIOS,2019,LICENCIA PARTICULAR,154
MADRE DE DIOS,2019,LICENCIA MILITAR,1
MADRE DE DIOS,2019,SIN LICENCIA,96
MADRE DE DIOS,2019,LICENCIA DE VEHÍCULO MENOR,187
MADRE DE DIOS,2019,LICENCIA EXTRANJERA,0
MADRE DE DIOS,2020,ENTRE 12 Y 17 AÑOS,8
MADRE DE DIOS,2020,ENTRE 18 A 29 AÑOS,263
MADRE DE DIOS,2020,ENTRE 30 Y 59 AÑOS,200
MADRE DE DIOS,2020,ENTRE 60 AÑOS A MÁS,5
MADRE DE DIOS,2020,ENTRE 12 Y 17 AÑOS,0
MADRE DE DIOS,2020,ENTRE 18 A 29 AÑOS,6
MADRE DE DIOS,2020,ENTRE 30 Y 59 AÑOS,9
MADRE DE DIOS,2020,ENTRE 60 AÑOS A MÁS,0
MADRE DE DIOS,2020,LICENCIA PROFESIONAL,34
MADRE DE DIOS,2020,LICENCIA PARTICULAR,146
MADRE DE DIOS,2020,LICENCIA MILITAR,0
MADRE DE DIOS,2020,SIN LICENCIA,130
MADRE DE DIOS,2020,LICENCIA DE VEHÍCULO MENOR,175
MADRE DE DIOS,2020,LICENCIA EXTRANJERA,6
MADRE DE DIOS,2021,ENTRE 12 Y 17 AÑOS,17
MADRE DE DIOS,2021,ENTRE 18 A 29 AÑOS,262
MADRE DE DIOS,2021,ENTRE 30 Y 59 AÑOS,378
MADRE DE DIOS,2021,ENTRE 60 AÑOS A MÁS,28
MADRE DE DIOS,2021,ENTRE 12 Y 17 AÑOS,4
MADRE DE DIOS,2021,ENTRE 18 A 29 AÑOS,54
MADRE DE DIOS,2021,ENTRE 30 Y 59 AÑOS,54
MADRE DE DIOS,2021,ENTRE 60 AÑOS A MÁS,0
MADRE DE DIOS,2021,LICENCIA PROFESIONAL,119
MADRE DE DIOS,2021,LICENCIA PARTICULAR,62
MADRE DE DIOS,2021,LICENCIA MILITAR,0
MADRE DE DIOS,2021,SIN LICENCIA,264
MADRE DE DIOS,2021,LICENCIA DE VEHÍCULO MENOR,341
MADRE DE DIOS,2021,LICENCIA EXTRANJERA,11
MADRE DE DIOS,2022,ENTRE 12 Y 17 AÑOS,19
MADRE DE DIOS,2022,ENTRE 18 A 29 AÑOS,249
MADRE DE DIOS,2022,ENTRE 30 Y 59 AÑOS,309
MADRE DE DIOS,2022,ENTRE 60 AÑOS A MÁS,39
MADRE DE DIOS,2022,ENTRE 12 Y 17 AÑOS,3
MADRE DE DIOS,2022,ENTRE 18 A 29 AÑOS,52
MADRE DE DIOS,2022,ENTRE 30 Y 59 AÑOS,53
MADRE DE DIOS,2022,ENTRE 60 AÑOS A MÁS,16
MADRE DE DIOS,2022,LICENCIA PROFESIONAL,108
MADRE DE DIOS,2022,LICENCIA PARTICULAR,176
MADRE DE DIOS,2022,LICENCIA MILITAR,4
MADRE DE DIOS,2022,SIN LICENCIA,184
MADRE DE DIOS,2022,LICENCIA DE VEHÍCULO MENOR,264
MADRE DE DIOS,2022,LICENCIA EXTRANJERA,4
MADRE DE DIOS,2023,ENTRE 12 Y 17 AÑOS,9
MADRE DE DIOS,2023,ENTRE 18 A 29 AÑOS,214
MADRE DE DIOS,2023,ENTRE 30 Y 59 AÑOS,256
MADRE DE DIOS,2023,ENTRE 60 AÑOS A MÁS,17
MADRE DE DIOS,2023,ENTRE 12 Y 17 AÑOS,2
MADRE DE DIOS,2023,ENTRE 18 A 29 AÑOS,15
MADRE DE DIOS,2023,ENTRE 30 Y 59 AÑOS,23
MADRE DE DIOS,2023,ENTRE 60 AÑOS A MÁS,0
MADRE DE DIOS,2023,LICENCIA PROFESIONAL,132
MADRE DE DIOS,2023,LICENCIA PARTICULAR,135
MADRE DE DIOS,2023,LICENCIA MILITAR,5
MADRE DE DIOS,2023,SIN LICENCIA,116
MADRE DE DIOS,2023,LICENCIA DE VEHÍCULO MENOR,3
MADRE DE DIOS,2023,LICENCIA EXTRANJERA,147
MADRE DE DIOS,2024,ENTRE 12 Y 17 AÑOS,7
MADRE DE DIOS,2024,ENTRE 18 A 29 AÑOS,188
MADRE DE DIOS,2024,ENTRE 30 Y 59 AÑOS,220
MADRE DE DIOS,2024,ENTRE 60 AÑOS A MÁS,12
MADRE DE DIOS,2024,ENTRE 12 Y 17 AÑOS,0
MADRE DE DIOS,2024,ENTRE 18 A 29 AÑOS,21
MADRE DE DIOS,2024,ENTRE 30 Y 59 AÑOS,35
MADRE DE DIOS,2024,ENTRE 60 AÑOS A MÁS,0
MADRE DE DIOS,2024,LICENCIA PROFESIONAL,75
MADRE DE DIOS,2024,LICENCIA PARTICULAR,75
MADRE DE DIOS,2024,LICENCIA MILITAR,21
MADRE DE DIOS,2024,SIN LICENCIA,138
MADRE DE DIOS,2024,LICENCIA DE VEHÍCULO MENOR,1
MADRE DE DIOS,2024,LICENCIA EXTRANJERA,183
MOQUEGUA,2008,MASCULINO MENOR DE 18 AÑOS,2
MOQUEGUA,2008,MASCULINO MAYOR DE 18 AÑOS,671
MOQUEGUA,2008,FEMENINO MENOR DE 18 AÑOS,0
MOQUEGUA,2008,FEMENINO MAYOR DE 18 AÑOS,37
MOQUEGUA,2008,LICENCIA PROFESIONAL,391
MOQUEGUA,2008,LICENCIA PARTICULAR,129
MOQUEGUA,2008,LICENCIA MILITAR,12
MOQUEGUA,2008,SIN LICENCIA,169
MOQUEGUA,2008,OTROS (NO TIENE LICENCIA O NO CORRESPONDE AL TIPO DE VEHÍCULO),9
MOQUEGUA,2009,MASCULINO MENOR DE 18 AÑOS,63
MOQUEGUA,2009,MASCULINO MAYOR DE 18 AÑOS,785
MOQUEGUA,2009,FEMENINO MENOR DE 18 AÑOS,2
MOQUEGUA,2009,FEMENINO MAYOR DE 18 AÑOS,23
MOQUEGUA,2009,LICENCIA PROFESIONAL,479
MOQUEGUA,2009,LICENCIA PARTICULAR,265
MOQUEGUA,2009,LICENCIA MILITAR,19
MOQUEGUA,2009,SIN LICENCIA,97
MOQUEGUA,2009,OTROS (NO TIENE LICENCIA O NO CORRESPONDE AL TIPO DE VEHÍCULO),13
MOQUEGUA,2010,MASCULINO MENOR DE 18 AÑOS,2
MOQUEGUA,2010,MASCULINO ENTRE 19 A 25 AÑOS,85
MOQUEGUA,2010,MASCULINO ENTRE 26 Y 60 AÑOS,681
MOQUEGUA,2010,MASCULINO ENTRE 60 AÑOS A MÁS,17
MOQUEGUA,2010,FEMENINO MENOR DE 18 AÑOS,0
MOQUEGUA,2010,FEMENINO ENTRE 19 A 25 AÑOS,5
MOQUEGUA,2010,FEMENINO ENTRE 26 A 60 AÑOS,28
MOQUEGUA,2010,FEMENINO ENTRE 60 AÑOS A MÁS,1
MOQUEGUA,2010,LICENCIA PROFESIONAL,513
MOQUEGUA,2010,LICENCIA PARTICULAR,206
MOQUEGUA,2010,LICENCIA MILITAR,3
MOQUEGUA,2010,SIN LICENCIA,87
MOQUEGUA,2010,OTROS (NO TIENE LICENCIA O NO CORRESPONDE AL TIPO DE VEHÍCULO),10
MOQUEGUA,2011,MASCULINO MENOR DE 18 AÑOS,31
MOQUEGUA,2011,MASCULINO ENTRE 19 A 25 AÑOS,273
MOQUEGUA,2011,MASCULINO ENTRE 26 Y 60 AÑOS,583
MOQUEGUA,2011,MASCULINO ENTRE 60 AÑOS A MÁS,45
MOQUEGUA,2011,FEMENINO MENOR DE 18 AÑOS,0
MOQUEGUA,2011,FEMENINO ENTRE 19 A 25 AÑOS,3
MOQUEGUA,2011,FEMENINO ENTRE 26 A 60 AÑOS,35
MOQUEGUA,2011,FEMENINO ENTRE 60 AÑOS A MÁS,0
MOQUEGUA,2011,LICENCIA PROFESIONAL,624
MOQUEGUA,2011,LICENCIA PARTICULAR,217
MOQUEGUA,2011,LICENCIA MILITAR,0
MOQUEGUA,2011,SIN LICENCIA,121
MOQUEGUA,2011,OTROS (NO TIENE LICENCIA O NO CORRESPONDE AL TIPO DE VEHÍCULO),8
MOQUEGUA,2012,MASCULINO MENOR DE 18 AÑOS,4
MOQUEGUA,2012,MASCULINO ENTRE 19 A 25 AÑOS,164
MOQUEGUA,2012,MASCULINO ENTRE 26 Y 60 AÑOS,720
MOQUEGUA,2012,MASCULINO ENTRE 60 AÑOS A MÁS,45
MOQUEGUA,2012,FEMENINO MENOR DE 18 AÑOS,0
MOQUEGUA,2012,FEMENINO ENTRE 19 A 25 AÑOS,2
MOQUEGUA,2012,FEMENINO ENTRE 26 A 60 AÑOS,15
MOQUEGUA,2012,FEMENINO ENTRE 60 AÑOS A MÁS,0
MOQUEGUA,2012,LICENCIA PROFESIONAL,676
MOQUEGUA,2012,LICENCIA PARTICULAR,148
MOQUEGUA,2012,LICENCIA MILITAR,5
MOQUEGUA,2012,SIN LICENCIA,105
MOQUEGUA,2012,OTROS (NO TIENE LICENCIA O NO CORRESPONDE AL TIPO DE VEHÍCULO),16
MOQUEGUA,2013,MASCULINO MENOR DE 18 AÑOS,0
MOQUEGUA,2013,MASCULINO ENTRE 19 A 25 AÑOS,196
MOQUEGUA,2013,MASCULINO ENTRE 26 Y 60 AÑOS,814
MOQUEGUA,2013,MASCULINO ENTRE 60 AÑOS A MÁS,56
MOQUEGUA,2013,FEMENINO MENOR DE 18 AÑOS,0
MOQUEGUA,2013,FEMENINO ENTRE 19 A 25 AÑOS,2
MOQUEGUA,2013,FEMENINO ENTRE 26 A 60 AÑOS,31
MOQUEGUA,2013,FEMENINO ENTRE 60 AÑOS A MÁS,1
MOQUEGUA,2013,LICENCIA PROFESIONAL,742
MOQUEGUA,2013,LICENCIA PARTICULAR,211
MOQUEGUA,2013,LICENCIA MILITAR,11
MOQUEGUA,2013,SIN LICENCIA,131
MOQUEGUA,2013,OTROS (NO TIENE LICENCIA O NO CORRESPONDE AL TIPO DE VEHÍCULO),5
MOQUEGUA,2014,MASCULINO MENOR DE 18 AÑOS,5
MOQUEGUA,2014,MASCULINO ENTRE 19 A 25 AÑOS,110
MOQUEGUA,2014,MASCULINO ENTRE 26 Y 60 AÑOS,596
MOQUEGUA,2014,MASCULINO ENTRE 60 AÑOS A MÁS,51
MOQUEGUA,2014,FEMENINO MENOR DE 18 AÑOS,0
MOQUEGUA,2014,FEMENINO ENTRE 19 A 25 AÑOS,9
MOQUEGUA,2014,FEMENINO ENTRE 26 A 60 AÑOS,31
MOQUEGUA,2014,FEMENINO ENTRE 60 AÑOS A MÁS,0
MOQUEGUA,2014,LICENCIA PROFESIONAL,476
MOQUEGUA,2014,LICENCIA PARTICULAR,190
MOQUEGUA,2014,LICENCIA MILITAR,2
MOQUEGUA,2014,SIN LICENCIA,87
MOQUEGUA,2014,OTROS (NO TIENE LICENCIA O NO CORRESPONDE AL TIPO DE VEHÍCULO),47
MOQUEGUA,2015,MASCULINO MENOR DE 18 AÑOS,1
MOQUEGUA,2015,MASCULINO ENTRE 19 A 25 AÑOS,83
MOQUEGUA,2015,MASCULINO ENTRE 26 Y 60 AÑOS,574
MOQUEGUA,2015,MASCULINO ENTRE 60 AÑOS A MÁS,32
MOQUEGUA,2015,FEMENINO MENOR DE 18 AÑOS,0
MOQUEGUA,2015,FEMENINO ENTRE 19 A 25 AÑOS,8
MOQUEGUA,2015,FEMENINO ENTRE 26 A 60 AÑOS,24
MOQUEGUA,2015,FEMENINO ENTRE 60 AÑOS A MÁS,1
MOQUEGUA,2015,SE DESCONOCE POR FUGA,12
MOQUEGUA,2015,LICENCIA PROFESIONAL,401
MOQUEGUA,2015,LICENCIA PARTICULAR,239
MOQUEGUA,2015,LICENCIA MILITAR,2
MOQUEGUA,2015,SIN LICENCIA,43
MOQUEGUA,2015,LICENCIA DE VEHÍCULO MENOR,34
MOQUEGUA,2015,LICENCIA EXTRANJERA,9
MOQUEGUA,2015,OTROS (NO TIENE LICENCIA O NO CORRESPONDE AL TIPO DE VEHÍCULO),7
MOQUEGUA,2016,MASCULINO MENOR DE 18 AÑOS,8
MOQUEGUA,2016,MASCULINO ENTRE 19 A 25 AÑOS,80
MOQUEGUA,2016,MASCULINO ENTRE 26 Y 60 AÑOS,539
MOQUEGUA,2016,MASCULINO ENTRE 60 AÑOS A MÁS,31
MOQUEGUA,2016,FEMENINO MENOR DE 18 AÑOS,0
MOQUEGUA,2016,FEMENINO ENTRE 19 A 25 AÑOS,11
MOQUEGUA,2016,FEMENINO ENTRE 26 A 60 AÑOS,12
MOQUEGUA,2016,FEMENINO ENTRE 60 AÑOS A MÁS,17
MOQUEGUA,2016,SE DESCONOCE POR FUGA,7
MOQUEGUA,2016,LICENCIA PROFESIONAL,343
MOQUEGUA,2016,LICENCIA PARTICULAR,219
MOQUEGUA,2016,LICENCIA MILITAR,0
MOQUEGUA,2016,SIN LICENCIA,35
MOQUEGUA,2016,LICENCIA DE VEHÍCULO MENOR,29
MOQUEGUA,2016,LICENCIA EXTRANJERA,9
MOQUEGUA,2016,OTROS (NO TIENE LICENCIA O NO CORRESPONDE AL TIPO DE VEHÍCULO),70
MOQUEGUA,2017,MASCULINO MENOR ENTRE 13 Y 18 AÑOS,6
MOQUEGUA,2017,MASCULINO ENTRE 19 A 25 AÑOS,113
MOQUEGUA,2017,MASCULINO ENTRE 26 Y 60 AÑOS,496
MOQUEGUA,2017,MASCULINO ENTRE 60 AÑOS A MÁS,72
MOQUEGUA,2017,FEMENINO MENOR ENTRE 13 Y 18 AÑOS,0
MOQUEGUA,2017,FEMENINO ENTRE 19 A 25 AÑOS,12
MOQUEGUA,2017,FEMENINO ENTRE 26 A 60 AÑOS,21
MOQUEGUA,2017,FEMENINO ENTRE 60 AÑOS A MÁS,3
MOQUEGUA,2017,SE DESCONOCE POR FUGA,59
MOQUEGUA,2017,LICENCIA PROFESIONAL,386
MOQUEGUA,2017,LICENCIA PARTICULAR,280
MOQUEGUA,2017,LICENCIA MILITAR,7
MOQUEGUA,2017,SIN LICENCIA,16
MOQUEGUA,2017,LICENCIA DE VEHÍCULO MENOR,32
MOQUEGUA,2017,LICENCIA EXTRANJERA,8
MOQUEGUA,2017,OTROS (NO TIENE LICENCIA O NO CORRESPONDE AL TIPO DE VEHÍCULO),53
MOQUEGUA,2018,ENTRE 12 Y 17 AÑOS,1
MOQUEGUA,2018,ENTRE 18 A 29 AÑOS,192
MOQUEGUA,2018,ENTRE 30 Y 59 AÑOS,405
MOQUEGUA,2018,ENTRE 60 AÑOS A MÁS,67
MOQUEGUA,2018,ENTRE 12 Y 17 AÑOS,3
MOQUEGUA,2018,ENTRE 18 A 29 AÑOS,7
MOQUEGUA,2018,ENTRE 30 Y 59 AÑOS,18
MOQUEGUA,2018,ENTRE 60 AÑOS A MÁS,1
MOQUEGUA,2018,LICENCIA PROFESIONAL,509
MOQUEGUA,2018,LICENCIA PARTICULAR,139
MOQUEGUA,2018,LICENCIA MILITAR,2
MOQUEGUA,2018,SIN LICENCIA,16
MOQUEGUA,2018,LICENCIA DE VEHÍCULO MENOR,21
MOQUEGUA,2018,LICENCIA EXTRANJERA,12
MOQUEGUA,2019,ENTRE 12 Y 17 AÑOS,0
MOQUEGUA,2019,ENTRE 18 A 29 AÑOS,189
MOQUEGUA,2019,ENTRE 30 Y 59 AÑOS,425
MOQUEGUA,2019,ENTRE 60 AÑOS A MÁS,70
MOQUEGUA,2019,ENTRE 12 Y 17 AÑOS,0
MOQUEGUA,2019,ENTRE 18 A 29 AÑOS,3
MOQUEGUA,2019,ENTRE 30 Y 59 AÑOS,22
MOQUEGUA,2019,ENTRE 60 AÑOS A MÁS,4
MOQUEGUA,2019,LICENCIA PROFESIONAL,489
MOQUEGUA,2019,LICENCIA PARTICULAR,168
MOQUEGUA,2019,LICENCIA MILITAR,4
MOQUEGUA,2019,SIN LICENCIA,18
MOQUEGUA,2019,LICENCIA DE VEHÍCULO MENOR,33
MOQUEGUA,2019,LICENCIA EXTRANJERA,2
MOQUEGUA,2020,ENTRE 12 Y 17 AÑOS,0
MOQUEGUA,2020,ENTRE 18 A 29 AÑOS,80
MOQUEGUA,2020,ENTRE 30 Y 59 AÑOS,322
MOQUEGUA,2020,ENTRE 60 AÑOS A MÁS,18
MOQUEGUA,2020,ENTRE 12 Y 17 AÑOS,0
MOQUEGUA,2020,ENTRE 18 A 29 AÑOS,5
MOQUEGUA,2020,ENTRE 30 Y 59 AÑOS,9
MOQUEGUA,2020,ENTRE 60 AÑOS A MÁS,3
MOQUEGUA,2020,LICENCIA PROFESIONAL,218
MOQUEGUA,2020,LICENCIA PARTICULAR,189
MOQUEGUA,2020,LICENCIA MILITAR,4
MOQUEGUA,2020,SIN LICENCIA,5
MOQUEGUA,2020,LICENCIA DE VEHÍCULO MENOR,19
MOQUEGUA,2020,LICENCIA EXTRANJERA,2
MOQUEGUA,2021,ENTRE 12 Y 17 AÑOS,1
MOQUEGUA,2021,ENTRE 18 A 29 AÑOS,114
MOQUEGUA,2021,ENTRE 30 Y 59 AÑOS,394
MOQUEGUA,2021,ENTRE 60 AÑOS A MÁS,47
MOQUEGUA,2021,ENTRE 12 Y 17 AÑOS,1
MOQUEGUA,2021,ENTRE 18 A 29 AÑOS,12
MOQUEGUA,2021,ENTRE 30 Y 59 AÑOS,36
MOQUEGUA,2021,ENTRE 60 AÑOS A MÁS,4
MOQUEGUA,2021,LICENCIA PROFESIONAL,215
MOQUEGUA,2021,LICENCIA PARTICULAR,303
MOQUEGUA,2021,LICENCIA MILITAR,6
MOQUEGUA,2021,SIN LICENCIA,56
MOQUEGUA,2021,LICENCIA DE VEHÍCULO MENOR,23
MOQUEGUA,2021,LICENCIA EXTRANJERA,15
MOQUEGUA,2022,ENTRE 12 Y 17 AÑOS,1
MOQUEGUA,2022,ENTRE 18 A 29 AÑOS,268
MOQUEGUA,2022,ENTRE 30 Y 59 AÑOS,448
MOQUEGUA,2022,ENTRE 60 AÑOS A MÁS,63
MOQUEGUA,2022,ENTRE 12 Y 17 AÑOS,1
MOQUEGUA,2022,ENTRE 18 A 29 AÑOS,16
MOQUEGUA,2022,ENTRE 30 Y 59 AÑOS,26
MOQUEGUA,2022,ENTRE 60 AÑOS A MÁS,6
MOQUEGUA,2022,LICENCIA PROFESIONAL,257
MOQUEGUA,2022,LICENCIA PARTICULAR,341
MOQUEGUA,2022,LICENCIA MILITAR,5
MOQUEGUA,2022,SIN LICENCIA,87
MOQUEGUA,2022,LICENCIA DE VEHÍCULO MENOR,124
MOQUEGUA,2022,LICENCIA EXTRANJERA,19
MOQUEGUA,2023,ENTRE 12 Y 17 AÑOS,0
MOQUEGUA,2023,ENTRE 18 A 29 AÑOS,339
MOQUEGUA,2023,ENTRE 30 Y 59 AÑOS,524
MOQUEGUA,2023,ENTRE 60 AÑOS A MÁS,79
MOQUEGUA,2023,ENTRE 12 Y 17 AÑOS,0
MOQUEGUA,2023,ENTRE 18 A 29 AÑOS,5
MOQUEGUA,2023,ENTRE 30 Y 59 AÑOS,19
MOQUEGUA,2023,ENTRE 60 AÑOS A MÁS,4
MOQUEGUA,2023,LICENCIA PROFESIONAL,456
MOQUEGUA,2023,LICENCIA PARTICULAR,364
MOQUEGUA,2023,LICENCIA MILITAR,3
MOQUEGUA,2023,SIN LICENCIA,91
MOQUEGUA,2023,LICENCIA DE VEHÍCULO MENOR,15
MOQUEGUA,2023,LICENCIA EXTRANJERA,41
MOQUEGUA,2024,ENTRE 12 Y 17 AÑOS,0
MOQUEGUA,2024,ENTRE 18 A 29 AÑOS,136
MOQUEGUA,2024,ENTRE 30 Y 59 AÑOS,453
MOQUEGUA,2024,ENTRE 60 AÑOS A MÁS,70
MOQUEGUA,2024,ENTRE 12 Y 17 AÑOS,1
MOQUEGUA,2024,ENTRE 18 A 29 AÑOS,14
MOQUEGUA,2024,ENTRE 30 Y 59 AÑOS,23
MOQUEGUA,2024,ENTRE 60 AÑOS A MÁS,13
MOQUEGUA,2024,LICENCIA PROFESIONAL,371
MOQUEGUA,2024,LICENCIA PARTICULAR,231
MOQUEGUA,2024,LICENCIA MILITAR,1
MOQUEGUA,2024,SIN LICENCIA,58
MOQUEGUA,2024,LICENCIA DE VEHÍCULO MENOR,6
MOQUEGUA,2024,LICENCIA EXTRANJERA,48
PASCO,2008,MASCULINO MENOR DE 18 AÑOS,7
PASCO,2008,MASCULINO MAYOR DE 18 AÑOS,78
PASCO,2008,FEMENINO MENOR DE 18 AÑOS,0
PASCO,2008,FEMENINO MAYOR DE 18 AÑOS,7
PASCO,2008,LICENCIA PROFESIONAL,57
PASCO,2008,LICENCIA PARTICULAR,24
PASCO,2008,LICENCIA MILITAR,0
PASCO,2008,SIN LICENCIA,10
PASCO,2008,OTROS (NO TIENE LICENCIA O NO CORRESPONDE AL TIPO DE VEHÍCULO),1
PASCO,2009,MASCULINO MENOR DE 18 AÑOS,6
PASCO,2009,MASCULINO MAYOR DE 18 AÑOS,182
PASCO,2009,FEMENINO MENOR DE 18 AÑOS,0
PASCO,2009,FEMENINO MAYOR DE 18 AÑOS,2
PASCO,2009,LICENCIA PROFESIONAL,123
PASCO,2009,LICENCIA PARTICULAR,50
PASCO,2009,LICENCIA MILITAR,0
PASCO,2009,SIN LICENCIA,17
PASCO,2009,OTROS (NO TIENE LICENCIA O NO CORRESPONDE AL TIPO DE VEHÍCULO),1
PASCO,2010,MASCULINO MENOR DE 18 AÑOS,0
PASCO,2010,MASCULINO ENTRE 19 A 25 AÑOS,30
PASCO,2010,MASCULINO ENTRE 26 Y 60 AÑOS,160
PASCO,2010,MASCULINO ENTRE 60 AÑOS A MÁS,0
PASCO,2010,FEMENINO MENOR DE 18 AÑOS,0
PASCO,2010,FEMENINO ENTRE 19 A 25 AÑOS,0
PASCO,2010,FEMENINO ENTRE 26 A 60 AÑOS,2
PASCO,2010,FEMENINO ENTRE 60 AÑOS A MÁS,0
PASCO,2010,LICENCIA PROFESIONAL,128
PASCO,2010,LICENCIA PARTICULAR,57
PASCO,2010,LICENCIA MILITAR,1
PASCO,2010,SIN LICENCIA,3
PASCO,2010,OTROS (NO TIENE LICENCIA O NO CORRESPONDE AL TIPO DE VEHÍCULO),3
PASCO,2011,MASCULINO MENOR DE 18 AÑOS,3
PASCO,2011,MASCULINO ENTRE 19 A 25 AÑOS,24
PASCO,2011,MASCULINO ENTRE 26 Y 60 AÑOS,163
PASCO,2011,MASCULINO ENTRE 60 AÑOS A MÁS,4
PASCO,2011,FEMENINO MENOR DE 18 AÑOS,2
PASCO,2011,FEMENINO ENTRE 19 A 25 AÑOS,0
PASCO,2011,FEMENINO ENTRE 26 A 60 AÑOS,25
PASCO,2011,FEMENINO ENTRE 60 AÑOS A MÁS,0
PASCO,2011,LICENCIA PROFESIONAL,124
PASCO,2011,LICENCIA PARTICULAR,78
PASCO,2011,LICENCIA MILITAR,0
PASCO,2011,SIN LICENCIA,11
PASCO,2011,OTROS (NO TIENE LICENCIA O NO CORRESPONDE AL TIPO DE VEHÍCULO),8
PASCO,2012,MASCULINO MENOR DE 18 AÑOS,0
PASCO,2012,MASCULINO ENTRE 19 A 25 AÑOS,19
PASCO,2012,MASCULINO ENTRE 26 Y 60 AÑOS,105
PASCO,2012,MASCULINO ENTRE 60 AÑOS A MÁS,2
PASCO,2012,FEMENINO MENOR DE 18 AÑOS,3
PASCO,2012,FEMENINO ENTRE 19 A 25 AÑOS,3
PASCO,2012,FEMENINO ENTRE 26 A 60 AÑOS,11
PASCO,2012,FEMENINO ENTRE 60 AÑOS A MÁS,1
PASCO,2012,LICENCIA PROFESIONAL,78
PASCO,2012,LICENCIA PARTICULAR,49
PASCO,2012,LICENCIA MILITAR,2
PASCO,2012,SIN LICENCIA,6
PASCO,2012,OTROS (NO TIENE LICENCIA O NO CORRESPONDE AL TIPO DE VEHÍCULO),9
PASCO,2013,MASCULINO MENOR DE 18 AÑOS,1
PASCO,2013,MASCULINO ENTRE 19 A 25 AÑOS,20
PASCO,2013,MASCULINO ENTRE 26 Y 60 AÑOS,76
PASCO,2013,MASCULINO ENTRE 60 AÑOS A MÁS,1
PASCO,2013,FEMENINO MENOR DE 18 AÑOS,0
PASCO,2013,FEMENINO ENTRE 19 A 25 AÑOS,0
PASCO,2013,FEMENINO ENTRE 26 A 60 AÑOS,0
PASCO,2013,FEMENINO ENTRE 60 AÑOS A MÁS,0
PASCO,2013,LICENCIA PROFESIONAL,59
PASCO,2013,LICENCIA PARTICULAR,33
PASCO,2013,LICENCIA MILITAR,0
PASCO,2013,SIN LICENCIA,2
PASCO,2013,OTROS (NO TIENE LICENCIA O NO CORRESPONDE AL TIPO DE VEHÍCULO),4
PASCO,2014,MASCULINO MENOR DE 18 AÑOS,0
PASCO,2014,MASCULINO ENTRE 19 A 25 AÑOS,15
PASCO,2014,MASCULINO ENTRE 26 Y 60 AÑOS,40
PASCO,2014,MASCULINO ENTRE 60 AÑOS A MÁS,3
PASCO,2014,FEMENINO MENOR DE 18 AÑOS,0
PASCO,2014,FEMENINO ENTRE 19 A 25 AÑOS,1
PASCO,2014,FEMENINO ENTRE 26 A 60 AÑOS,1
PASCO,2014,FEMENINO ENTRE 60 AÑOS A MÁS,1
PASCO,2014,LICENCIA PROFESIONAL,38
PASCO,2014,LICENCIA PARTICULAR,13
PASCO,2014,LICENCIA MILITAR,2
PASCO,2014,SIN LICENCIA,4
PASCO,2014,OTROS (NO TIENE LICENCIA O NO CORRESPONDE AL TIPO DE VEHÍCULO),4
PASCO,2015,MASCULINO MENOR DE 18 AÑOS,5
PASCO,2015,MASCULINO ENTRE 19 A 25 AÑOS,15
PASCO,2015,MASCULINO ENTRE 26 Y 60 AÑOS,72
PASCO,2015,MASCULINO ENTRE 60 AÑOS A MÁS,5
PASCO,2015,FEMENINO MENOR DE 18 AÑOS,0
PASCO,2015,FEMENINO ENTRE 19 A 25 AÑOS,1
PASCO,2015,FEMENINO ENTRE 26 A 60 AÑOS,2
PASCO,2015,FEMENINO ENTRE 60 AÑOS A MÁS,2
PASCO,2015,SE DESCONOCE POR FUGA,3
PASCO,2015,LICENCIA PROFESIONAL,62
PASCO,2015,LICENCIA PARTICULAR,22
PASCO,2015,LICENCIA MILITAR,0
PASCO,2015,SIN LICENCIA,10
PASCO,2015,LICENCIA DE VEHÍCULO MENOR,7
PASCO,2015,LICENCIA EXTRANJERA,0
PASCO,2015,OTROS (NO TIENE LICENCIA O NO CORRESPONDE AL TIPO DE VEHÍCULO),4
PASCO,2016,MASCULINO MENOR DE 18 AÑOS,0
PASCO,2016,MASCULINO ENTRE 19 A 25 AÑOS,7
PASCO,2016,MASCULINO ENTRE 26 Y 60 AÑOS,46
PASCO,2016,MASCULINO ENTRE 60 AÑOS A MÁS,2
PASCO,2016,FEMENINO MENOR DE 18 AÑOS,0
PASCO,2016,FEMENINO ENTRE 19 A 25 AÑOS,0
PASCO,2016,FEMENINO ENTRE 26 A 60 AÑOS,2
PASCO,2016,FEMENINO ENTRE 60 AÑOS A MÁS,4
PASCO,2016,SE DESCONOCE POR FUGA,0
PASCO,2016,LICENCIA PROFESIONAL,32
PASCO,2016,LICENCIA PARTICULAR,15
PASCO,2016,LICENCIA MILITAR,0
PASCO,2016,SIN LICENCIA,11
PASCO,2016,LICENCIA DE VEHÍCULO MENOR,2
PASCO,2016,LICENCIA EXTRANJERA,0
PASCO,2016,OTROS (NO TIENE LICENCIA O NO CORRESPONDE AL TIPO DE VEHÍCULO),1
PASCO,2017,MASCULINO MENOR ENTRE 13 Y 18 AÑOS,1
PASCO,2017,MASCULINO ENTRE 19 A 25 AÑOS,24
PASCO,2017,MASCULINO ENTRE 26 Y 60 AÑOS,102
PASCO,2017,MASCULINO ENTRE 60 AÑOS A MÁS,3
PASCO,2017,FEMENINO MENOR ENTRE 13 Y 18 AÑOS,0
PASCO,2017,FEMENINO ENTRE 19 A 25 AÑOS,0
PASCO,2017,FEMENINO ENTRE 26 A 60 AÑOS,10
PASCO,2017,FEMENINO ENTRE 60 AÑOS A MÁS,1
PASCO,2017,SE DESCONOCE POR FUGA,7
PASCO,2017,LICENCIA PROFESIONAL,95
PASCO,2017,LICENCIA PARTICULAR,26
PASCO,2017,LICENCIA MILITAR,0
PASCO,2017,SIN LICENCIA,10
PASCO,2017,LICENCIA DE VEHÍCULO MENOR,12
PASCO,2017,LICENCIA EXTRANJERA,0
PASCO,2017,OTROS (NO TIENE LICENCIA O NO CORRESPONDE AL TIPO DE VEHÍCULO),5
PASCO,2018,ENTRE 12 Y 17 AÑOS,11
PASCO,2018,ENTRE 18 A 29 AÑOS,96
PASCO,2018,ENTRE 30 Y 59 AÑOS,191
PASCO,2018,ENTRE 60 AÑOS A MÁS,5
PASCO,2018,ENTRE 12 Y 17 AÑOS,1
PASCO,2018,ENTRE 18 A 29 AÑOS,12
PASCO,2018,ENTRE 30 Y 59 AÑOS,3
PASCO,2018,ENTRE 60 AÑOS A MÁS,0
PASCO,2018,LICENCIA PROFESIONAL,155
PASCO,2018,LICENCIA PARTICULAR,45
PASCO,2018,LICENCIA MILITAR,7
PASCO,2018,SIN LICENCIA,61
PASCO,2018,LICENCIA DE VEHÍCULO MENOR,61
PASCO,2018,LICENCIA EXTRANJERA,1
PASCO,2019,ENTRE 12 Y 17 AÑOS,26
PASCO,2019,ENTRE 18 A 29 AÑOS,301
PASCO,2019,ENTRE 30 Y 59 AÑOS,373
PASCO,2019,ENTRE 60 AÑOS A MÁS,25
PASCO,2019,ENTRE 12 Y 17 AÑOS,3
PASCO,2019,ENTRE 18 A 29 AÑOS,14
PASCO,2019,ENTRE 30 Y 59 AÑOS,8
PASCO,2019,ENTRE 60 AÑOS A MÁS,0
PASCO,2019,LICENCIA PROFESIONAL,464
PASCO,2019,LICENCIA PARTICULAR,83
PASCO,2019,LICENCIA MILITAR,6
PASCO,2019,SIN LICENCIA,82
PASCO,2019,LICENCIA DE VEHÍCULO MENOR,114
PASCO,2019,LICENCIA EXTRANJERA,1
PASCO,2020,ENTRE 12 Y 17 AÑOS,6
PASCO,2020,ENTRE 18 A 29 AÑOS,129
PASCO,2020,ENTRE 30 Y 59 AÑOS,272
PASCO,2020,ENTRE 60 AÑOS A MÁS,16
PASCO,2020,ENTRE 12 Y 17 AÑOS,1
PASCO,2020,ENTRE 18 A 29 AÑOS,5
PASCO,2020,ENTRE 30 Y 59 AÑOS,9
PASCO,2020,ENTRE 60 AÑOS A MÁS,0
PASCO,2020,LICENCIA PROFESIONAL,220
PASCO,2020,LICENCIA PARTICULAR,73
PASCO,2020,LICENCIA MILITAR,4
PASCO,2020,SIN LICENCIA,76
PASCO,2020,LICENCIA DE VEHÍCULO MENOR,67
PASCO,2020,LICENCIA EXTRANJERA,1
PASCO,2021,ENTRE 12 Y 17 AÑOS,7
PASCO,2021,ENTRE 18 A 29 AÑOS,133
PASCO,2021,ENTRE 30 Y 59 AÑOS,210
PASCO,2021,ENTRE 60 AÑOS A MÁS,29
PASCO,2021,ENTRE 12 Y 17 AÑOS,0
PASCO,2021,ENTRE 18 A 29 AÑOS,14
PASCO,2021,ENTRE 30 Y 59 AÑOS,6
PASCO,2021,ENTRE 60 AÑOS A MÁS,2
PASCO,2021,LICENCIA PROFESIONAL,94
PASCO,2021,LICENCIA PARTICULAR,137
PASCO,2021,LICENCIA MILITAR,4
PASCO,2021,SIN LICENCIA,109
PASCO,2021,LICENCIA DE VEHÍCULO MENOR,54
PASCO,2021,LICENCIA EXTRANJERA,8
PASCO,2022,ENTRE 12 Y 17 AÑOS,7
PASCO,2022,ENTRE 18 A 29 AÑOS,143
PASCO,2022,ENTRE 30 Y 59 AÑOS,250
PASCO,2022,ENTRE 60 AÑOS A MÁS,16
PASCO,2022,ENTRE 12 Y 17 AÑOS,5
PASCO,2022,ENTRE 18 A 29 AÑOS,8
PASCO,2022,ENTRE 30 Y 59 AÑOS,21
PASCO,2022,ENTRE 60 AÑOS A MÁS,0
PASCO,2022,LICENCIA PROFESIONAL,112
PASCO,2022,LICENCIA PARTICULAR,151
PASCO,2022,LICENCIA MILITAR,5
PASCO,2022,SIN LICENCIA,98
PASCO,2022,LICENCIA DE VEHÍCULO MENOR,82
PASCO,2022,LICENCIA EXTRANJERA,3
PASCO,2023,ENTRE 12 Y 17 AÑOS,11
PASCO,2023,ENTRE 18 A 29 AÑOS,126
PASCO,2023,ENTRE 30 Y 59 AÑOS,239
PASCO,2023,ENTRE 60 AÑOS A MÁS,15
PASCO,2023,ENTRE 12 Y 17 AÑOS,4
PASCO,2023,ENTRE 18 A 29 AÑOS,14
PASCO,2023,ENTRE 30 Y 59 AÑOS,14
PASCO,2023,ENTRE 60 AÑOS A MÁS,1
PASCO,2023,LICENCIA PROFESIONAL,69
PASCO,2023,LICENCIA PARTICULAR,146
PASCO,2023,LICENCIA MILITAR,1
PASCO,2023,SIN LICENCIA,106
PASCO,2023,LICENCIA DE VEHÍCULO MENOR,8
PASCO,2023,LICENCIA EXTRANJERA,101
PASCO,2024,ENTRE 12 Y 17 AÑOS,7
PASCO,2024,ENTRE 18 A 29 AÑOS,160
PASCO,2024,ENTRE 30 Y 59 AÑOS,262
PASCO,2024,ENTRE 60 AÑOS A MÁS,27
PASCO,2024,ENTRE 12 Y 17 AÑOS,5
PASCO,2024,ENTRE 18 A 29 AÑOS,14
PASCO,2024,ENTRE 30 Y 59 AÑOS,14
PASCO,2024,ENTRE 60 AÑOS A MÁS,0
PASCO,2024,LICENCIA PROFESIONAL,107
PASCO,2024,LICENCIA PARTICULAR,204
PASCO,2024,LICENCIA MILITAR,7
PASCO,2024,SIN LICENCIA,50
PASCO,2024,LICENCIA DE VEHÍCULO MENOR,3
PASCO,2024,LICENCIA EXTRANJERA,124
PIURA,2008,MASCULINO MENOR DE 18 AÑOS,96
PIURA,2008,MASCULINO MAYOR DE 18 AÑOS,1905
PIURA,2008,FEMENINO MENOR DE 18 AÑOS,2
PIURA,2008,FEMENINO MAYOR DE 18 AÑOS,158
PIURA,2008,LICENCIA PROFESIONAL,1756
PIURA,2008,LICENCIA PARTICULAR,238
PIURA,2008,LICENCIA MILITAR,14
PIURA,2008,SIN LICENCIA,152
PIURA,2008,OTROS (NO TIENE LICENCIA O NO CORRESPONDE AL TIPO DE VEHÍCULO),1
PIURA,2009,MASCULINO MENOR DE 18 AÑOS,75
PIURA,2009,MASCULINO MAYOR DE 18 AÑOS,2060
PIURA,2009,FEMENINO MENOR DE 18 AÑOS,1
PIURA,2009,FEMENINO MAYOR DE 18 AÑOS,125
PIURA,2009,LICENCIA PROFESIONAL,1906
PIURA,2009,LICENCIA PARTICULAR,225
PIURA,2009,LICENCIA MILITAR,10
PIURA,2009,SIN LICENCIA,114
PIURA,2009,OTROS (NO TIENE LICENCIA O NO CORRESPONDE AL TIPO DE VEHÍCULO),6
PIURA,2010,MASCULINO MENOR DE 18 AÑOS,60
PIURA,2010,MASCULINO ENTRE 19 A 25 AÑOS,899
PIURA,2010,MASCULINO ENTRE 26 Y 60 AÑOS,1303
PIURA,2010,MASCULINO ENTRE 60 AÑOS A MÁS,308
PIURA,2010,FEMENINO MENOR DE 18 AÑOS,0
PIURA,2010,FEMENINO ENTRE 19 A 25 AÑOS,122
PIURA,2010,FEMENINO ENTRE 26 A 60 AÑOS,52
PIURA,2010,FEMENINO ENTRE 60 AÑOS A MÁS,0
PIURA,2010,LICENCIA PROFESIONAL,2064
PIURA,2010,LICENCIA PARTICULAR,285
PIURA,2010,LICENCIA MILITAR,27
PIURA,2010,SIN LICENCIA,365
PIURA,2010,OTROS (NO TIENE LICENCIA O NO CORRESPONDE AL TIPO DE VEHÍCULO),3
PIURA,2011,MASCULINO MENOR DE 18 AÑOS,74
PIURA,2011,MASCULINO ENTRE 19 A 25 AÑOS,996
PIURA,2011,MASCULINO ENTRE 26 Y 60 AÑOS,1039
PIURA,2011,MASCULINO ENTRE 60 AÑOS A MÁS,288
PIURA,2011,FEMENINO MENOR DE 18 AÑOS,0
PIURA,2011,FEMENINO ENTRE 19 A 25 AÑOS,95
PIURA,2011,FEMENINO ENTRE 26 A 60 AÑOS,48
PIURA,2011,FEMENINO ENTRE 60 AÑOS A MÁS,1
PIURA,2011,LICENCIA PROFESIONAL,1729
PIURA,2011,LICENCIA PARTICULAR,299
PIURA,2011,LICENCIA MILITAR,15
PIURA,2011,SIN LICENCIA,409
PIURA,2011,OTROS (NO TIENE LICENCIA O NO CORRESPONDE AL TIPO DE VEHÍCULO),90
PIURA,2012,MASCULINO MENOR DE 18 AÑOS,433
PIURA,2012,MASCULINO ENTRE 19 A 25 AÑOS,1450
PIURA,2012,MASCULINO ENTRE 26 Y 60 AÑOS,1878
PIURA,2012,MASCULINO ENTRE 60 AÑOS A MÁS,313
PIURA,2012,FEMENINO MENOR DE 18 AÑOS,41
PIURA,2012,FEMENINO ENTRE 19 A 25 AÑOS,112
PIURA,2012,FEMENINO ENTRE 26 A 60 AÑOS,77
PIURA,2012,FEMENINO ENTRE 60 AÑOS A MÁS,162
PIURA,2012,LICENCIA PROFESIONAL,1989
PIURA,2012,LICENCIA PARTICULAR,1099
PIURA,2012,LICENCIA MILITAR,101
PIURA,2012,SIN LICENCIA,956
PIURA,2012,OTROS (NO TIENE LICENCIA O NO CORRESPONDE AL TIPO DE VEHÍCULO),321
PIURA,2013,MASCULINO MENOR DE 18 AÑOS,169
PIURA,2013,MASCULINO ENTRE 19 A 25 AÑOS,1855
PIURA,2013,MASCULINO ENTRE 26 Y 60 AÑOS,2406
PIURA,2013,MASCULINO ENTRE 60 AÑOS A MÁS,413
PIURA,2013,FEMENINO MENOR DE 18 AÑOS,13
PIURA,2013,FEMENINO ENTRE 19 A 25 AÑOS,136
PIURA,2013,FEMENINO ENTRE 26 A 60 AÑOS,163
PIURA,2013,FEMENINO ENTRE 60 AÑOS A MÁS,20
PIURA,2013,LICENCIA PROFESIONAL,2227
PIURA,2013,LICENCIA PARTICULAR,1379
PIURA,2013,LICENCIA MILITAR,59
PIURA,2013,SIN LICENCIA,1236
PIURA,2013,OTROS (NO TIENE LICENCIA O NO CORRESPONDE AL TIPO DE VEHÍCULO),274
PIURA,2014,MASCULINO MENOR DE 18 AÑOS,119
PIURA,2014,MASCULINO ENTRE 19 A 25 AÑOS,1894
PIURA,2014,MASCULINO ENTRE 26 Y 60 AÑOS,2482
PIURA,2014,MASCULINO ENTRE 60 AÑOS A MÁS,702
PIURA,2014,FEMENINO MENOR DE 18 AÑOS,30
PIURA,2014,FEMENINO ENTRE 19 A 25 AÑOS,185
PIURA,2014,FEMENINO ENTRE 26 A 60 AÑOS,176
PIURA,2014,FEMENINO ENTRE 60 AÑOS A MÁS,9
PIURA,2014,LICENCIA PROFESIONAL,1831
PIURA,2014,LICENCIA PARTICULAR,1340
PIURA,2014,LICENCIA MILITAR,49
PIURA,2014,SIN LICENCIA,1281
PIURA,2014,OTROS (NO TIENE LICENCIA O NO CORRESPONDE AL TIPO DE VEHÍCULO),1096
PIURA,2015,MASCULINO MENOR DE 18 AÑOS,105
PIURA,2015,MASCULINO ENTRE 19 A 25 AÑOS,1651
PIURA,2015,MASCULINO ENTRE 26 Y 60 AÑOS,2631
PIURA,2015,MASCULINO ENTRE 60 AÑOS A MÁS,580
PIURA,2015,FEMENINO MENOR DE 18 AÑOS,6
PIURA,2015,FEMENINO ENTRE 19 A 25 AÑOS,163
PIURA,2015,FEMENINO ENTRE 26 A 60 AÑOS,214
PIURA,2015,FEMENINO ENTRE 60 AÑOS A MÁS,8
PIURA,2015,SE DESCONOCE POR FUGA,263
PIURA,2015,LICENCIA PROFESIONAL,1672
PIURA,2015,LICENCIA PARTICULAR,1518
PIURA,2015,LICENCIA MILITAR,59
PIURA,2015,SIN LICENCIA,1075
PIURA,2015,LICENCIA DE VEHÍCULO MENOR,961
PIURA,2015,LICENCIA EXTRANJERA,13
PIURA,2015,OTROS (NO TIENE LICENCIA O NO CORRESPONDE AL TIPO DE VEHÍCULO),323
PIURA,2016,MASCULINO MENOR DE 18 AÑOS,106
PIURA,2016,MASCULINO ENTRE 19 A 25 AÑOS,1682
PIURA,2016,MASCULINO ENTRE 26 Y 60 AÑOS,2705
PIURA,2016,MASCULINO ENTRE 60 AÑOS A MÁS,533
PIURA,2016,FEMENINO MENOR DE 18 AÑOS,3
PIURA,2016,FEMENINO ENTRE 19 A 25 AÑOS,138
PIURA,2016,FEMENINO ENTRE 26 A 60 AÑOS,204
PIURA,2016,FEMENINO ENTRE 60 AÑOS A MÁS,6
PIURA,2016,SE DESCONOCE POR FUGA,72
PIURA,2016,LICENCIA PROFESIONAL,1594
PIURA,2016,LICENCIA PARTICULAR,1356
PIURA,2016,LICENCIA MILITAR,78
PIURA,2016,SIN LICENCIA,1021
PIURA,2016,LICENCIA DE VEHÍCULO MENOR,1254
PIURA,2016,LICENCIA EXTRANJERA,16
PIURA,2016,OTROS (NO TIENE LICENCIA O NO CORRESPONDE AL TIPO DE VEHÍCULO),130
PIURA,2017,MASCULINO MENOR ENTRE 13 Y 18 AÑOS,25
PIURA,2017,MASCULINO ENTRE 19 A 25 AÑOS,724
PIURA,2017,MASCULINO ENTRE 26 Y 60 AÑOS,1614
PIURA,2017,MASCULINO ENTRE 60 AÑOS A MÁS,183
PIURA,2017,FEMENINO MENOR ENTRE 13 Y 18 AÑOS,0
PIURA,2017,FEMENINO ENTRE 19 A 25 AÑOS,95
PIURA,2017,FEMENINO ENTRE 26 A 60 AÑOS,63
PIURA,2017,FEMENINO ENTRE 60 AÑOS A MÁS,1
PIURA,2017,SE DESCONOCE POR FUGA,315
PIURA,2017,LICENCIA PROFESIONAL,892
PIURA,2017,LICENCIA PARTICULAR,760
PIURA,2017,LICENCIA MILITAR,52
PIURA,2017,SIN LICENCIA,493
PIURA,2017,LICENCIA DE VEHÍCULO MENOR,579
PIURA,2017,LICENCIA EXTRANJERA,30
PIURA,2017,OTROS (NO TIENE LICENCIA O NO CORRESPONDE AL TIPO DE VEHÍCULO),214
PIURA,2018,ENTRE 12 Y 17 AÑOS,57
PIURA,2018,ENTRE 18 A 29 AÑOS,1011
PIURA,2018,ENTRE 30 Y 59 AÑOS,1422
PIURA,2018,ENTRE 60 AÑOS A MÁS,92
PIURA,2018,ENTRE 12 Y 17 AÑOS,8
PIURA,2018,ENTRE 18 A 29 AÑOS,68
PIURA,2018,ENTRE 30 Y 59 AÑOS,93
PIURA,2018,ENTRE 60 AÑOS A MÁS,7
PIURA,2018,LICENCIA PROFESIONAL,857
PIURA,2018,LICENCIA PARTICULAR,875
PIURA,2018,LICENCIA MILITAR,27
PIURA,2018,SIN LICENCIA,388
PIURA,2018,LICENCIA DE VEHÍCULO MENOR,674
PIURA,2018,LICENCIA EXTRANJERA,15
PIURA,2019,ENTRE 12 Y 17 AÑOS,36
PIURA,2019,ENTRE 18 A 29 AÑOS,1465
PIURA,2019,ENTRE 30 Y 59 AÑOS,2685
PIURA,2019,ENTRE 60 AÑOS A MÁS,148
PIURA,2019,ENTRE 12 Y 17 AÑOS,4
PIURA,2019,ENTRE 18 A 29 AÑOS,102
PIURA,2019,ENTRE 30 Y 59 AÑOS,195
PIURA,2019,ENTRE 60 AÑOS A MÁS,44
PIURA,2019,LICENCIA PROFESIONAL,993
PIURA,2019,LICENCIA PARTICULAR,2394
PIURA,2019,LICENCIA MILITAR,22
PIURA,2019,SIN LICENCIA,653
PIURA,2019,LICENCIA DE VEHÍCULO MENOR,764
PIURA,2019,LICENCIA EXTRANJERA,12
PIURA,2020,ENTRE 12 Y 17 AÑOS,16
PIURA,2020,ENTRE 18 A 29 AÑOS,1078
PIURA,2020,ENTRE 30 Y 59 AÑOS,1448
PIURA,2020,ENTRE 60 AÑOS A MÁS,163
PIURA,2020,ENTRE 12 Y 17 AÑOS,0
PIURA,2020,ENTRE 18 A 29 AÑOS,56
PIURA,2020,ENTRE 30 Y 59 AÑOS,108
PIURA,2020,ENTRE 60 AÑOS A MÁS,28
PIURA,2020,LICENCIA PROFESIONAL,780
PIURA,2020,LICENCIA PARTICULAR,1048
PIURA,2020,LICENCIA MILITAR,19
PIURA,2020,SIN LICENCIA,518
PIURA,2020,LICENCIA DE VEHÍCULO MENOR,629
PIURA,2020,LICENCIA EXTRANJERA,16
PIURA,2021,ENTRE 12 Y 17 AÑOS,38
PIURA,2021,ENTRE 18 A 29 AÑOS,1476
PIURA,2021,ENTRE 30 Y 59 AÑOS,2057
PIURA,2021,ENTRE 60 AÑOS A MÁS,170
PIURA,2021,ENTRE 12 Y 17 AÑOS,0
PIURA,2021,ENTRE 18 A 29 AÑOS,131
PIURA,2021,ENTRE 30 Y 59 AÑOS,161
PIURA,2021,ENTRE 60 AÑOS A MÁS,16
PIURA,2021,LICENCIA PROFESIONAL,750
PIURA,2021,LICENCIA PARTICULAR,1485
PIURA,2021,LICENCIA MILITAR,13
PIURA,2021,SIN LICENCIA,742
PIURA,2021,LICENCIA DE VEHÍCULO MENOR,1174
PIURA,2021,LICENCIA EXTRANJERA,21
PIURA,2022,ENTRE 12 Y 17 AÑOS,41
PIURA,2022,ENTRE 18 A 29 AÑOS,1675
PIURA,2022,ENTRE 30 Y 59 AÑOS,2309
PIURA,2022,ENTRE 60 AÑOS A MÁS,208
PIURA,2022,ENTRE 12 Y 17 AÑOS,2
PIURA,2022,ENTRE 18 A 29 AÑOS,153
PIURA,2022,ENTRE 30 Y 59 AÑOS,248
PIURA,2022,ENTRE 60 AÑOS A MÁS,9
PIURA,2022,LICENCIA PROFESIONAL,939
PIURA,2022,LICENCIA PARTICULAR,1356
PIURA,2022,LICENCIA MILITAR,0
PIURA,2022,SIN LICENCIA,955
PIURA,2022,LICENCIA DE VEHÍCULO MENOR,1486
PIURA,2022,LICENCIA EXTRANJERA,28
PIURA,2023,ENTRE 12 Y 17 AÑOS,26
PIURA,2023,ENTRE 18 A 29 AÑOS,1455
PIURA,2023,ENTRE 30 Y 59 AÑOS,2009
PIURA,2023,ENTRE 60 AÑOS A MÁS,178
PIURA,2023,ENTRE 12 Y 17 AÑOS,1
PIURA,2023,ENTRE 18 A 29 AÑOS,95
PIURA,2023,ENTRE 30 Y 59 AÑOS,172
PIURA,2023,ENTRE 60 AÑOS A MÁS,8
PIURA,2023,LICENCIA PROFESIONAL,646
PIURA,2023,LICENCIA PARTICULAR,1461
PIURA,2023,LICENCIA MILITAR,6
PIURA,2023,SIN LICENCIA,1015
PIURA,2023,LICENCIA DE VEHÍCULO MENOR,1
PIURA,2023,LICENCIA EXTRANJERA,896
PIURA,2024,ENTRE 12 Y 17 AÑOS,18
PIURA,2024,ENTRE 18 A 29 AÑOS,1501
PIURA,2024,ENTRE 30 Y 59 AÑOS,2146
PIURA,2024,ENTRE 60 AÑOS A MÁS,276
PIURA,2024,ENTRE 12 Y 17 AÑOS,1
PIURA,2024,ENTRE 18 A 29 AÑOS,138
PIURA,2024,ENTRE 30 Y 59 AÑOS,195
PIURA,2024,ENTRE 60 AÑOS A MÁS,4
PIURA,2024,LICENCIA PROFESIONAL,577
PIURA,2024,LICENCIA PARTICULAR,1348
PIURA,2024,LICENCIA MILITAR,11
PIURA,2024,SIN LICENCIA,1377
PIURA,2024,LICENCIA DE VEHÍCULO MENOR,10
PIURA,2024,LICENCIA EXTRANJERA,1045
PUNO,2008,MASCULINO MENOR DE 18 AÑOS,39
PUNO,2008,MASCULINO MAYOR DE 18 AÑOS,741
PUNO,2008,FEMENINO MENOR DE 18 AÑOS,0
PUNO,2008,FEMENINO MAYOR DE 18 AÑOS,66
PUNO,2008,LICENCIA PROFESIONAL,618
PUNO,2008,LICENCIA PARTICULAR,86
PUNO,2008,LICENCIA MILITAR,5
PUNO,2008,SIN LICENCIA,105
PUNO,2008,OTROS (NO TIENE LICENCIA O NO CORRESPONDE AL TIPO DE VEHÍCULO),32
PUNO,2009,MASCULINO MENOR DE 18 AÑOS,37
PUNO,2009,MASCULINO MAYOR DE 18 AÑOS,794
PUNO,2009,FEMENINO MENOR DE 18 AÑOS,4
PUNO,2009,FEMENINO MAYOR DE 18 AÑOS,41
PUNO,2009,LICENCIA PROFESIONAL,631
PUNO,2009,LICENCIA PARTICULAR,120
PUNO,2009,LICENCIA MILITAR,9
PUNO,2009,SIN LICENCIA,94
PUNO,2009,OTROS (NO TIENE LICENCIA O NO CORRESPONDE AL TIPO DE VEHÍCULO),21
PUNO,2010,MASCULINO MENOR DE 18 AÑOS,44
PUNO,2010,MASCULINO ENTRE 19 A 25 AÑOS,457
PUNO,2010,MASCULINO ENTRE 26 Y 60 AÑOS,590
PUNO,2010,MASCULINO ENTRE 60 AÑOS A MÁS,6
PUNO,2010,FEMENINO MENOR DE 18 AÑOS,0
PUNO,2010,FEMENINO ENTRE 19 A 25 AÑOS,12
PUNO,2010,FEMENINO ENTRE 26 A 60 AÑOS,0
PUNO,2010,FEMENINO ENTRE 60 AÑOS A MÁS,0
PUNO,2010,LICENCIA PROFESIONAL,826
PUNO,2010,LICENCIA PARTICULAR,88
PUNO,2010,LICENCIA MILITAR,8
PUNO,2010,SIN LICENCIA,130
PUNO,2010,OTROS (NO TIENE LICENCIA O NO CORRESPONDE AL TIPO DE VEHÍCULO),57
PUNO,2011,MASCULINO MENOR DE 18 AÑOS,70
PUNO,2011,MASCULINO ENTRE 19 A 25 AÑOS,494
PUNO,2011,MASCULINO ENTRE 26 Y 60 AÑOS,791
PUNO,2011,MASCULINO ENTRE 60 AÑOS A MÁS,53
PUNO,2011,FEMENINO MENOR DE 18 AÑOS,25
PUNO,2011,FEMENINO ENTRE 19 A 25 AÑOS,12
PUNO,2011,FEMENINO ENTRE 26 A 60 AÑOS,3
PUNO,2011,FEMENINO ENTRE 60 AÑOS A MÁS,0
PUNO,2011,LICENCIA PROFESIONAL,966
PUNO,2011,LICENCIA PARTICULAR,182
PUNO,2011,LICENCIA MILITAR,4
PUNO,2011,SIN LICENCIA,144
PUNO,2011,OTROS (NO TIENE LICENCIA O NO CORRESPONDE AL TIPO DE VEHÍCULO),152
PUNO,2012,MASCULINO MENOR DE 18 AÑOS,26
PUNO,2012,MASCULINO ENTRE 19 A 25 AÑOS,127
PUNO,2012,MASCULINO ENTRE 26 Y 60 AÑOS,803
PUNO,2012,MASCULINO ENTRE 60 AÑOS A MÁS,67
PUNO,2012,FEMENINO MENOR DE 18 AÑOS,0
PUNO,2012,FEMENINO ENTRE 19 A 25 AÑOS,12
PUNO,2012,FEMENINO ENTRE 26 A 60 AÑOS,3
PUNO,2012,FEMENINO ENTRE 60 AÑOS A MÁS,0
PUNO,2012,LICENCIA PROFESIONAL,639
PUNO,2012,LICENCIA PARTICULAR,160
PUNO,2012,LICENCIA MILITAR,3
PUNO,2012,SIN LICENCIA,150
PUNO,2012,OTROS (NO TIENE LICENCIA O NO CORRESPONDE AL TIPO DE VEHÍCULO),86
PUNO,2013,MASCULINO MENOR DE 18 AÑOS,25
PUNO,2013,MASCULINO ENTRE 19 A 25 AÑOS,197
PUNO,2013,MASCULINO ENTRE 26 Y 60 AÑOS,894
PUNO,2013,MASCULINO ENTRE 60 AÑOS A MÁS,98
PUNO,2013,FEMENINO MENOR DE 18 AÑOS,0
PUNO,2013,FEMENINO ENTRE 19 A 25 AÑOS,37
PUNO,2013,FEMENINO ENTRE 26 A 60 AÑOS,25
PUNO,2013,FEMENINO ENTRE 60 AÑOS A MÁS,5
PUNO,2013,LICENCIA PROFESIONAL,854
PUNO,2013,LICENCIA PARTICULAR,128
PUNO,2013,LICENCIA MILITAR,3
PUNO,2013,SIN LICENCIA,210
PUNO,2013,OTROS (NO TIENE LICENCIA O NO CORRESPONDE AL TIPO DE VEHÍCULO),86
PUNO,2014,MASCULINO MENOR DE 18 AÑOS,60
PUNO,2014,MASCULINO ENTRE 19 A 25 AÑOS,265
PUNO,2014,MASCULINO ENTRE 26 Y 60 AÑOS,667
PUNO,2014,MASCULINO ENTRE 60 AÑOS A MÁS,70
PUNO,2014,FEMENINO MENOR DE 18 AÑOS,0
PUNO,2014,FEMENINO ENTRE 19 A 25 AÑOS,6
PUNO,2014,FEMENINO ENTRE 26 A 60 AÑOS,12
PUNO,2014,FEMENINO ENTRE 60 AÑOS A MÁS,5
PUNO,2014,LICENCIA PROFESIONAL,684
PUNO,2014,LICENCIA PARTICULAR,157
PUNO,2014,LICENCIA MILITAR,9
PUNO,2014,SIN LICENCIA,161
PUNO,2014,OTROS (NO TIENE LICENCIA O NO CORRESPONDE AL TIPO DE VEHÍCULO),74
PUNO,2015,MASCULINO MENOR DE 18 AÑOS,19
PUNO,2015,MASCULINO ENTRE 19 A 25 AÑOS,288
PUNO,2015,MASCULINO ENTRE 26 Y 60 AÑOS,761
PUNO,2015,MASCULINO ENTRE 60 AÑOS A MÁS,63
PUNO,2015,FEMENINO MENOR DE 18 AÑOS,0
PUNO,2015,FEMENINO ENTRE 19 A 25 AÑOS,2
PUNO,2015,FEMENINO ENTRE 26 A 60 AÑOS,15
PUNO,2015,FEMENINO ENTRE 60 AÑOS A MÁS,7
PUNO,2015,SE DESCONOCE POR FUGA,52
PUNO,2015,LICENCIA PROFESIONAL,694
PUNO,2015,LICENCIA PARTICULAR,206
PUNO,2015,LICENCIA MILITAR,0
PUNO,2015,SIN LICENCIA,245
PUNO,2015,LICENCIA DE VEHÍCULO MENOR,10
PUNO,2015,LICENCIA EXTRANJERA,2
PUNO,2015,OTROS (NO TIENE LICENCIA O NO CORRESPONDE AL TIPO DE VEHÍCULO),50
PUNO,2016,MASCULINO MENOR DE 18 AÑOS,12
PUNO,2016,MASCULINO ENTRE 19 A 25 AÑOS,261
PUNO,2016,MASCULINO ENTRE 26 Y 60 AÑOS,663
PUNO,2016,MASCULINO ENTRE 60 AÑOS A MÁS,51
PUNO,2016,FEMENINO MENOR DE 18 AÑOS,1
PUNO,2016,FEMENINO ENTRE 19 A 25 AÑOS,0
PUNO,2016,FEMENINO ENTRE 26 A 60 AÑOS,15
PUNO,2016,FEMENINO ENTRE 60 AÑOS A MÁS,5
PUNO,2016,SE DESCONOCE POR FUGA,44
PUNO,2016,LICENCIA PROFESIONAL,635
PUNO,2016,LICENCIA PARTICULAR,188
PUNO,2016,LICENCIA MILITAR,0
PUNO,2016,SIN LICENCIA,180
PUNO,2016,LICENCIA DE VEHÍCULO MENOR,3
PUNO,2016,LICENCIA EXTRANJERA,0
PUNO,2016,OTROS (NO TIENE LICENCIA O NO CORRESPONDE AL TIPO DE VEHÍCULO),46
PUNO,2017,MASCULINO MENOR ENTRE 13 Y 18 AÑOS,13
PUNO,2017,MASCULINO ENTRE 19 A 25 AÑOS,156
PUNO,2017,MASCULINO ENTRE 26 Y 60 AÑOS,887
PUNO,2017,MASCULINO ENTRE 60 AÑOS A MÁS,45
PUNO,2017,FEMENINO MENOR ENTRE 13 Y 18 AÑOS,2
PUNO,2017,FEMENINO ENTRE 19 A 25 AÑOS,13
PUNO,2017,FEMENINO ENTRE 26 A 60 AÑOS,20
PUNO,2017,FEMENINO ENTRE 60 AÑOS A MÁS,0
PUNO,2017,SE DESCONOCE POR FUGA,209
PUNO,2017,LICENCIA PROFESIONAL,682
PUNO,2017,LICENCIA PARTICULAR,208
PUNO,2017,LICENCIA MILITAR,0
PUNO,2017,SIN LICENCIA,307
PUNO,2017,LICENCIA DE VEHÍCULO MENOR,7
PUNO,2017,LICENCIA EXTRANJERA,3
PUNO,2017,OTROS (NO TIENE LICENCIA O NO CORRESPONDE AL TIPO DE VEHÍCULO),138
PUNO,2018,ENTRE 12 Y 17 AÑOS,30
PUNO,2018,ENTRE 18 A 29 AÑOS,453
PUNO,2018,ENTRE 30 Y 59 AÑOS,618
PUNO,2018,ENTRE 60 AÑOS A MÁS,41
PUNO,2018,ENTRE 12 Y 17 AÑOS,1
PUNO,2018,ENTRE 18 A 29 AÑOS,6
PUNO,2018,ENTRE 30 Y 59 AÑOS,4
PUNO,2018,ENTRE 60 AÑOS A MÁS,0
PUNO,2018,LICENCIA PROFESIONAL,722
PUNO,2018,LICENCIA PARTICULAR,215
PUNO,2018,LICENCIA MILITAR,3
PUNO,2018,SIN LICENCIA,194
PUNO,2018,LICENCIA DE VEHÍCULO MENOR,28
PUNO,2018,LICENCIA EXTRANJERA,2
PUNO,2019,ENTRE 12 Y 17 AÑOS,23
PUNO,2019,ENTRE 18 A 29 AÑOS,409
PUNO,2019,ENTRE 30 Y 59 AÑOS,755
PUNO,2019,ENTRE 60 AÑOS A MÁS,55
PUNO,2019,ENTRE 12 Y 17 AÑOS,2
PUNO,2019,ENTRE 18 A 29 AÑOS,11
PUNO,2019,ENTRE 30 Y 59 AÑOS,12
PUNO,2019,ENTRE 60 AÑOS A MÁS,2
PUNO,2019,LICENCIA PROFESIONAL,796
PUNO,2019,LICENCIA PARTICULAR,220
PUNO,2019,LICENCIA MILITAR,8
PUNO,2019,SIN LICENCIA,193
PUNO,2019,LICENCIA DE VEHÍCULO MENOR,48
PUNO,2019,LICENCIA EXTRANJERA,8
PUNO,2020,ENTRE 12 Y 17 AÑOS,4
PUNO,2020,ENTRE 18 A 29 AÑOS,180
PUNO,2020,ENTRE 30 Y 59 AÑOS,414
PUNO,2020,ENTRE 60 AÑOS A MÁS,36
PUNO,2020,ENTRE 12 Y 17 AÑOS,4
PUNO,2020,ENTRE 18 A 29 AÑOS,6
PUNO,2020,ENTRE 30 Y 59 AÑOS,7
PUNO,2020,ENTRE 60 AÑOS A MÁS,0
PUNO,2020,LICENCIA PROFESIONAL,208
PUNO,2020,LICENCIA PARTICULAR,310
PUNO,2020,LICENCIA MILITAR,13
PUNO,2020,SIN LICENCIA,116
PUNO,2020,LICENCIA DE VEHÍCULO MENOR,10
PUNO,2020,LICENCIA EXTRANJERA,0
PUNO,2021,ENTRE 12 Y 17 AÑOS,16
PUNO,2021,ENTRE 18 A 29 AÑOS,332
PUNO,2021,ENTRE 30 Y 59 AÑOS,978
PUNO,2021,ENTRE 60 AÑOS A MÁS,66
PUNO,2021,ENTRE 12 Y 17 AÑOS,5
PUNO,2021,ENTRE 18 A 29 AÑOS,18
PUNO,2021,ENTRE 30 Y 59 AÑOS,23
PUNO,2021,ENTRE 60 AÑOS A MÁS,0
PUNO,2021,LICENCIA PROFESIONAL,575
PUNO,2021,LICENCIA PARTICULAR,529
PUNO,2021,LICENCIA MILITAR,11
PUNO,2021,SIN LICENCIA,243
PUNO,2021,LICENCIA DE VEHÍCULO MENOR,79
PUNO,2021,LICENCIA EXTRANJERA,9
PUNO,2022,ENTRE 12 Y 17 AÑOS,14
PUNO,2022,ENTRE 18 A 29 AÑOS,462
PUNO,2022,ENTRE 30 Y 59 AÑOS,975
PUNO,2022,ENTRE 60 AÑOS A MÁS,133
PUNO,2022,ENTRE 12 Y 17 AÑOS,3
PUNO,2022,ENTRE 18 A 29 AÑOS,44
PUNO,2022,ENTRE 30 Y 59 AÑOS,36
PUNO,2022,ENTRE 60 AÑOS A MÁS,2
PUNO,2022,LICENCIA PROFESIONAL,698
PUNO,2022,LICENCIA PARTICULAR,556
PUNO,2022,LICENCIA MILITAR,48
PUNO,2022,SIN LICENCIA,255
PUNO,2022,LICENCIA DE VEHÍCULO MENOR,108
PUNO,2022,LICENCIA EXTRANJERA,12
PUNO,2023,ENTRE 12 Y 17 AÑOS,14
PUNO,2023,ENTRE 18 A 29 AÑOS,395
PUNO,2023,ENTRE 30 Y 59 AÑOS,878
PUNO,2023,ENTRE 60 AÑOS A MÁS,87
PUNO,2023,ENTRE 12 Y 17 AÑOS,2
PUNO,2023,ENTRE 18 A 29 AÑOS,24
PUNO,2023,ENTRE 30 Y 59 AÑOS,21
PUNO,2023,ENTRE 60 AÑOS A MÁS,2
PUNO,2023,LICENCIA PROFESIONAL,596
PUNO,2023,LICENCIA PARTICULAR,409
PUNO,2023,LICENCIA MILITAR,4
PUNO,2023,SIN LICENCIA,94
PUNO,2023,LICENCIA DE VEHÍCULO MENOR,19
PUNO,2023,LICENCIA EXTRANJERA,319
PUNO,2024,ENTRE 12 Y 17 AÑOS,7
PUNO,2024,ENTRE 18 A 29 AÑOS,456
PUNO,2024,ENTRE 30 Y 59 AÑOS,992
PUNO,2024,ENTRE 60 AÑOS A MÁS,76
PUNO,2024,ENTRE 12 Y 17 AÑOS,3
PUNO,2024,ENTRE 18 A 29 AÑOS,12
PUNO,2024,ENTRE 30 Y 59 AÑOS,23
PUNO,2024,ENTRE 60 AÑOS A MÁS,1
PUNO,2024,LICENCIA PROFESIONAL,595
PUNO,2024,LICENCIA PARTICULAR,693
PUNO,2024,LICENCIA MILITAR,1
PUNO,2024,SIN LICENCIA,93
PUNO,2024,LICENCIA DE VEHÍCULO MENOR,7
PUNO,2024,LICENCIA EXTRANJERA,232
SAN MARTIN,2008,MASCULINO MENOR DE 18 AÑOS,53
SAN MARTIN,2008,MASCULINO MAYOR DE 18 AÑOS,403
SAN MARTIN,2008,FEMENINO MENOR DE 18 AÑOS,7
SAN MARTIN,2008,FEMENINO MAYOR DE 18 AÑOS,81
SAN MARTIN,2008,LICENCIA PROFESIONAL,246
SAN MARTIN,2008,LICENCIA PARTICULAR,129
SAN MARTIN,2008,LICENCIA MILITAR,3
SAN MARTIN,2008,SIN LICENCIA,130
SAN MARTIN,2008,OTROS (NO TIENE LICENCIA O NO CORRESPONDE AL TIPO DE VEHÍCULO),36
SAN MARTIN,2009,MASCULINO MENOR DE 18 AÑOS,56
SAN MARTIN,2009,MASCULINO MAYOR DE 18 AÑOS,491
SAN MARTIN,2009,FEMENINO MENOR DE 18 AÑOS,14
SAN MARTIN,2009,FEMENINO MAYOR DE 18 AÑOS,106
SAN MARTIN,2009,LICENCIA PROFESIONAL,251
SAN MARTIN,2009,LICENCIA PARTICULAR,258
SAN MARTIN,2009,LICENCIA MILITAR,14
SAN MARTIN,2009,SIN LICENCIA,135
SAN MARTIN,2009,OTROS (NO TIENE LICENCIA O NO CORRESPONDE AL TIPO DE VEHÍCULO),9
SAN MARTIN,2010,MASCULINO MENOR DE 18 AÑOS,51
SAN MARTIN,2010,MASCULINO ENTRE 19 A 25 AÑOS,366
SAN MARTIN,2010,MASCULINO ENTRE 26 Y 60 AÑOS,582
SAN MARTIN,2010,MASCULINO ENTRE 60 AÑOS A MÁS,53
SAN MARTIN,2010,FEMENINO MENOR DE 18 AÑOS,4
SAN MARTIN,2010,FEMENINO ENTRE 19 A 25 AÑOS,76
SAN MARTIN,2010,FEMENINO ENTRE 26 A 60 AÑOS,33
SAN MARTIN,2010,FEMENINO ENTRE 60 AÑOS A MÁS,2
SAN MARTIN,2010,LICENCIA PROFESIONAL,416
SAN MARTIN,2010,LICENCIA PARTICULAR,453
SAN MARTIN,2010,LICENCIA MILITAR,2
SAN MARTIN,2010,SIN LICENCIA,239
SAN MARTIN,2010,OTROS (NO TIENE LICENCIA O NO CORRESPONDE AL TIPO DE VEHÍCULO),57
SAN MARTIN,2011,MASCULINO MENOR DE 18 AÑOS,57
SAN MARTIN,2011,MASCULINO ENTRE 19 A 25 AÑOS,386
SAN MARTIN,2011,MASCULINO ENTRE 26 Y 60 AÑOS,581
SAN MARTIN,2011,MASCULINO ENTRE 60 AÑOS A MÁS,76
SAN MARTIN,2011,FEMENINO MENOR DE 18 AÑOS,3
SAN MARTIN,2011,FEMENINO ENTRE 19 A 25 AÑOS,93
SAN MARTIN,2011,FEMENINO ENTRE 26 A 60 AÑOS,54
SAN MARTIN,2011,FEMENINO ENTRE 60 AÑOS A MÁS,0
SAN MARTIN,2011,LICENCIA PROFESIONAL,602
SAN MARTIN,2011,LICENCIA PARTICULAR,348
SAN MARTIN,2011,LICENCIA MILITAR,4
SAN MARTIN,2011,SIN LICENCIA,187
SAN MARTIN,2011,OTROS (NO TIENE LICENCIA O NO CORRESPONDE AL TIPO DE VEHÍCULO),107
SAN MARTIN,2012,MASCULINO MENOR DE 18 AÑOS,59
SAN MARTIN,2012,MASCULINO ENTRE 19 A 25 AÑOS,393
SAN MARTIN,2012,MASCULINO ENTRE 26 Y 60 AÑOS,721
SAN MARTIN,2012,MASCULINO ENTRE 60 AÑOS A MÁS,93
SAN MARTIN,2012,FEMENINO MENOR DE 18 AÑOS,3
SAN MARTIN,2012,FEMENINO ENTRE 19 A 25 AÑOS,87
SAN MARTIN,2012,FEMENINO ENTRE 26 A 60 AÑOS,88
SAN MARTIN,2012,FEMENINO ENTRE 60 AÑOS A MÁS,4
SAN MARTIN,2012,LICENCIA PROFESIONAL,555
SAN MARTIN,2012,LICENCIA PARTICULAR,603
SAN MARTIN,2012,LICENCIA MILITAR,14
SAN MARTIN,2012,SIN LICENCIA,198
SAN MARTIN,2012,OTROS (NO TIENE LICENCIA O NO CORRESPONDE AL TIPO DE VEHÍCULO),78
SAN MARTIN,2013,MASCULINO MENOR DE 18 AÑOS,71
SAN MARTIN,2013,MASCULINO ENTRE 19 A 25 AÑOS,562
SAN MARTIN,2013,MASCULINO ENTRE 26 Y 60 AÑOS,795
SAN MARTIN,2013,MASCULINO ENTRE 60 AÑOS A MÁS,76
SAN MARTIN,2013,FEMENINO MENOR DE 18 AÑOS,5
SAN MARTIN,2013,FEMENINO ENTRE 19 A 25 AÑOS,197
SAN MARTIN,2013,FEMENINO ENTRE 26 A 60 AÑOS,94
SAN MARTIN,2013,FEMENINO ENTRE 60 AÑOS A MÁS,2
SAN MARTIN,2013,LICENCIA PROFESIONAL,465
SAN MARTIN,2013,LICENCIA PARTICULAR,1011
SAN MARTIN,2013,LICENCIA MILITAR,11
SAN MARTIN,2013,SIN LICENCIA,246
SAN MARTIN,2013,OTROS (NO TIENE LICENCIA O NO CORRESPONDE AL TIPO DE VEHÍCULO),67
SAN MARTIN,2014,MASCULINO MENOR DE 18 AÑOS,51
SAN MARTIN,2014,MASCULINO ENTRE 19 A 25 AÑOS,429
SAN MARTIN,2014,MASCULINO ENTRE 26 Y 60 AÑOS,853
SAN MARTIN,2014,MASCULINO ENTRE 60 AÑOS A MÁS,76
SAN MARTIN,2014,FEMENINO MENOR DE 18 AÑOS,19
SAN MARTIN,2014,FEMENINO ENTRE 19 A 25 AÑOS,144
SAN MARTIN,2014,FEMENINO ENTRE 26 A 60 AÑOS,145
SAN MARTIN,2014,FEMENINO ENTRE 60 AÑOS A MÁS,15
SAN MARTIN,2014,LICENCIA PROFESIONAL,355
SAN MARTIN,2014,LICENCIA PARTICULAR,852
SAN MARTIN,2014,LICENCIA MILITAR,3
SAN MARTIN,2014,SIN LICENCIA,188
SAN MARTIN,2014,OTROS (NO TIENE LICENCIA O NO CORRESPONDE AL TIPO DE VEHÍCULO),334
SAN MARTIN,2015,MASCULINO MENOR DE 18 AÑOS,48
SAN MARTIN,2015,MASCULINO ENTRE 19 A 25 AÑOS,415
SAN MARTIN,2015,MASCULINO ENTRE 26 Y 60 AÑOS,954
SAN MARTIN,2015,MASCULINO ENTRE 60 AÑOS A MÁS,75
SAN MARTIN,2015,FEMENINO MENOR DE 18 AÑOS,15
SAN MARTIN,2015,FEMENINO ENTRE 19 A 25 AÑOS,47
SAN MARTIN,2015,FEMENINO ENTRE 26 A 60 AÑOS,76
SAN MARTIN,2015,FEMENINO ENTRE 60 AÑOS A MÁS,1
SAN MARTIN,2015,SE DESCONOCE POR FUGA,8
SAN MARTIN,2015,LICENCIA PROFESIONAL,236
SAN MARTIN,2015,LICENCIA PARTICULAR,473
SAN MARTIN,2015,LICENCIA MILITAR,6
SAN MARTIN,2015,SIN LICENCIA,394
SAN MARTIN,2015,LICENCIA DE VEHÍCULO MENOR,447
SAN MARTIN,2015,LICENCIA EXTRANJERA,2
SAN MARTIN,2015,OTROS (NO TIENE LICENCIA O NO CORRESPONDE AL TIPO DE VEHÍCULO),81
SAN MARTIN,2016,MASCULINO MENOR DE 18 AÑOS,113
SAN MARTIN,2016,MASCULINO ENTRE 19 A 25 AÑOS,596
SAN MARTIN,2016,MASCULINO ENTRE 26 Y 60 AÑOS,1758
SAN MARTIN,2016,MASCULINO ENTRE 60 AÑOS A MÁS,150
SAN MARTIN,2016,FEMENINO MENOR DE 18 AÑOS,28
SAN MARTIN,2016,FEMENINO ENTRE 19 A 25 AÑOS,67
SAN MARTIN,2016,FEMENINO ENTRE 26 A 60 AÑOS,141
SAN MARTIN,2016,FEMENINO ENTRE 60 AÑOS A MÁS,7
SAN MARTIN,2016,SE DESCONOCE POR FUGA,79
SAN MARTIN,2016,LICENCIA PROFESIONAL,295
SAN MARTIN,2016,LICENCIA PARTICULAR,303
SAN MARTIN,2016,LICENCIA MILITAR,3
SAN MARTIN,2016,SIN LICENCIA,589
SAN MARTIN,2016,LICENCIA DE VEHÍCULO MENOR,720
SAN MARTIN,2016,LICENCIA EXTRANJERA,0
SAN MARTIN,2016,OTROS (NO TIENE LICENCIA O NO CORRESPONDE AL TIPO DE VEHÍCULO),1029
SAN MARTIN,2017,MASCULINO MENOR ENTRE 13 Y 18 AÑOS,97
SAN MARTIN,2017,MASCULINO ENTRE 19 A 25 AÑOS,417
SAN MARTIN,2017,MASCULINO ENTRE 26 Y 60 AÑOS,1323
SAN MARTIN,2017,MASCULINO ENTRE 60 AÑOS A MÁS,90
SAN MARTIN,2017,FEMENINO MENOR ENTRE 13 Y 18 AÑOS,17
SAN MARTIN,2017,FEMENINO ENTRE 19 A 25 AÑOS,52
SAN MARTIN,2017,FEMENINO ENTRE 26 A 60 AÑOS,87
SAN MARTIN,2017,FEMENINO ENTRE 60 AÑOS A MÁS,10
SAN MARTIN,2017,SE DESCONOCE POR FUGA,165
SAN MARTIN,2017,LICENCIA PROFESIONAL,230
SAN MARTIN,2017,LICENCIA PARTICULAR,284
SAN MARTIN,2017,LICENCIA MILITAR,8
SAN MARTIN,2017,SIN LICENCIA,676
SAN MARTIN,2017,LICENCIA DE VEHÍCULO MENOR,374
SAN MARTIN,2017,LICENCIA EXTRANJERA,12
SAN MARTIN,2017,OTROS (NO TIENE LICENCIA O NO CORRESPONDE AL TIPO DE VEHÍCULO),674
SAN MARTIN,2018,ENTRE 12 Y 17 AÑOS,49
SAN MARTIN,2018,ENTRE 18 A 29 AÑOS,598
SAN MARTIN,2018,ENTRE 30 Y 59 AÑOS,960
SAN MARTIN,2018,ENTRE 60 AÑOS A MÁS,83
SAN MARTIN,2018,ENTRE 12 Y 17 AÑOS,1
SAN MARTIN,2018,ENTRE 18 A 29 AÑOS,74
SAN MARTIN,2018,ENTRE 30 Y 59 AÑOS,51
SAN MARTIN,2018,ENTRE 60 AÑOS A MÁS,2
SAN MARTIN,2018,LICENCIA PROFESIONAL,170
SAN MARTIN,2018,LICENCIA PARTICULAR,399
SAN MARTIN,2018,LICENCIA MILITAR,12
SAN MARTIN,2018,SIN LICENCIA,894
SAN MARTIN,2018,LICENCIA DE VEHÍCULO MENOR,424
SAN MARTIN,2018,LICENCIA EXTRANJERA,4
SAN MARTIN,2019,ENTRE 12 Y 17 AÑOS,37
SAN MARTIN,2019,ENTRE 18 A 29 AÑOS,509
SAN MARTIN,2019,ENTRE 30 Y 59 AÑOS,877
SAN MARTIN,2019,ENTRE 60 AÑOS A MÁS,84
SAN MARTIN,2019,ENTRE 12 Y 17 AÑOS,5
SAN MARTIN,2019,ENTRE 18 A 29 AÑOS,53
SAN MARTIN,2019,ENTRE 30 Y 59 AÑOS,72
SAN MARTIN,2019,ENTRE 60 AÑOS A MÁS,4
SAN MARTIN,2019,LICENCIA PROFESIONAL,186
SAN MARTIN,2019,LICENCIA PARTICULAR,277
SAN MARTIN,2019,LICENCIA MILITAR,30
SAN MARTIN,2019,SIN LICENCIA,815
SAN MARTIN,2019,LICENCIA DE VEHÍCULO MENOR,405
SAN MARTIN,2019,LICENCIA EXTRANJERA,9
SAN MARTIN,2020,ENTRE 12 Y 17 AÑOS,21
SAN MARTIN,2020,ENTRE 18 A 29 AÑOS,315
SAN MARTIN,2020,ENTRE 30 Y 59 AÑOS,583
SAN MARTIN,2020,ENTRE 60 AÑOS A MÁS,83
SAN MARTIN,2020,ENTRE 12 Y 17 AÑOS,1
SAN MARTIN,2020,ENTRE 18 A 29 AÑOS,50
SAN MARTIN,2020,ENTRE 30 Y 59 AÑOS,58
SAN MARTIN,2020,ENTRE 60 AÑOS A MÁS,1
SAN MARTIN,2020,LICENCIA PROFESIONAL,151
SAN MARTIN,2020,LICENCIA PARTICULAR,110
SAN MARTIN,2020,LICENCIA MILITAR,0
SAN MARTIN,2020,SIN LICENCIA,579
SAN MARTIN,2020,LICENCIA DE VEHÍCULO MENOR,282
SAN MARTIN,2020,LICENCIA EXTRANJERA,40
SAN MARTIN,2021,ENTRE 12 Y 17 AÑOS,43
SAN MARTIN,2021,ENTRE 18 A 29 AÑOS,420
SAN MARTIN,2021,ENTRE 30 Y 59 AÑOS,728
SAN MARTIN,2021,ENTRE 60 AÑOS A MÁS,107
SAN MARTIN,2021,ENTRE 12 Y 17 AÑOS,2
SAN MARTIN,2021,ENTRE 18 A 29 AÑOS,105
SAN MARTIN,2021,ENTRE 30 Y 59 AÑOS,97
SAN MARTIN,2021,ENTRE 60 AÑOS A MÁS,2
SAN MARTIN,2021,LICENCIA PROFESIONAL,153
SAN MARTIN,2021,LICENCIA PARTICULAR,176
SAN MARTIN,2021,LICENCIA MILITAR,13
SAN MARTIN,2021,SIN LICENCIA,787
SAN MARTIN,2021,LICENCIA DE VEHÍCULO MENOR,441
SAN MARTIN,2021,LICENCIA EXTRANJERA,13
SAN MARTIN,2022,ENTRE 12 Y 17 AÑOS,48
SAN MARTIN,2022,ENTRE 18 A 29 AÑOS,483
SAN MARTIN,2022,ENTRE 30 Y 59 AÑOS,837
SAN MARTIN,2022,ENTRE 60 AÑOS A MÁS,105
SAN MARTIN,2022,ENTRE 12 Y 17 AÑOS,7
SAN MARTIN,2022,ENTRE 18 A 29 AÑOS,83
SAN MARTIN,2022,ENTRE 30 Y 59 AÑOS,93
SAN MARTIN,2022,ENTRE 60 AÑOS A MÁS,3
SAN MARTIN,2022,LICENCIA PROFESIONAL,185
SAN MARTIN,2022,LICENCIA PARTICULAR,247
SAN MARTIN,2022,LICENCIA MILITAR,7
SAN MARTIN,2022,SIN LICENCIA,896
SAN MARTIN,2022,LICENCIA DE VEHÍCULO MENOR,460
SAN MARTIN,2022,LICENCIA EXTRANJERA,0
SAN MARTIN,2023,ENTRE 12 Y 17 AÑOS,41
SAN MARTIN,2023,ENTRE 18 A 29 AÑOS,590
SAN MARTIN,2023,ENTRE 30 Y 59 AÑOS,949
SAN MARTIN,2023,ENTRE 60 AÑOS A MÁS,133
SAN MARTIN,2023,ENTRE 12 Y 17 AÑOS,10
SAN MARTIN,2023,ENTRE 18 A 29 AÑOS,143
SAN MARTIN,2023,ENTRE 30 Y 59 AÑOS,135
SAN MARTIN,2023,ENTRE 60 AÑOS A MÁS,1
SAN MARTIN,2023,LICENCIA PROFESIONAL,141
SAN MARTIN,2023,LICENCIA PARTICULAR,412
SAN MARTIN,2023,LICENCIA MILITAR,7
SAN MARTIN,2023,SIN LICENCIA,394
SAN MARTIN,2023,LICENCIA DE VEHÍCULO MENOR,2
SAN MARTIN,2023,LICENCIA EXTRANJERA,1217
SAN MARTIN,2024,ENTRE 12 Y 17 AÑOS,68
SAN MARTIN,2024,ENTRE 18 A 29 AÑOS,714
SAN MARTIN,2024,ENTRE 30 Y 59 AÑOS,1144
SAN MARTIN,2024,ENTRE 60 AÑOS A MÁS,158
SAN MARTIN,2024,ENTRE 12 Y 17 AÑOS,15
SAN MARTIN,2024,ENTRE 18 A 29 AÑOS,167
SAN MARTIN,2024,ENTRE 30 Y 59 AÑOS,168
SAN MARTIN,2024,ENTRE 60 AÑOS A MÁS,14
SAN MARTIN,2024,LICENCIA PROFESIONAL,180
SAN MARTIN,2024,LICENCIA PARTICULAR,896
SAN MARTIN,2024,LICENCIA MILITAR,9
SAN MARTIN,2024,SIN LICENCIA,444
SAN MARTIN,2024,LICENCIA DE VEHÍCULO MENOR,5
SAN MARTIN,2024,LICENCIA EXTRANJERA,1030
TACNA,2008,MASCULINO MENOR DE 18 AÑOS,1
TACNA,2008,MASCULINO MAYOR DE 18 AÑOS,296
TACNA,2008,FEMENINO MENOR DE 18 AÑOS,0
TACNA,2008,FEMENINO MAYOR DE 18 AÑOS,30
TACNA,2008,LICENCIA PROFESIONAL,178
TACNA,2008,LICENCIA PARTICULAR,76
TACNA,2008,LICENCIA MILITAR,2
TACNA,2008,SIN LICENCIA,67
TACNA,2008,OTROS (NO TIENE LICENCIA O NO CORRESPONDE AL TIPO DE VEHÍCULO),4
TACNA,2009,MASCULINO MENOR DE 18 AÑOS,7
TACNA,2009,MASCULINO MAYOR DE 18 AÑOS,1227
TACNA,2009,FEMENINO MENOR DE 18 AÑOS,1
TACNA,2009,FEMENINO MAYOR DE 18 AÑOS,74
TACNA,2009,LICENCIA PROFESIONAL,746
TACNA,2009,LICENCIA PARTICULAR,331
TACNA,2009,LICENCIA MILITAR,21
TACNA,2009,SIN LICENCIA,199
TACNA,2009,OTROS (NO TIENE LICENCIA O NO CORRESPONDE AL TIPO DE VEHÍCULO),12
TACNA,2010,MASCULINO MENOR DE 18 AÑOS,17
TACNA,2010,MASCULINO ENTRE 19 A 25 AÑOS,524
TACNA,2010,MASCULINO ENTRE 26 Y 60 AÑOS,878
TACNA,2010,MASCULINO ENTRE 60 AÑOS A MÁS,319
TACNA,2010,FEMENINO MENOR DE 18 AÑOS,0
TACNA,2010,FEMENINO ENTRE 19 A 25 AÑOS,11
TACNA,2010,FEMENINO ENTRE 26 A 60 AÑOS,17
TACNA,2010,FEMENINO ENTRE 60 AÑOS A MÁS,1
TACNA,2010,LICENCIA PROFESIONAL,1124
TACNA,2010,LICENCIA PARTICULAR,370
TACNA,2010,LICENCIA MILITAR,35
TACNA,2010,SIN LICENCIA,223
TACNA,2010,OTROS (NO TIENE LICENCIA O NO CORRESPONDE AL TIPO DE VEHÍCULO),15
TACNA,2011,MASCULINO MENOR DE 18 AÑOS,107
TACNA,2011,MASCULINO ENTRE 19 A 25 AÑOS,616
TACNA,2011,MASCULINO ENTRE 26 Y 60 AÑOS,904
TACNA,2011,MASCULINO ENTRE 60 AÑOS A MÁS,167
TACNA,2011,FEMENINO MENOR DE 18 AÑOS,0
TACNA,2011,FEMENINO ENTRE 19 A 25 AÑOS,4
TACNA,2011,FEMENINO ENTRE 26 A 60 AÑOS,25
TACNA,2011,FEMENINO ENTRE 60 AÑOS A MÁS,0
TACNA,2011,LICENCIA PROFESIONAL,1146
TACNA,2011,LICENCIA PARTICULAR,464
TACNA,2011,LICENCIA MILITAR,21
TACNA,2011,SIN LICENCIA,173
TACNA,2011,OTROS (NO TIENE LICENCIA O NO CORRESPONDE AL TIPO DE VEHÍCULO),19
TACNA,2012,MASCULINO MENOR DE 18 AÑOS,28
TACNA,2012,MASCULINO ENTRE 19 A 25 AÑOS,466
TACNA,2012,MASCULINO ENTRE 26 Y 60 AÑOS,1304
TACNA,2012,MASCULINO ENTRE 60 AÑOS A MÁS,148
TACNA,2012,FEMENINO MENOR DE 18 AÑOS,5
TACNA,2012,FEMENINO ENTRE 19 A 25 AÑOS,26
TACNA,2012,FEMENINO ENTRE 26 A 60 AÑOS,84
TACNA,2012,FEMENINO ENTRE 60 AÑOS A MÁS,2
TACNA,2012,LICENCIA PROFESIONAL,1112
TACNA,2012,LICENCIA PARTICULAR,661
TACNA,2012,LICENCIA MILITAR,4
TACNA,2012,SIN LICENCIA,255
TACNA,2012,OTROS (NO TIENE LICENCIA O NO CORRESPONDE AL TIPO DE VEHÍCULO),31
TACNA,2013,MASCULINO MENOR DE 18 AÑOS,4
TACNA,2013,MASCULINO ENTRE 19 A 25 AÑOS,600
TACNA,2013,MASCULINO ENTRE 26 Y 60 AÑOS,1537
TACNA,2013,MASCULINO ENTRE 60 AÑOS A MÁS,100
TACNA,2013,FEMENINO MENOR DE 18 AÑOS,0
TACNA,2013,FEMENINO ENTRE 19 A 25 AÑOS,36
TACNA,2013,FEMENINO ENTRE 26 A 60 AÑOS,36
TACNA,2013,FEMENINO ENTRE 60 AÑOS A MÁS,3
TACNA,2013,LICENCIA PROFESIONAL,1003
TACNA,2013,LICENCIA PARTICULAR,1139
TACNA,2013,LICENCIA MILITAR,1
TACNA,2013,SIN LICENCIA,153
TACNA,2013,OTROS (NO TIENE LICENCIA O NO CORRESPONDE AL TIPO DE VEHÍCULO),20
TACNA,2014,MASCULINO MENOR DE 18 AÑOS,1
TACNA,2014,MASCULINO ENTRE 19 A 25 AÑOS,513
TACNA,2014,MASCULINO ENTRE 26 Y 60 AÑOS,1198
TACNA,2014,MASCULINO ENTRE 60 AÑOS A MÁS,234
TACNA,2014,FEMENINO MENOR DE 18 AÑOS,0
TACNA,2014,FEMENINO ENTRE 19 A 25 AÑOS,6
TACNA,2014,FEMENINO ENTRE 26 A 60 AÑOS,49
TACNA,2014,FEMENINO ENTRE 60 AÑOS A MÁS,1
TACNA,2014,LICENCIA PROFESIONAL,726
TACNA,2014,LICENCIA PARTICULAR,996
TACNA,2014,LICENCIA MILITAR,13
TACNA,2014,SIN LICENCIA,159
TACNA,2014,OTROS (NO TIENE LICENCIA O NO CORRESPONDE AL TIPO DE VEHÍCULO),108
TACNA,2015,MASCULINO MENOR DE 18 AÑOS,1
TACNA,2015,MASCULINO ENTRE 19 A 25 AÑOS,543
TACNA,2015,MASCULINO ENTRE 26 Y 60 AÑOS,886
TACNA,2015,MASCULINO ENTRE 60 AÑOS A MÁS,162
TACNA,2015,FEMENINO MENOR DE 18 AÑOS,1
TACNA,2015,FEMENINO ENTRE 19 A 25 AÑOS,29
TACNA,2015,FEMENINO ENTRE 26 A 60 AÑOS,61
TACNA,2015,FEMENINO ENTRE 60 AÑOS A MÁS,7
TACNA,2015,SE DESCONOCE POR FUGA,4
TACNA,2015,LICENCIA PROFESIONAL,557
TACNA,2015,LICENCIA PARTICULAR,890
TACNA,2015,LICENCIA MILITAR,11
TACNA,2015,SIN LICENCIA,82
TACNA,2015,LICENCIA DE VEHÍCULO MENOR,108
TACNA,2015,LICENCIA EXTRANJERA,1
TACNA,2015,OTROS (NO TIENE LICENCIA O NO CORRESPONDE AL TIPO DE VEHÍCULO),45
TACNA,2016,MASCULINO MENOR DE 18 AÑOS,5
TACNA,2016,MASCULINO ENTRE 19 A 25 AÑOS,422
TACNA,2016,MASCULINO ENTRE 26 Y 60 AÑOS,699
TACNA,2016,MASCULINO ENTRE 60 AÑOS A MÁS,104
TACNA,2016,FEMENINO MENOR DE 18 AÑOS,0
TACNA,2016,FEMENINO ENTRE 19 A 25 AÑOS,26
TACNA,2016,FEMENINO ENTRE 26 A 60 AÑOS,28
TACNA,2016,FEMENINO ENTRE 60 AÑOS A MÁS,3
TACNA,2016,SE DESCONOCE POR FUGA,1
TACNA,2016,LICENCIA PROFESIONAL,613
TACNA,2016,LICENCIA PARTICULAR,525
TACNA,2016,LICENCIA MILITAR,0
TACNA,2016,SIN LICENCIA,67
TACNA,2016,LICENCIA DE VEHÍCULO MENOR,67
TACNA,2016,LICENCIA EXTRANJERA,7
TACNA,2016,OTROS (NO TIENE LICENCIA O NO CORRESPONDE AL TIPO DE VEHÍCULO),9
TACNA,2017,MASCULINO MENOR ENTRE 13 Y 18 AÑOS,2
TACNA,2017,MASCULINO ENTRE 19 A 25 AÑOS,223
TACNA,2017,MASCULINO ENTRE 26 Y 60 AÑOS,722
TACNA,2017,MASCULINO ENTRE 60 AÑOS A MÁS,102
TACNA,2017,FEMENINO MENOR ENTRE 13 Y 18 AÑOS,0
TACNA,2017,FEMENINO ENTRE 19 A 25 AÑOS,12
TACNA,2017,FEMENINO ENTRE 26 A 60 AÑOS,40
TACNA,2017,FEMENINO ENTRE 60 AÑOS A MÁS,8
TACNA,2017,SE DESCONOCE POR FUGA,7
TACNA,2017,LICENCIA PROFESIONAL,512
TACNA,2017,LICENCIA PARTICULAR,499
TACNA,2017,LICENCIA MILITAR,5
TACNA,2017,SIN LICENCIA,12
TACNA,2017,LICENCIA DE VEHÍCULO MENOR,59
TACNA,2017,LICENCIA EXTRANJERA,0
TACNA,2017,OTROS (NO TIENE LICENCIA O NO CORRESPONDE AL TIPO DE VEHÍCULO),29
TACNA,2018,ENTRE 12 Y 17 AÑOS,0
TACNA,2018,ENTRE 18 A 29 AÑOS,431
TACNA,2018,ENTRE 30 Y 59 AÑOS,753
TACNA,2018,ENTRE 60 AÑOS A MÁS,57
TACNA,2018,ENTRE 12 Y 17 AÑOS,0
TACNA,2018,ENTRE 18 A 29 AÑOS,17
TACNA,2018,ENTRE 30 Y 59 AÑOS,58
TACNA,2018,ENTRE 60 AÑOS A MÁS,1
TACNA,2018,LICENCIA PROFESIONAL,277
TACNA,2018,LICENCIA PARTICULAR,796
TACNA,2018,LICENCIA MILITAR,32
TACNA,2018,SIN LICENCIA,127
TACNA,2018,LICENCIA DE VEHÍCULO MENOR,105
TACNA,2018,LICENCIA EXTRANJERA,1
TACNA,2019,ENTRE 12 Y 17 AÑOS,15
TACNA,2019,ENTRE 18 A 29 AÑOS,575
TACNA,2019,ENTRE 30 Y 59 AÑOS,907
TACNA,2019,ENTRE 60 AÑOS A MÁS,106
TACNA,2019,ENTRE 12 Y 17 AÑOS,30
TACNA,2019,ENTRE 18 A 29 AÑOS,34
TACNA,2019,ENTRE 30 Y 59 AÑOS,95
TACNA,2019,ENTRE 60 AÑOS A MÁS,0
TACNA,2019,LICENCIA PROFESIONAL,704
TACNA,2019,LICENCIA PARTICULAR,795
TACNA,2019,LICENCIA MILITAR,54
TACNA,2019,SIN LICENCIA,82
TACNA,2019,LICENCIA DE VEHÍCULO MENOR,157
TACNA,2019,LICENCIA EXTRANJERA,5
TACNA,2020,ENTRE 12 Y 17 AÑOS,2
TACNA,2020,ENTRE 18 A 29 AÑOS,364
TACNA,2020,ENTRE 30 Y 59 AÑOS,457
TACNA,2020,ENTRE 60 AÑOS A MÁS,76
TACNA,2020,ENTRE 12 Y 17 AÑOS,0
TACNA,2020,ENTRE 18 A 29 AÑOS,30
TACNA,2020,ENTRE 30 Y 59 AÑOS,52
TACNA,2020,ENTRE 60 AÑOS A MÁS,1
TACNA,2020,LICENCIA PROFESIONAL,480
TACNA,2020,LICENCIA PARTICULAR,373
TACNA,2020,LICENCIA MILITAR,12
TACNA,2020,SIN LICENCIA,57
TACNA,2020,LICENCIA DE VEHÍCULO MENOR,69
TACNA,2020,LICENCIA EXTRANJERA,0
TACNA,2021,ENTRE 12 Y 17 AÑOS,2
TACNA,2021,ENTRE 18 A 29 AÑOS,278
TACNA,2021,ENTRE 30 Y 59 AÑOS,610
TACNA,2021,ENTRE 60 AÑOS A MÁS,44
TACNA,2021,ENTRE 12 Y 17 AÑOS,0
TACNA,2021,ENTRE 18 A 29 AÑOS,34
TACNA,2021,ENTRE 30 Y 59 AÑOS,55
TACNA,2021,ENTRE 60 AÑOS A MÁS,2
TACNA,2021,LICENCIA PROFESIONAL,429
TACNA,2021,LICENCIA PARTICULAR,416
TACNA,2021,LICENCIA MILITAR,9
TACNA,2021,SIN LICENCIA,89
TACNA,2021,LICENCIA DE VEHÍCULO MENOR,100
TACNA,2021,LICENCIA EXTRANJERA,0
TACNA,2022,ENTRE 12 Y 17 AÑOS,1
TACNA,2022,ENTRE 18 A 29 AÑOS,301
TACNA,2022,ENTRE 30 Y 59 AÑOS,664
TACNA,2022,ENTRE 60 AÑOS A MÁS,80
TACNA,2022,ENTRE 12 Y 17 AÑOS,0
TACNA,2022,ENTRE 18 A 29 AÑOS,34
TACNA,2022,ENTRE 30 Y 59 AÑOS,59
TACNA,2022,ENTRE 60 AÑOS A MÁS,3
TACNA,2022,LICENCIA PROFESIONAL,469
TACNA,2022,LICENCIA PARTICULAR,458
TACNA,2022,LICENCIA MILITAR,13
TACNA,2022,SIN LICENCIA,86
TACNA,2022,LICENCIA DE VEHÍCULO MENOR,141
TACNA,2022,LICENCIA EXTRANJERA,1
TACNA,2023,ENTRE 12 Y 17 AÑOS,3
TACNA,2023,ENTRE 18 A 29 AÑOS,346
TACNA,2023,ENTRE 30 Y 59 AÑOS,785
TACNA,2023,ENTRE 60 AÑOS A MÁS,61
TACNA,2023,ENTRE 12 Y 17 AÑOS,0
TACNA,2023,ENTRE 18 A 29 AÑOS,28
TACNA,2023,ENTRE 30 Y 59 AÑOS,63
TACNA,2023,ENTRE 60 AÑOS A MÁS,7
TACNA,2023,LICENCIA PROFESIONAL,446
TACNA,2023,LICENCIA PARTICULAR,658
TACNA,2023,LICENCIA MILITAR,6
TACNA,2023,SIN LICENCIA,147
TACNA,2023,LICENCIA DE VEHÍCULO MENOR,1
TACNA,2023,LICENCIA EXTRANJERA,71
TACNA,2024,ENTRE 12 Y 17 AÑOS,5
TACNA,2024,ENTRE 18 A 29 AÑOS,368
TACNA,2024,ENTRE 30 Y 59 AÑOS,892
TACNA,2024,ENTRE 60 AÑOS A MÁS,77
TACNA,2024,ENTRE 12 Y 17 AÑOS,0
TACNA,2024,ENTRE 18 A 29 AÑOS,33
TACNA,2024,ENTRE 30 Y 59 AÑOS,76
TACNA,2024,ENTRE 60 AÑOS A MÁS,6
TACNA,2024,LICENCIA PROFESIONAL,470
TACNA,2024,LICENCIA PARTICULAR,746
TACNA,2024,LICENCIA MILITAR,1
TACNA,2024,SIN LICENCIA,163
TACNA,2024,LICENCIA DE VEHÍCULO MENOR,25
TACNA,2024,LICENCIA EXTRANJERA,105
TUMBES,2008,MASCULINO MENOR DE 18 AÑOS,24
TUMBES,2008,MASCULINO MAYOR DE 18 AÑOS,380
TUMBES,2008,FEMENINO MENOR DE 18 AÑOS,0
TUMBES,2008,FEMENINO MAYOR DE 18 AÑOS,12
TUMBES,2008,LICENCIA PROFESIONAL,171
TUMBES,2008,LICENCIA PARTICULAR,38
TUMBES,2008,LICENCIA MILITAR,2
TUMBES,2008,SIN LICENCIA,170
TUMBES,2008,OTROS (NO TIENE LICENCIA O NO CORRESPONDE AL TIPO DE VEHÍCULO),35
TUMBES,2009,MASCULINO MENOR DE 18 AÑOS,10
TUMBES,2009,MASCULINO MAYOR DE 18 AÑOS,394
TUMBES,2009,FEMENINO MENOR DE 18 AÑOS,2
TUMBES,2009,FEMENINO MAYOR DE 18 AÑOS,10
TUMBES,2009,LICENCIA PROFESIONAL,172
TUMBES,2009,LICENCIA PARTICULAR,49
TUMBES,2009,LICENCIA MILITAR,1
TUMBES,2009,SIN LICENCIA,124
TUMBES,2009,OTROS (NO TIENE LICENCIA O NO CORRESPONDE AL TIPO DE VEHÍCULO),70
TUMBES,2010,MASCULINO MENOR DE 18 AÑOS,8
TUMBES,2010,MASCULINO ENTRE 19 A 25 AÑOS,114
TUMBES,2010,MASCULINO ENTRE 26 Y 60 AÑOS,348
TUMBES,2010,MASCULINO ENTRE 60 AÑOS A MÁS,6
TUMBES,2010,FEMENINO MENOR DE 18 AÑOS,0
TUMBES,2010,FEMENINO ENTRE 19 A 25 AÑOS,2
TUMBES,2010,FEMENINO ENTRE 26 A 60 AÑOS,1
TUMBES,2010,FEMENINO ENTRE 60 AÑOS A MÁS,0
TUMBES,2010,LICENCIA PROFESIONAL,184
TUMBES,2010,LICENCIA PARTICULAR,55
TUMBES,2010,LICENCIA MILITAR,2
TUMBES,2010,SIN LICENCIA,145
TUMBES,2010,OTROS (NO TIENE LICENCIA O NO CORRESPONDE AL TIPO DE VEHÍCULO),93
TUMBES,2011,MASCULINO MENOR DE 18 AÑOS,25
TUMBES,2011,MASCULINO ENTRE 19 A 25 AÑOS,96
TUMBES,2011,MASCULINO ENTRE 26 Y 60 AÑOS,288
TUMBES,2011,MASCULINO ENTRE 60 AÑOS A MÁS,6
TUMBES,2011,FEMENINO MENOR DE 18 AÑOS,9
TUMBES,2011,FEMENINO ENTRE 19 A 25 AÑOS,19
TUMBES,2011,FEMENINO ENTRE 26 A 60 AÑOS,12
TUMBES,2011,FEMENINO ENTRE 60 AÑOS A MÁS,2
TUMBES,2011,LICENCIA PROFESIONAL,138
TUMBES,2011,LICENCIA PARTICULAR,54
TUMBES,2011,LICENCIA MILITAR,45
TUMBES,2011,SIN LICENCIA,110
TUMBES,2011,OTROS (NO TIENE LICENCIA O NO CORRESPONDE AL TIPO DE VEHÍCULO),110
TUMBES,2012,MASCULINO MENOR DE 18 AÑOS,56
TUMBES,2012,MASCULINO ENTRE 19 A 25 AÑOS,315
TUMBES,2012,MASCULINO ENTRE 26 Y 60 AÑOS,325
TUMBES,2012,MASCULINO ENTRE 60 AÑOS A MÁS,29
TUMBES,2012,FEMENINO MENOR DE 18 AÑOS,0
TUMBES,2012,FEMENINO ENTRE 19 A 25 AÑOS,2
TUMBES,2012,FEMENINO ENTRE 26 A 60 AÑOS,0
TUMBES,2012,FEMENINO ENTRE 60 AÑOS A MÁS,0
TUMBES,2012,LICENCIA PROFESIONAL,262
TUMBES,2012,LICENCIA PARTICULAR,60
TUMBES,2012,LICENCIA MILITAR,4
TUMBES,2012,SIN LICENCIA,169
TUMBES,2012,OTROS (NO TIENE LICENCIA O NO CORRESPONDE AL TIPO DE VEHÍCULO),232
TUMBES,2013,MASCULINO MENOR DE 18 AÑOS,22
TUMBES,2013,MASCULINO ENTRE 19 A 25 AÑOS,224
TUMBES,2013,MASCULINO ENTRE 26 Y 60 AÑOS,412
TUMBES,2013,MASCULINO ENTRE 60 AÑOS A MÁS,52
TUMBES,2013,FEMENINO MENOR DE 18 AÑOS,0
TUMBES,2013,FEMENINO ENTRE 19 A 25 AÑOS,3
TUMBES,2013,FEMENINO ENTRE 26 A 60 AÑOS,5
TUMBES,2013,FEMENINO ENTRE 60 AÑOS A MÁS,0
TUMBES,2013,LICENCIA PROFESIONAL,311
TUMBES,2013,LICENCIA PARTICULAR,45
TUMBES,2013,LICENCIA MILITAR,3
TUMBES,2013,SIN LICENCIA,123
TUMBES,2013,OTROS (NO TIENE LICENCIA O NO CORRESPONDE AL TIPO DE VEHÍCULO),236
TUMBES,2014,MASCULINO MENOR DE 18 AÑOS,12
TUMBES,2014,MASCULINO ENTRE 19 A 25 AÑOS,184
TUMBES,2014,MASCULINO ENTRE 26 Y 60 AÑOS,418
TUMBES,2014,MASCULINO ENTRE 60 AÑOS A MÁS,43
TUMBES,2014,FEMENINO MENOR DE 18 AÑOS,0
TUMBES,2014,FEMENINO ENTRE 19 A 25 AÑOS,2
TUMBES,2014,FEMENINO ENTRE 26 A 60 AÑOS,3
TUMBES,2014,FEMENINO ENTRE 60 AÑOS A MÁS,2
TUMBES,2014,LICENCIA PROFESIONAL,233
TUMBES,2014,LICENCIA PARTICULAR,116
TUMBES,2014,LICENCIA MILITAR,9
TUMBES,2014,SIN LICENCIA,87
TUMBES,2014,OTROS (NO TIENE LICENCIA O NO CORRESPONDE AL TIPO DE VEHÍCULO),219
TUMBES,2015,MASCULINO MENOR DE 18 AÑOS,13
TUMBES,2015,MASCULINO ENTRE 19 A 25 AÑOS,167
TUMBES,2015,MASCULINO ENTRE 26 Y 60 AÑOS,410
TUMBES,2015,MASCULINO ENTRE 60 AÑOS A MÁS,42
TUMBES,2015,FEMENINO MENOR DE 18 AÑOS,0
TUMBES,2015,FEMENINO ENTRE 19 A 25 AÑOS,5
TUMBES,2015,FEMENINO ENTRE 26 A 60 AÑOS,12
TUMBES,2015,FEMENINO ENTRE 60 AÑOS A MÁS,2
TUMBES,2015,SE DESCONOCE POR FUGA,18
TUMBES,2015,LICENCIA PROFESIONAL,216
TUMBES,2015,LICENCIA PARTICULAR,141
TUMBES,2015,LICENCIA MILITAR,9
TUMBES,2015,SIN LICENCIA,99
TUMBES,2015,LICENCIA DE VEHÍCULO MENOR,181
TUMBES,2015,LICENCIA EXTRANJERA,5
TUMBES,2015,OTROS (NO TIENE LICENCIA O NO CORRESPONDE AL TIPO DE VEHÍCULO),18
TUMBES,2016,MASCULINO MENOR DE 18 AÑOS,20
TUMBES,2016,MASCULINO ENTRE 19 A 25 AÑOS,243
TUMBES,2016,MASCULINO ENTRE 26 Y 60 AÑOS,515
TUMBES,2016,MASCULINO ENTRE 60 AÑOS A MÁS,34
TUMBES,2016,FEMENINO MENOR DE 18 AÑOS,4
TUMBES,2016,FEMENINO ENTRE 19 A 25 AÑOS,3
TUMBES,2016,FEMENINO ENTRE 26 A 60 AÑOS,7
TUMBES,2016,FEMENINO ENTRE 60 AÑOS A MÁS,2
TUMBES,2016,SE DESCONOCE POR FUGA,31
TUMBES,2016,LICENCIA PROFESIONAL,259
TUMBES,2016,LICENCIA PARTICULAR,154
TUMBES,2016,LICENCIA MILITAR,2
TUMBES,2016,SIN LICENCIA,81
TUMBES,2016,LICENCIA DE VEHÍCULO MENOR,309
TUMBES,2016,LICENCIA EXTRANJERA,1
TUMBES,2016,OTROS (NO TIENE LICENCIA O NO CORRESPONDE AL TIPO DE VEHÍCULO),53
TUMBES,2017,MASCULINO MENOR ENTRE 13 Y 18 AÑOS,17
TUMBES,2017,MASCULINO ENTRE 19 A 25 AÑOS,185
TUMBES,2017,MASCULINO ENTRE 26 Y 60 AÑOS,454
TUMBES,2017,MASCULINO ENTRE 60 AÑOS A MÁS,31
TUMBES,2017,FEMENINO MENOR ENTRE 13 Y 18 AÑOS,2
TUMBES,2017,FEMENINO ENTRE 19 A 25 AÑOS,3
TUMBES,2017,FEMENINO ENTRE 26 A 60 AÑOS,13
TUMBES,2017,FEMENINO ENTRE 60 AÑOS A MÁS,2
TUMBES,2017,SE DESCONOCE POR FUGA,24
TUMBES,2017,LICENCIA PROFESIONAL,147
TUMBES,2017,LICENCIA PARTICULAR,228
TUMBES,2017,LICENCIA MILITAR,3
TUMBES,2017,SIN LICENCIA,75
TUMBES,2017,LICENCIA DE VEHÍCULO MENOR,249
TUMBES,2017,LICENCIA EXTRANJERA,0
TUMBES,2017,OTROS (NO TIENE LICENCIA O NO CORRESPONDE AL TIPO DE VEHÍCULO),29
TUMBES,2018,ENTRE 12 Y 17 AÑOS,14
TUMBES,2018,ENTRE 18 A 29 AÑOS,238
TUMBES,2018,ENTRE 30 Y 59 AÑOS,388
TUMBES,2018,ENTRE 60 AÑOS A MÁS,34
TUMBES,2018,ENTRE 12 Y 17 AÑOS,0
TUMBES,2018,ENTRE 18 A 29 AÑOS,19
TUMBES,2018,ENTRE 30 Y 59 AÑOS,29
TUMBES,2018,ENTRE 60 AÑOS A MÁS,1
TUMBES,2018,LICENCIA PROFESIONAL,154
TUMBES,2018,LICENCIA PARTICULAR,202
TUMBES,2018,LICENCIA MILITAR,1
TUMBES,2018,SIN LICENCIA,139
TUMBES,2018,LICENCIA DE VEHÍCULO MENOR,264
TUMBES,2018,LICENCIA EXTRANJERA,7
TUMBES,2019,ENTRE 12 Y 17 AÑOS,11
TUMBES,2019,ENTRE 18 A 29 AÑOS,195
TUMBES,2019,ENTRE 30 Y 59 AÑOS,309
TUMBES,2019,ENTRE 60 AÑOS A MÁS,16
TUMBES,2019,ENTRE 12 Y 17 AÑOS,1
TUMBES,2019,ENTRE 18 A 29 AÑOS,6
TUMBES,2019,ENTRE 30 Y 59 AÑOS,11
TUMBES,2019,ENTRE 60 AÑOS A MÁS,0
TUMBES,2019,LICENCIA PROFESIONAL,92
TUMBES,2019,LICENCIA PARTICULAR,158
TUMBES,2019,LICENCIA MILITAR,10
TUMBES,2019,SIN LICENCIA,117
TUMBES,2019,LICENCIA DE VEHÍCULO MENOR,203
TUMBES,2019,LICENCIA EXTRANJERA,3
TUMBES,2020,ENTRE 12 Y 17 AÑOS,7
TUMBES,2020,ENTRE 18 A 29 AÑOS,115
TUMBES,2020,ENTRE 30 Y 59 AÑOS,190
TUMBES,2020,ENTRE 60 AÑOS A MÁS,15
TUMBES,2020,ENTRE 12 Y 17 AÑOS,0
TUMBES,2020,ENTRE 18 A 29 AÑOS,12
TUMBES,2020,ENTRE 30 Y 59 AÑOS,13
TUMBES,2020,ENTRE 60 AÑOS A MÁS,3
TUMBES,2020,LICENCIA PROFESIONAL,61
TUMBES,2020,LICENCIA PARTICULAR,104
TUMBES,2020,LICENCIA MILITAR,1
TUMBES,2020,SIN LICENCIA,56
TUMBES,2020,LICENCIA DE VEHÍCULO MENOR,152
TUMBES,2020,LICENCIA EXTRANJERA,0
TUMBES,2021,ENTRE 12 Y 17 AÑOS,13
TUMBES,2021,ENTRE 18 A 29 AÑOS,241
TUMBES,2021,ENTRE 30 Y 59 AÑOS,254
TUMBES,2021,ENTRE 60 AÑOS A MÁS,38
TUMBES,2021,ENTRE 12 Y 17 AÑOS,1
TUMBES,2021,ENTRE 18 A 29 AÑOS,10
TUMBES,2021,ENTRE 30 Y 59 AÑOS,12
TUMBES,2021,ENTRE 60 AÑOS A MÁS,0
TUMBES,2021,LICENCIA PROFESIONAL,80
TUMBES,2021,LICENCIA PARTICULAR,176
TUMBES,2021,LICENCIA MILITAR,10
TUMBES,2021,SIN LICENCIA,78
TUMBES,2021,LICENCIA DE VEHÍCULO MENOR,236
TUMBES,2021,LICENCIA EXTRANJERA,1
TUMBES,2022,ENTRE 12 Y 17 AÑOS,16
TUMBES,2022,ENTRE 18 A 29 AÑOS,192
TUMBES,2022,ENTRE 30 Y 59 AÑOS,252
TUMBES,2022,ENTRE 60 AÑOS A MÁS,41
TUMBES,2022,ENTRE 12 Y 17 AÑOS,0
TUMBES,2022,ENTRE 18 A 29 AÑOS,8
TUMBES,2022,ENTRE 30 Y 59 AÑOS,10
TUMBES,2022,ENTRE 60 AÑOS A MÁS,0
TUMBES,2022,LICENCIA PROFESIONAL,64
TUMBES,2022,LICENCIA PARTICULAR,127
TUMBES,2022,LICENCIA MILITAR,10
TUMBES,2022,SIN LICENCIA,86
TUMBES,2022,LICENCIA DE VEHÍCULO MENOR,259
TUMBES,2022,LICENCIA EXTRANJERA,0
TUMBES,2023,ENTRE 12 Y 17 AÑOS,8
TUMBES,2023,ENTRE 18 A 29 AÑOS,119
TUMBES,2023,ENTRE 30 Y 59 AÑOS,228
TUMBES,2023,ENTRE 60 AÑOS A MÁS,32
TUMBES,2023,ENTRE 12 Y 17 AÑOS,1
TUMBES,2023,ENTRE 18 A 29 AÑOS,11
TUMBES,2023,ENTRE 30 Y 59 AÑOS,14
TUMBES,2023,ENTRE 60 AÑOS A MÁS,1
TUMBES,2023,LICENCIA PROFESIONAL,44
TUMBES,2023,LICENCIA PARTICULAR,161
TUMBES,2023,LICENCIA MILITAR,3
TUMBES,2023,SIN LICENCIA,167
TUMBES,2023,LICENCIA DE VEHÍCULO MENOR,1
TUMBES,2023,LICENCIA EXTRANJERA,65
TUMBES,2024,ENTRE 12 Y 17 AÑOS,11
TUMBES,2024,ENTRE 18 A 29 AÑOS,111
TUMBES,2024,ENTRE 30 Y 59 AÑOS,189
TUMBES,2024,ENTRE 60 AÑOS A MÁS,27
TUMBES,2024,ENTRE 12 Y 17 AÑOS,1
TUMBES,2024,ENTRE 18 A 29 AÑOS,28
TUMBES,2024,ENTRE 30 Y 59 AÑOS,28
TUMBES,2024,ENTRE 60 AÑOS A MÁS,0
TUMBES,2024,LICENCIA PROFESIONAL,29
TUMBES,2024,LICENCIA PARTICULAR,157
TUMBES,2024,LICENCIA MILITAR,5
TUMBES,2024,SIN LICENCIA,124
TUMBES,2024,LICENCIA DE VEHÍCULO MENOR,0
TUMBES,2024,LICENCIA EXTRANJERA,102
UCAYALI,2008,MASCULINO MENOR DE 18 AÑOS,460
UCAYALI,2008,MASCULINO MAYOR DE 18 AÑOS,885
UCAYALI,2008,FEMENINO MENOR DE 18 AÑOS,160
UCAYALI,2008,FEMENINO MAYOR DE 18 AÑOS,162
UCAYALI,2008,LICENCIA PROFESIONAL,423
UCAYALI,2008,LICENCIA PARTICULAR,709
UCAYALI,2008,LICENCIA MILITAR,35
UCAYALI,2008,SIN LICENCIA,492
UCAYALI,2008,OTROS (NO TIENE LICENCIA O NO CORRESPONDE AL TIPO DE VEHÍCULO),8
UCAYALI,2009,MASCULINO MENOR DE 18 AÑOS,415
UCAYALI,2009,MASCULINO MAYOR DE 18 AÑOS,859
UCAYALI,2009,FEMENINO MENOR DE 18 AÑOS,57
UCAYALI,2009,FEMENINO MAYOR DE 18 AÑOS,67
UCAYALI,2009,LICENCIA PROFESIONAL,399
UCAYALI,2009,LICENCIA PARTICULAR,490
UCAYALI,2009,LICENCIA MILITAR,31
UCAYALI,2009,SIN LICENCIA,478
UCAYALI,2009,OTROS (NO TIENE LICENCIA O NO CORRESPONDE AL TIPO DE VEHÍCULO),0
UCAYALI,2010,MASCULINO MENOR DE 18 AÑOS,119
UCAYALI,2010,MASCULINO ENTRE 19 A 25 AÑOS,817
UCAYALI,2010,MASCULINO ENTRE 26 Y 60 AÑOS,345
UCAYALI,2010,MASCULINO ENTRE 60 AÑOS A MÁS,57
UCAYALI,2010,FEMENINO MENOR DE 18 AÑOS,13
UCAYALI,2010,FEMENINO ENTRE 19 A 25 AÑOS,117
UCAYALI,2010,FEMENINO ENTRE 26 A 60 AÑOS,54
UCAYALI,2010,FEMENINO ENTRE 60 AÑOS A MÁS,0
UCAYALI,2010,LICENCIA PROFESIONAL,498
UCAYALI,2010,LICENCIA PARTICULAR,447
UCAYALI,2010,LICENCIA MILITAR,33
UCAYALI,2010,SIN LICENCIA,539
UCAYALI,2010,OTROS (NO TIENE LICENCIA O NO CORRESPONDE AL TIPO DE VEHÍCULO),5
UCAYALI,2011,MASCULINO MENOR DE 18 AÑOS,75
UCAYALI,2011,MASCULINO ENTRE 19 A 25 AÑOS,245
UCAYALI,2011,MASCULINO ENTRE 26 Y 60 AÑOS,709
UCAYALI,2011,MASCULINO ENTRE 60 AÑOS A MÁS,220
UCAYALI,2011,FEMENINO MENOR DE 18 AÑOS,15
UCAYALI,2011,FEMENINO ENTRE 19 A 25 AÑOS,74
UCAYALI,2011,FEMENINO ENTRE 26 A 60 AÑOS,62
UCAYALI,2011,FEMENINO ENTRE 60 AÑOS A MÁS,25
UCAYALI,2011,LICENCIA PROFESIONAL,398
UCAYALI,2011,LICENCIA PARTICULAR,373
UCAYALI,2011,LICENCIA MILITAR,12
UCAYALI,2011,SIN LICENCIA,600
UCAYALI,2011,OTROS (NO TIENE LICENCIA O NO CORRESPONDE AL TIPO DE VEHÍCULO),42
UCAYALI,2012,MASCULINO MENOR DE 18 AÑOS,91
UCAYALI,2012,MASCULINO ENTRE 19 A 25 AÑOS,483
UCAYALI,2012,MASCULINO ENTRE 26 Y 60 AÑOS,740
UCAYALI,2012,MASCULINO ENTRE 60 AÑOS A MÁS,172
UCAYALI,2012,FEMENINO MENOR DE 18 AÑOS,43
UCAYALI,2012,FEMENINO ENTRE 19 A 25 AÑOS,99
UCAYALI,2012,FEMENINO ENTRE 26 A 60 AÑOS,37
UCAYALI,2012,FEMENINO ENTRE 60 AÑOS A MÁS,16
UCAYALI,2012,LICENCIA PROFESIONAL,535
UCAYALI,2012,LICENCIA PARTICULAR,418
UCAYALI,2012,LICENCIA MILITAR,6
UCAYALI,2012,SIN LICENCIA,642
UCAYALI,2012,OTROS (NO TIENE LICENCIA O NO CORRESPONDE AL TIPO DE VEHÍCULO),80
UCAYALI,2013,MASCULINO MENOR DE 18 AÑOS,64
UCAYALI,2013,MASCULINO ENTRE 19 A 25 AÑOS,349
UCAYALI,2013,MASCULINO ENTRE 26 Y 60 AÑOS,599
UCAYALI,2013,MASCULINO ENTRE 60 AÑOS A MÁS,190
UCAYALI,2013,FEMENINO MENOR DE 18 AÑOS,67
UCAYALI,2013,FEMENINO ENTRE 19 A 25 AÑOS,119
UCAYALI,2013,FEMENINO ENTRE 26 A 60 AÑOS,75
UCAYALI,2013,FEMENINO ENTRE 60 AÑOS A MÁS,7
UCAYALI,2013,LICENCIA PROFESIONAL,536
UCAYALI,2013,LICENCIA PARTICULAR,270
UCAYALI,2013,LICENCIA MILITAR,18
UCAYALI,2013,SIN LICENCIA,610
UCAYALI,2013,OTROS (NO TIENE LICENCIA O NO CORRESPONDE AL TIPO DE VEHÍCULO),36
UCAYALI,2014,MASCULINO MENOR DE 18 AÑOS,76
UCAYALI,2014,MASCULINO ENTRE 19 A 25 AÑOS,444
UCAYALI,2014,MASCULINO ENTRE 26 Y 60 AÑOS,587
UCAYALI,2014,MASCULINO ENTRE 60 AÑOS A MÁS,112
UCAYALI,2014,FEMENINO MENOR DE 18 AÑOS,11
UCAYALI,2014,FEMENINO ENTRE 19 A 25 AÑOS,79
UCAYALI,2014,FEMENINO ENTRE 26 A 60 AÑOS,68
UCAYALI,2014,FEMENINO ENTRE 60 AÑOS A MÁS,11
UCAYALI,2014,LICENCIA PROFESIONAL,461
UCAYALI,2014,LICENCIA PARTICULAR,402
UCAYALI,2014,LICENCIA MILITAR,64
UCAYALI,2014,SIN LICENCIA,258
UCAYALI,2014,OTROS (NO TIENE LICENCIA O NO CORRESPONDE AL TIPO DE VEHÍCULO),203
UCAYALI,2015,MASCULINO MENOR DE 18 AÑOS,66
UCAYALI,2015,MASCULINO ENTRE 19 A 25 AÑOS,208
UCAYALI,2015,MASCULINO ENTRE 26 Y 60 AÑOS,432
UCAYALI,2015,MASCULINO ENTRE 60 AÑOS A MÁS,90
UCAYALI,2015,FEMENINO MENOR DE 18 AÑOS,32
UCAYALI,2015,FEMENINO ENTRE 19 A 25 AÑOS,33
UCAYALI,2015,FEMENINO ENTRE 26 A 60 AÑOS,52
UCAYALI,2015,FEMENINO ENTRE 60 AÑOS A MÁS,12
UCAYALI,2015,SE DESCONOCE POR FUGA,25
UCAYALI,2015,LICENCIA PROFESIONAL,296
UCAYALI,2015,LICENCIA PARTICULAR,194
UCAYALI,2015,LICENCIA MILITAR,27
UCAYALI,2015,SIN LICENCIA,259
UCAYALI,2015,LICENCIA DE VEHÍCULO MENOR,72
UCAYALI,2015,LICENCIA EXTRANJERA,10
UCAYALI,2015,OTROS (NO TIENE LICENCIA O NO CORRESPONDE AL TIPO DE VEHÍCULO),92
UCAYALI,2016,MASCULINO MENOR DE 18 AÑOS,20
UCAYALI,2016,MASCULINO ENTRE 19 A 25 AÑOS,116
UCAYALI,2016,MASCULINO ENTRE 26 Y 60 AÑOS,279
UCAYALI,2016,MASCULINO ENTRE 60 AÑOS A MÁS,51
UCAYALI,2016,FEMENINO MENOR DE 18 AÑOS,14
UCAYALI,2016,FEMENINO ENTRE 19 A 25 AÑOS,11
UCAYALI,2016,FEMENINO ENTRE 26 A 60 AÑOS,49
UCAYALI,2016,FEMENINO ENTRE 60 AÑOS A MÁS,5
UCAYALI,2016,SE DESCONOCE POR FUGA,15
UCAYALI,2016,LICENCIA PROFESIONAL,129
UCAYALI,2016,LICENCIA PARTICULAR,152
UCAYALI,2016,LICENCIA MILITAR,5
UCAYALI,2016,SIN LICENCIA,114
UCAYALI,2016,LICENCIA DE VEHÍCULO MENOR,132
UCAYALI,2016,LICENCIA EXTRANJERA,11
UCAYALI,2016,OTROS (NO TIENE LICENCIA O NO CORRESPONDE AL TIPO DE VEHÍCULO),17
UCAYALI,2017,MASCULINO MENOR ENTRE 13 Y 18 AÑOS,10
UCAYALI,2017,MASCULINO ENTRE 19 A 25 AÑOS,129
UCAYALI,2017,MASCULINO ENTRE 26 Y 60 AÑOS,299
UCAYALI,2017,MASCULINO ENTRE 60 AÑOS A MÁS,54
UCAYALI,2017,FEMENINO MENOR ENTRE 13 Y 18 AÑOS,1
UCAYALI,2017,FEMENINO ENTRE 19 A 25 AÑOS,9
UCAYALI,2017,FEMENINO ENTRE 26 A 60 AÑOS,20
UCAYALI,2017,FEMENINO ENTRE 60 AÑOS A MÁS,4
UCAYALI,2017,SE DESCONOCE POR FUGA,92
UCAYALI,2017,LICENCIA PROFESIONAL,75
UCAYALI,2017,LICENCIA PARTICULAR,134
UCAYALI,2017,LICENCIA MILITAR,1
UCAYALI,2017,SIN LICENCIA,157
UCAYALI,2017,LICENCIA DE VEHÍCULO MENOR,91
UCAYALI,2017,LICENCIA EXTRANJERA,5
UCAYALI,2017,OTROS (NO TIENE LICENCIA O NO CORRESPONDE AL TIPO DE VEHÍCULO),155
UCAYALI,2018,ENTRE 12 Y 17 AÑOS,15
UCAYALI,2018,ENTRE 18 A 29 AÑOS,305
UCAYALI,2018,ENTRE 30 Y 59 AÑOS,392
UCAYALI,2018,ENTRE 60 AÑOS A MÁS,46
UCAYALI,2018,ENTRE 12 Y 17 AÑOS,0
UCAYALI,2018,ENTRE 18 A 29 AÑOS,42
UCAYALI,2018,ENTRE 30 Y 59 AÑOS,66
UCAYALI,2018,ENTRE 60 AÑOS A MÁS,3
UCAYALI,2018,LICENCIA PROFESIONAL,52
UCAYALI,2018,LICENCIA PARTICULAR,267
UCAYALI,2018,LICENCIA MILITAR,5
UCAYALI,2018,SIN LICENCIA,290
UCAYALI,2018,LICENCIA DE VEHÍCULO MENOR,272
UCAYALI,2018,LICENCIA EXTRANJERA,0
UCAYALI,2019,ENTRE 12 Y 17 AÑOS,13
UCAYALI,2019,ENTRE 18 A 29 AÑOS,266
UCAYALI,2019,ENTRE 30 Y 59 AÑOS,375
UCAYALI,2019,ENTRE 60 AÑOS A MÁS,24
UCAYALI,2019,ENTRE 12 Y 17 AÑOS,0
UCAYALI,2019,ENTRE 18 A 29 AÑOS,78
UCAYALI,2019,ENTRE 30 Y 59 AÑOS,78
UCAYALI,2019,ENTRE 60 AÑOS A MÁS,0
UCAYALI,2019,LICENCIA PROFESIONAL,41
UCAYALI,2019,LICENCIA PARTICULAR,219
UCAYALI,2019,LICENCIA MILITAR,18
UCAYALI,2019,SIN LICENCIA,215
UCAYALI,2019,LICENCIA DE VEHÍCULO MENOR,344
UCAYALI,2019,LICENCIA EXTRANJERA,3
UCAYALI,2020,ENTRE 12 Y 17 AÑOS,19
UCAYALI,2020,ENTRE 18 A 29 AÑOS,214
UCAYALI,2020,ENTRE 30 Y 59 AÑOS,318
UCAYALI,2020,ENTRE 60 AÑOS A MÁS,20
UCAYALI,2020,ENTRE 12 Y 17 AÑOS,0
UCAYALI,2020,ENTRE 18 A 29 AÑOS,41
UCAYALI,2020,ENTRE 30 Y 59 AÑOS,57
UCAYALI,2020,ENTRE 60 AÑOS A MÁS,0
UCAYALI,2020,LICENCIA PROFESIONAL,35
UCAYALI,2020,LICENCIA PARTICULAR,170
UCAYALI,2020,LICENCIA MILITAR,2
UCAYALI,2020,SIN LICENCIA,169
UCAYALI,2020,LICENCIA DE VEHÍCULO MENOR,292
UCAYALI,2020,LICENCIA EXTRANJERA,11
UCAYALI,2021,ENTRE 12 Y 17 AÑOS,10
UCAYALI,2021,ENTRE 18 A 29 AÑOS,242
UCAYALI,2021,ENTRE 30 Y 59 AÑOS,257
UCAYALI,2021,ENTRE 60 AÑOS A MÁS,29
UCAYALI,2021,ENTRE 12 Y 17 AÑOS,0
UCAYALI,2021,ENTRE 18 A 29 AÑOS,26
UCAYALI,2021,ENTRE 30 Y 59 AÑOS,32
UCAYALI,2021,ENTRE 60 AÑOS A MÁS,1
UCAYALI,2021,LICENCIA PROFESIONAL,88
UCAYALI,2021,LICENCIA PARTICULAR,161
UCAYALI,2021,LICENCIA MILITAR,1
UCAYALI,2021,SIN LICENCIA,155
UCAYALI,2021,LICENCIA DE VEHÍCULO MENOR,188
UCAYALI,2021,LICENCIA EXTRANJERA,5
UCAYALI,2022,ENTRE 12 Y 17 AÑOS,9
UCAYALI,2022,ENTRE 18 A 29 AÑOS,231
UCAYALI,2022,ENTRE 30 Y 59 AÑOS,349
UCAYALI,2022,ENTRE 60 AÑOS A MÁS,35
UCAYALI,2022,ENTRE 12 Y 17 AÑOS,0
UCAYALI,2022,ENTRE 18 A 29 AÑOS,23
UCAYALI,2022,ENTRE 30 Y 59 AÑOS,41
UCAYALI,2022,ENTRE 60 AÑOS A MÁS,0
UCAYALI,2022,LICENCIA PROFESIONAL,41
UCAYALI,2022,LICENCIA PARTICULAR,236
UCAYALI,2022,LICENCIA MILITAR,1
UCAYALI,2022,SIN LICENCIA,132
UCAYALI,2022,LICENCIA DE VEHÍCULO MENOR,288
UCAYALI,2022,LICENCIA EXTRANJERA,0
UCAYALI,2023,ENTRE 12 Y 17 AÑOS,9
UCAYALI,2023,ENTRE 18 A 29 AÑOS,252
UCAYALI,2023,ENTRE 30 Y 59 AÑOS,456
UCAYALI,2023,ENTRE 60 AÑOS A MÁS,57
UCAYALI,2023,ENTRE 12 Y 17 AÑOS,3
UCAYALI,2023,ENTRE 18 A 29 AÑOS,57
UCAYALI,2023,ENTRE 30 Y 59 AÑOS,52
UCAYALI,2023,ENTRE 60 AÑOS A MÁS,3
UCAYALI,2023,LICENCIA PROFESIONAL,24
UCAYALI,2023,LICENCIA PARTICULAR,395
UCAYALI,2023,LICENCIA MILITAR,0
UCAYALI,2023,SIN LICENCIA,275
UCAYALI,2023,LICENCIA DE VEHÍCULO MENOR,1
UCAYALI,2023,LICENCIA EXTRANJERA,213
UCAYALI,2024,ENTRE 12 Y 17 AÑOS,13
UCAYALI,2024,ENTRE 18 A 29 AÑOS,313
UCAYALI,2024,ENTRE 30 Y 59 AÑOS,501
UCAYALI,2024,ENTRE 60 AÑOS A MÁS,48
UCAYALI,2024,ENTRE 12 Y 17 AÑOS,2
UCAYALI,2024,ENTRE 18 A 29 AÑOS,57
UCAYALI,2024,ENTRE 30 Y 59 AÑOS,76
UCAYALI,2024,ENTRE 60 AÑOS A MÁS,0
UCAYALI,2024,LICENCIA PROFESIONAL,30
UCAYALI,2024,LICENCIA PARTICULAR,486
UCAYALI,2024,LICENCIA MILITAR,0
UCAYALI,2024,SIN LICENCIA,292
UCAYALI,2024,LICENCIA DE VEHÍCULO MENOR,4
UCAYALI,2024,LICENCIA EXTRANJERA,307
